ticker,date,open,high,low,close,daily_return,price_range,price_range_pct,ma_7,ma_30,volatility_7d
AAPL,2023-01-03,130.28,130.9,124.17,125.07,,6.730000000000004,5.165796745471296,125.07,125.07,
AAPL,2023-01-04,126.89,128.656,125.08,126.36,0.010314224034540631,3.5760000000000076,2.818188982583346,125.715,125.715,
AAPL,2023-01-05,127.13,127.77,124.76,125.02,-0.010604621715732843,3.009999999999991,2.367655156139378,125.48333333333333,125.48333333333333,0.014791857684613765
AAPL,2023-01-06,126.01,130.29,124.89,129.62,0.03679411294192936,5.3999999999999915,4.28537417665264,126.5175,126.5175,0.023753675754918616
AAPL,2023-01-09,130.465,133.41,129.89,130.15,0.004088875173584361,3.5200000000000102,2.6980416203579582,127.244,127.244,0.019811000874892327
AAPL,2023-01-10,130.26,131.264,128.12,130.73,0.004456396465616574,3.1440000000000055,2.4136342699216993,127.825,127.825,0.017344625189476548
AAPL,2023-01-11,131.25,133.51,130.46,133.49,0.0211122160177466,3.049999999999983,2.323809523809511,128.6342857142857,128.6342857142857,0.016281284997956055
AAPL,2023-01-12,133.88,134.26,131.44,133.41,-0.0005992958274029236,2.819999999999993,2.106363907977288,129.8257142857143,129.23125,0.015498705349416575
AAPL,2023-01-13,132.03,134.92,131.66,134.76,0.01011918147065427,3.259999999999991,2.4691358024691286,131.0257142857143,129.84555555555553,0.015496891725247137
AAPL,2023-01-17,134.83,137.29,134.13,135.94,0.008756307509646843,3.1599999999999966,2.3436920566639445,132.5857142857143,130.45499999999998,0.012845219429724228
AAPL,2023-01-18,136.815,138.61,135.03,135.21,-0.005370016183610327,3.5800000000000125,2.6166721485217357,133.3842857142857,130.88727272727272,0.00848294028419097
AAPL,2023-01-19,134.08,136.25,133.77,135.27,0.0004437541601953754,2.4799999999999898,1.849642004773262,134.1157142857143,131.2525,0.008733747107781546
AAPL,2023-01-20,135.28,138.02,134.22,137.87,0.019220817624011177,3.8000000000000114,2.808988764044952,135.13571428571427,131.76153846153846,0.010098968681250108
AAPL,2023-01-23,138.12,143.315,137.9,141.11,0.023500398926525,5.414999999999992,3.920503909643782,136.2242857142857,132.42928571428573,0.010653899096218548
AAPL,2023-01-24,140.305,143.16,140.3,142.53,0.010063071362766518,2.859999999999985,2.038416307330448,137.52714285714288,133.10266666666666,0.009957276728448183
AAPL,2023-01-25,140.89,142.43,138.81,141.86,-0.00470076475128034,3.6200000000000045,2.569380367662719,138.54142857142855,133.65,0.011297311100200816
AAPL,2023-01-26,143.17,144.25,141.9,143.96,0.014803327224023555,2.3499999999999943,1.6414053223440626,139.68714285714287,134.2564705882353,0.011642774007040807
AAPL,2023-01-27,143.155,147.23,143.08,145.93,0.01368435676576829,4.149999999999977,2.898955677412579,141.21857142857144,134.905,0.010036093431940932
AAPL,2023-01-30,144.955,145.55,142.85,143.0,-0.020078119646405823,2.700000000000017,1.862647028388132,142.32285714285715,135.33105263157896,0.015268038763874009
AAPL,2023-01-31,142.7,144.34,142.28,144.29,0.00902097902097898,2.0600000000000023,1.4435879467414172,143.24,135.779,0.01449360942235214
AAPL,2023-02-01,143.97,146.61,141.32,145.43,0.00790075542310631,5.2900000000000205,3.674376606237425,143.85714285714286,136.23857142857145,0.01253068403396724
AAPL,2023-02-02,148.9,151.18,148.17,150.82,0.03706250429760005,3.0100000000000193,2.021490933512437,145.04142857142858,136.90136363636364,0.017670876804847555
AAPL,2023-02-03,148.03,157.38,147.83,154.5,0.024399946956637164,9.549999999999983,6.451394987502522,146.84714285714287,137.66652173913045,0.017541154627352288
AAPL,2023-02-06,152.575,153.1,150.78,151.73,-0.017928802588996873,2.319999999999993,1.5205636572177574,147.95714285714286,138.2525,0.020845057059349355
AAPL,2023-02-07,150.64,155.23,150.64,154.65,0.019244710999802406,4.590000000000003,3.046999468932557,149.20285714285714,138.9084,0.021212781901735613
AAPL,2023-02-08,153.88,154.58,151.168,151.92,-0.017652764306498647,3.412000000000006,2.217312191317914,150.47714285714284,139.40884615384616,0.020681013819627597
AAPL,2023-02-09,153.775,154.33,150.42,150.87,-0.006911532385465935,3.910000000000025,2.5426759876443015,151.41714285714286,139.83333333333334,0.02152054121253214
AAPL,2023-02-10,149.46,151.34,149.22,151.01,0.0009279512162787551,2.1200000000000045,1.4184397163120597,152.21428571428572,140.23250000000002,0.021610826460427498
AAPL,2023-02-13,150.952,154.26,150.92,153.85,0.018806701542944282,3.3400000000000034,2.212623880438817,152.64714285714285,140.70206896551724,0.01797582469545262
AAPL,2023-02-14,152.12,153.77,150.86,153.2,-0.00422489437764062,2.9099999999999966,1.9129634499079653,152.46142857142857,141.11866666666668,0.015357071559188919
AAPL,2023-02-15,153.11,155.5,152.88,155.33,0.013903394255874835,2.6200000000000045,1.7111880347462638,152.97571428571428,142.12733333333335,0.014215759581567329
AAPL,2023-02-16,153.51,156.33,153.348,153.71,-0.010429408356402492,2.9819999999999993,1.9425444596443224,152.84142857142857,143.03900000000002,0.013098474523617572
AAPL,2023-02-17,152.35,153.0,150.85,152.55,-0.0075466788107474425,2.1500000000000057,1.4112241549064692,152.93142857142857,143.95666666666665,0.011374501028216284
AAPL,2023-02-21,150.2,151.3,148.405,148.48,-0.02667977712225511,2.8950000000000102,1.9274300932090613,152.59,144.58533333333335,0.015329987944393208
AAPL,2023-02-22,148.87,149.95,147.16,148.91,0.002896012931034475,2.789999999999992,1.874118358299182,152.29,145.21066666666667,0.01541425035275262
AAPL,2023-02-23,150.09,150.34,147.24,149.4,0.003290578201598393,3.0999999999999943,2.0654274102205306,151.6542857142857,145.833,0.012841915804426403
AAPL,2023-02-24,147.11,147.19,145.72,146.71,-0.01800535475234266,1.4699999999999989,0.9992522602134448,150.72714285714284,146.27366666666666,0.01387651478319091
AAPL,2023-02-27,147.71,149.17,147.45,147.92,0.008247563219957676,1.7199999999999989,1.16444384266468,149.66857142857143,146.75733333333332,0.012627358321025298
AAPL,2023-02-28,147.05,149.08,146.83,147.41,-0.0034478096268252267,2.25,1.5300918055083303,148.76857142857145,147.17900000000003,0.012576785698502796
AAPL,2023-03-01,146.83,147.229,145.01,145.31,-0.014245980598331154,2.2190000000000225,1.511271538513943,147.73428571428573,147.49133333333333,0.012972341951882724
AAPL,2023-03-02,144.38,146.71,143.9,145.91,0.004129103296400816,2.8100000000000023,1.9462529436210019,147.36714285714285,147.84799999999998,0.010011379914239915
AAPL,2023-03-03,148.045,151.11,147.33,151.03,0.0350901240490713,3.780000000000001,2.5532777196122813,147.67000000000002,148.37333333333336,0.017482618920953336
AAPL,2023-03-06,153.785,156.3,153.46,153.83,0.01853936304045556,2.8400000000000034,1.8467340767955285,148.30285714285714,148.90533333333335,0.018564788979018768
AAPL,2023-03-07,153.7,154.03,151.13,151.6,-0.014496522134824219,2.9000000000000057,1.8867924528301925,149.00142857142856,149.255,0.01789656558277373
AAPL,2023-03-08,152.81,153.47,151.83,152.87,0.008377308707124165,1.6399999999999864,1.0732281918722508,149.70857142857145,149.59966666666665,0.017900760678785533
AAPL,2023-03-09,153.559,154.535,150.225,150.59,-0.014914633348596884,4.310000000000002,2.806738777929006,150.16285714285715,149.89066666666668,0.019259681628407865
AAPL,2023-03-10,150.21,150.94,147.61,148.5,-0.01387874360847341,3.329999999999984,2.216896345116826,150.61857142857144,150.042,0.019204625017736027
AAPL,2023-03-13,147.805,153.14,147.7,150.47,0.013265993265993314,5.439999999999998,3.6805250160684673,151.26999999999998,150.19333333333333,0.019580076228812665
AAPL,2023-03-14,151.28,153.4,150.1,152.59,0.014089187213398136,3.3000000000000114,2.181385510312012,151.49285714285716,150.513,0.015255408771818536
AAPL,2023-03-15,151.19,153.245,149.92,152.99,0.0026214037617144914,3.325000000000017,2.1992195251008777,151.37285714285713,150.803,0.013374585381704584
AAPL,2023-03-16,152.16,156.46,151.64,155.85,0.01869403228969202,4.820000000000022,3.167718191377512,151.98000000000002,151.15033333333335,0.013552551083308433
AAPL,2023-03-17,156.08,156.74,154.28,155.0,-0.005453962143086244,2.460000000000008,1.5761148129164582,152.28428571428572,151.28966666666668,0.013819811776213579
AAPL,2023-03-20,155.07,157.82,154.15,157.4,0.015483870967742064,3.6699999999999875,2.3666731153672456,153.25714285714284,151.38633333333334,0.012287846216296083
AAPL,2023-03-21,157.32,159.4,156.54,159.28,0.011944091486658204,2.8600000000000136,1.8179506737859226,154.79714285714286,151.63799999999998,0.008465970714646978
AAPL,2023-03-22,159.3,162.14,157.81,157.83,-0.009103465595178273,4.329999999999984,2.7181418706842333,155.84857142857143,151.744,0.01093120075330625
AAPL,2023-03-23,158.83,161.55,157.68,158.93,0.006969524171577035,3.8700000000000045,2.4365673991059653,156.75428571428571,151.97766666666666,0.010471989744177282
AAPL,2023-03-24,158.86,160.34,157.85,160.25,0.008305543320958897,2.490000000000009,1.5674178521969087,157.79142857142855,152.29033333333334,0.010397370724708203
AAPL,2023-03-27,159.94,160.77,157.87,158.28,-0.012293291731669265,2.9000000000000057,1.813179942478433,158.13857142857142,152.53266666666664,0.011013721113747365
AAPL,2023-03-28,157.97,158.49,155.98,157.65,-0.003980288097043205,2.5100000000000193,1.5889092865734125,158.5171428571429,152.65933333333336,0.010854526328313543
AAPL,2023-03-29,159.37,161.05,159.35,160.77,0.019790675547098013,1.700000000000017,1.0667001317688505,158.99857142857144,152.91166666666666,0.011796011614810984
AAPL,2023-03-30,161.53,162.47,161.271,162.36,0.009889904832991236,1.1990000000000123,0.7422769764130578,159.43857142857146,153.14600000000002,0.011562280159407985
AAPL,2023-03-31,162.44,165.0,161.91,164.9,0.015644247351564333,3.0900000000000034,1.9022408273824203,160.44857142857146,153.51899999999998,0.011090977357359618
AAPL,2023-04-03,164.27,166.29,164.22,166.17,0.00770163735597329,2.069999999999993,1.2601205332683953,161.48285714285717,153.973,0.01110143449877658
AAPL,2023-04-04,166.595,166.84,165.11,165.63,-0.00324968405849424,1.7299999999999898,1.0384465320087577,162.25142857142856,154.54466666666667,0.01162407588222862
AAPL,2023-04-05,164.74,165.05,161.8,163.76,-0.011290225200748738,3.25,1.972805633118854,163.03428571428572,155.03966666666668,0.011382102708888352
AAPL,2023-04-06,162.43,164.958,162.0,164.66,0.005495847581827196,2.9579999999999984,1.821092162777811,164.03571428571428,155.54833333333335,0.010688174641850918
AAPL,2023-04-10,161.42,162.03,160.08,162.03,-0.015972306571116257,1.9499999999999886,1.2080287448891023,164.21571428571428,156.05900000000003,0.011658796326460538
AAPL,2023-04-11,162.35,162.36,160.51,160.8,-0.007591186817256013,1.8500000000000227,1.1395133969818434,163.99285714285716,156.48833333333334,0.011348849303125104
AAPL,2023-04-12,161.22,162.06,159.78,160.1,-0.0043532338308458485,2.280000000000001,1.4142165984369193,163.30714285714288,156.91133333333332,0.008533666879568993
AAPL,2023-04-13,161.63,165.8,161.42,165.56,0.034103685196752,4.380000000000024,2.709892965414851,163.22,157.58633333333333,0.0166424182272018
AAPL,2023-04-14,164.59,166.32,163.82,165.21,-0.0021140372070548308,2.5,1.518925815663163,163.16000000000003,158.22966666666667,0.016615615233412817
AAPL,2023-04-17,165.09,165.39,164.03,165.23,0.00012105804733364423,1.3599999999999852,0.8237930825610184,163.37000000000003,158.703,0.01589563663576142
AAPL,2023-04-18,166.1,167.41,165.65,166.47,0.007504690431519689,1.759999999999991,1.059602649006617,163.62857142857143,159.1243333333333,0.016000029187935062
AAPL,2023-04-19,165.8,168.16,165.54,167.63,0.006968222502552912,2.6200000000000045,1.5802171290711726,164.42857142857142,159.65866666666668,0.014009448226676536
AAPL,2023-04-20,166.09,167.87,165.56,166.65,-0.005846208912485773,2.3100000000000023,1.3908122102474576,165.26428571428573,160.118,0.01376247912851095
AAPL,2023-04-21,165.05,166.452,164.49,165.02,-0.009780978097809756,1.961999999999989,1.1887306876703962,165.96714285714285,160.59900000000002,0.01452220856580698
AAPL,2023-04-24,165.0,165.6,163.89,165.33,0.0018785601745243685,1.710000000000008,1.0363636363636413,165.93428571428572,161.16,0.006357476581573194
AAPL,2023-04-25,165.19,166.305,163.73,163.77,-0.009435674106332836,2.575000000000017,1.5588110660451704,165.72857142857143,161.60333333333335,0.007265854122321154
AAPL,2023-04-26,163.055,165.28,162.8,163.76,-6.106124442828431e-05,2.4799999999999898,1.5209591855508815,165.51857142857145,161.97566666666665,0.007260545916520104
AAPL,2023-04-27,165.19,168.56,165.19,168.41,0.028395212506106438,3.3700000000000045,2.0400750650765813,165.79571428571427,162.48966666666666,0.01326823481528639
AAPL,2023-04-28,168.49,169.85,167.88,169.68,0.007541119885992487,1.9699999999999989,1.1692088551249324,166.08857142857144,162.95066666666665,0.013307631026848264
AAPL,2023-05-01,169.28,170.45,168.64,169.59,-0.0005304101838755626,1.8100000000000023,1.0692344045368634,166.50857142857143,163.43699999999998,0.012944429819217987
AAPL,2023-05-02,170.09,170.35,167.54,168.54,-0.0061914027949762085,2.8100000000000023,1.6520665530013536,167.01142857142858,163.80833333333334,0.012434543145206164
AAPL,2023-05-03,169.5,170.92,167.16,167.45,-0.006467307464103511,3.759999999999991,2.2182890855457176,167.31428571428572,164.08066666666667,0.012958594089417925
AAPL,2023-05-04,164.89,167.04,164.31,165.79,-0.009913406987160367,2.7299999999999898,1.6556492206925768,167.60285714285715,164.346,0.01302926627533966
AAPL,2023-05-05,170.975,174.3,170.76,173.57,0.04692683515290419,3.5400000000000205,2.0704781400789707,169.00428571428571,164.834,0.021345609855522037
AAPL,2023-05-08,172.48,173.85,172.11,173.5,-0.0004032955003744343,1.7399999999999807,1.0088126159554618,169.73142857142855,165.2756666666667,0.019582836802969614
AAPL,2023-05-09,173.05,173.54,171.6,171.77,-0.009971181556195918,1.9399999999999977,1.121063276509678,170.03,165.72533333333334,0.020226174915407426
AAPL,2023-05-10,173.02,174.03,171.9,173.555,0.010391802992373522,2.1299999999999955,1.2310715524216826,170.59642857142856,166.2555,0.020425813171979914
AAPL,2023-05-11,173.85,174.59,172.17,173.75,0.0011235631356054654,2.420000000000016,1.392004601668114,171.34071428571428,166.6881666666667,0.020031768726135872
AAPL,2023-05-12,173.62,174.06,171.0,172.57,-0.0067913669064748605,3.0600000000000023,1.7624697615482101,172.07214285714284,167.02849999999998,0.020061762951163933
AAPL,2023-05-15,173.16,173.21,171.47,172.07,-0.0028973749782696956,1.740000000000009,1.00485100485101,172.96928571428572,167.26749999999998,0.01938669422659469
AAPL,2023-05-16,171.99,173.138,171.799,172.07,0.0,1.3389999999999986,0.778533635676492,172.75500000000002,167.46416666666667,0.006492541220357415
AAPL,2023-05-17,171.71,172.925,170.42,172.69,0.003603184750392341,2.505000000000024,1.4588550462990064,172.63928571428573,167.6995,0.006748216020828073
AAPL,2023-05-18,173.0,175.24,172.58,175.05,0.013666106896751407,2.6599999999999966,1.5375722543352581,173.10785714285717,168.07583333333332,0.007204412984819838
AAPL,2023-05-19,176.39,176.39,174.94,175.16,0.0006283918880318762,1.4499999999999886,0.8220420658767441,173.33714285714288,168.42583333333332,0.006370215847776048
AAPL,2023-05-22,173.98,174.71,173.45,174.2,-0.005480703356930849,1.2600000000000193,0.7242211748476948,173.40142857142857,168.83149999999998,0.006875469967225
AAPL,2023-05-23,173.13,173.379,171.275,171.56,-0.015154994259471755,2.103999999999985,1.2152717611043637,173.2571428571429,169.19016666666667,0.008791190998877105
AAPL,2023-05-24,171.09,172.418,170.52,171.84,0.0016320820704127659,1.8979999999999961,1.1093576480215068,173.2242857142857,169.58150000000003,0.008778204259068997
AAPL,2023-05-25,172.41,173.895,171.69,172.99,0.006692271880819334,2.2050000000000125,1.2789281364190086,173.3557142857143,169.82916666666668,0.009154637067969757
AAPL,2023-05-26,173.32,175.77,173.11,175.43,0.014104861552690862,2.6599999999999966,1.5347334410339237,173.74714285714285,170.16983333333334,0.010458582850102264
AAPL,2023-05-30,176.96,178.99,176.57,177.3,0.010659522316593506,2.420000000000016,1.3675406871609492,174.06857142857143,170.57216666666667,0.009963962568463991
AAPL,2023-05-31,177.325,179.35,176.76,177.25,-0.0002820078962211259,2.5900000000000034,1.460594952770339,174.36714285714288,170.9315,0.009988762144486511
AAPL,2023-06-01,177.7,180.12,176.931,180.09,0.01602256699576876,3.188999999999993,1.79459763646595,175.20857142857145,171.34683333333334,0.010681016404524714
AAPL,2023-06-02,181.03,181.78,179.26,180.95,0.004775390082736308,2.5200000000000102,1.3920344694249627,176.55,171.8235,0.006179733326210444
AAPL,2023-06-05,182.63,184.951,178.035,179.58,-0.0075711522520032215,6.915999999999997,3.7868915293215775,177.65571428571428,172.30883333333335,0.008293035542805853
AAPL,2023-06-06,179.965,180.12,177.43,179.21,-0.0020603630693841746,2.6899999999999977,1.4947350873781,178.5442857142857,172.7715,0.00887128508906689
AAPL,2023-06-07,178.44,181.21,177.32,177.82,-0.007756263601361613,3.890000000000015,2.180004483299717,178.88571428571427,173.23983333333334,0.009016667954328051
AAPL,2023-06-08,177.895,180.84,177.46,180.57,0.01546507704420197,3.3799999999999955,1.8999971893532677,179.35285714285715,173.80016666666668,0.009925684103775334
AAPL,2023-06-09,181.5,182.23,180.63,180.96,0.002159827213823018,1.5999999999999943,0.8815426997245147,179.88285714285715,174.2185,0.009847815851747516
AAPL,2023-06-12,181.27,183.89,180.97,183.79,0.015638815207780654,2.9199999999999875,1.610856733050139,180.4114285714286,174.68883333333332,0.009763982022647225
AAPL,2023-06-13,182.8,184.15,182.44,183.31,-0.0026116763697697776,1.710000000000008,0.9354485776805295,180.74857142857144,175.1461666666667,0.009931595518852926
AAPL,2023-06-14,183.37,184.39,182.02,183.95,0.003491353444983858,2.369999999999976,1.2924687789714653,181.37285714285716,175.65983333333332,0.009011838972555256
AAPL,2023-06-15,183.96,186.52,183.78,186.01,0.011198695297635286,2.740000000000009,1.4894542291802615,182.34428571428572,176.2785,0.009047774207747876
AAPL,2023-06-16,186.73,186.99,184.27,184.92,-0.005859900005376062,2.719999999999999,1.456648637069565,183.35857142857142,176.9161666666667,0.008606912773023346
AAPL,2023-06-20,184.41,186.1,184.41,185.01,0.0004866969500325613,1.6899999999999977,0.9164362019413251,183.9928571428571,177.29749999999999,0.007554879120464307
AAPL,2023-06-21,184.9,185.41,182.59,183.96,-0.00567536889897835,2.819999999999993,1.525148729042722,184.42142857142855,177.64616666666663,0.008327534778861652
AAPL,2023-06-22,183.74,187.045,183.67,187.0,0.016525331593824744,3.375,1.8368346576684444,184.87999999999997,178.15383333333332,0.008566084119415722
AAPL,2023-06-23,185.55,187.56,185.01,186.68,-0.0017112299465240621,2.5500000000000114,1.3742926434923262,185.36142857142858,178.59133333333332,0.008482747120427292
AAPL,2023-06-26,187.322,188.05,185.23,185.27,-0.007553031926290976,2.8200000000000216,1.5054291540769487,185.54999999999998,178.97533333333334,0.009286302938751559
AAPL,2023-06-27,185.89,188.39,185.67,188.06,0.015059102930857549,2.719999999999999,1.4632309430308241,185.84285714285713,179.49166666666667,0.010070377550842011
AAPL,2023-06-28,187.93,189.9,187.6,189.25,0.006327767733701917,2.3000000000000114,1.22385994785293,186.46142857142857,180.06433333333334,0.009606486387960774
AAPL,2023-06-29,189.08,190.07,188.94,189.59,0.001796565389696081,1.1299999999999955,0.5976306325364901,187.11571428571432,180.64833333333334,0.009554000579737806
AAPL,2023-06-30,191.63,194.48,191.26,193.97,0.02310248430824413,3.219999999999999,1.6803214527996653,188.5457142857143,181.3576666666667,0.01100924905030126
AAPL,2023-07-03,193.78,193.88,191.76,192.46,-0.007784708975614785,2.1200000000000045,1.094024151099187,189.32571428571433,181.93800000000002,0.011563115015638094
AAPL,2023-07-05,191.565,192.98,190.62,191.33,-0.005871349890886446,2.359999999999985,1.2319578211051003,189.99,182.477,0.012014276566239842
AAPL,2023-07-06,189.84,192.02,189.2,191.81,0.0025087545079180984,2.8200000000000216,1.485461441213665,190.92428571428573,183.064,0.011020806395104332
AAPL,2023-07-07,191.41,192.67,190.24,190.68,-0.005891246546061213,2.4299999999999784,1.269526148059129,191.29857142857145,183.70133333333334,0.010679497661018554
AAPL,2023-07-10,189.26,189.99,187.035,188.61,-0.010855884203901822,2.9550000000000125,1.5613441826059455,191.20714285714286,184.2603333333333,0.01147167502095862
AAPL,2023-07-11,189.16,189.3,186.6,188.08,-0.002810031281480274,2.700000000000017,1.4273630788750353,190.99142857142857,184.76333333333332,0.011454916151345392
AAPL,2023-07-12,189.68,191.7,188.47,189.77,0.008985538068906784,3.2299999999999898,1.7028679881906312,190.39142857142858,185.24133333333333,0.006772174240829339
AAPL,2023-07-13,190.5,191.19,189.78,190.54,0.004057543341940084,1.4099999999999966,0.7401574803149589,190.11714285714288,185.68266666666668,0.006885829675289124
AAPL,2023-07-14,190.23,191.18,189.63,190.69,0.000787236275847647,1.5500000000000114,0.8148031330494725,190.0257142857143,186.13066666666666,0.006621819775576268
AAPL,2023-07-17,191.9,194.32,191.81,193.99,0.017305574492632037,2.509999999999991,1.3079729025534086,190.33714285714288,186.59400000000002,0.009474589330995547
AAPL,2023-07-18,193.35,194.33,192.415,193.73,-0.0013402752719213762,1.9150000000000205,0.9904318593224828,190.77285714285716,187.02,0.00901556325401858
AAPL,2023-07-19,193.1,198.23,192.65,195.1,0.007071697723636028,5.579999999999984,2.889694458829614,191.70000000000002,187.53733333333332,0.006967877862010842
AAPL,2023-07-20,195.09,196.47,192.495,193.13,-0.010097385955920024,3.9749999999999943,2.0375211440873415,192.42142857142855,188.00133333333332,0.008647668938666198
AAPL,2023-07-21,194.1,194.97,191.23,191.94,-0.00616165277274372,3.740000000000009,1.9268418341061355,192.73142857142855,188.472,0.009027702100585582
AAPL,2023-07-24,193.41,194.91,192.25,192.75,0.004220068771491059,2.6599999999999966,1.375316684762937,193.04714285714286,188.87800000000001,0.009035100706909865
AAPL,2023-07-25,193.33,194.44,192.915,193.62,0.004513618677042919,1.5250000000000057,0.7888067035638574,193.46571428571428,189.3,0.009083134879634818
AAPL,2023-07-26,193.67,195.64,193.32,194.5,0.004544985022208348,2.319999999999993,1.197913977384207,193.53857142857143,189.657,0.00644833118223708
AAPL,2023-07-27,196.02,197.2,192.55,193.22,-0.006580976863753252,4.649999999999977,2.372206917661451,193.46571428571428,189.98733333333334,0.006966520888565847
AAPL,2023-07-28,194.67,196.626,194.14,195.83,0.013507918434944699,2.4860000000000184,1.2770329275183738,193.57,190.38333333333333,0.008389575302795728
AAPL,2023-07-31,196.06,196.49,195.26,196.45,0.0031660113363629616,1.2300000000000182,0.6273589717433531,194.04428571428573,190.7313333333333,0.006955686556896764
AAPL,2023-08-01,196.235,196.73,195.28,195.605,-0.0043013489437515595,1.4499999999999886,0.7389099803806601,194.56785714285715,191.0875,0.006597769011043565
AAPL,2023-08-02,195.04,195.18,191.851,192.58,-0.015464839855831802,3.3290000000000077,1.7068293683347047,194.54357142857143,191.33983333333336,0.00943782543890488
AAPL,2023-08-03,191.57,192.37,190.69,191.17,-0.007321632568283443,1.6800000000000068,0.8769640340345601,194.19357142857143,191.58016666666668,0.00953572241510398
AAPL,2023-08-04,185.52,187.38,181.92,181.99,-0.048020086833708064,5.460000000000008,2.943078913324713,192.40642857142856,191.41316666666668,0.019361239029286336
AAPL,2023-08-07,182.13,183.13,177.35,178.85,-0.01725369525798126,5.780000000000001,3.1735573491462152,190.35357142857143,191.1521666666667,0.019532027356813857
AAPL,2023-08-08,179.69,180.27,177.58,179.8,0.005311713726586564,2.6899999999999977,1.4970226501196493,188.0635714285714,190.9698333333333,0.01801809664475345
AAPL,2023-08-09,180.87,180.93,177.01,178.19,-0.008954393770856606,3.920000000000016,2.1673024824459644,185.45499999999998,190.64083333333335,0.016865124105052854
AAPL,2023-08-10,179.48,180.75,177.6,177.97,-0.0012346371850272542,3.1500000000000057,1.7550702028081158,182.93571428571428,190.2648333333333,0.017187170296901633
AAPL,2023-08-11,177.32,178.62,176.55,177.79,-0.0010114064168118553,2.069999999999993,1.1673810060906797,180.82285714285715,189.87150000000003,0.01773979554605111
AAPL,2023-08-14,177.97,179.69,177.305,179.46,0.00939310422408468,2.384999999999991,1.3401135022756594,179.15,189.3878333333333,0.019398137035883216
AAPL,2023-08-15,178.88,179.48,177.05,177.45,-0.011200267469073988,2.4299999999999784,1.3584525939176981,178.50142857142856,188.8875,0.009428531088472417
AAPL,2023-08-16,177.13,178.54,176.5,176.57,-0.004959143420681822,2.039999999999992,1.1516964941003738,178.1757142857143,188.3955,0.007374886468096376
AAPL,2023-08-17,177.14,177.505,173.48,174.0,-0.014555133941213105,4.025000000000006,2.2722140679688416,177.34714285714287,187.80183333333335,0.007976567634752154
AAPL,2023-08-18,172.3,175.1,171.96,174.49,0.0028160919540229923,3.1399999999999864,1.8224027858386456,176.81857142857143,187.26216666666667,0.008155589992342857
AAPL,2023-08-21,175.07,176.13,173.735,175.84,0.007736833056335657,2.394999999999982,1.3680242188838647,176.5142857142857,186.8365,0.00912057686195569
AAPL,2023-08-22,177.06,177.68,176.25,177.23,0.00790491355777978,1.4300000000000068,0.8076358296622652,176.43428571428572,186.47483333333335,0.009825363303957097
AAPL,2023-08-23,178.52,181.55,178.325,181.12,0.021948879986458447,3.2250000000000227,1.8065202778400304,176.67142857142858,186.1865,0.012652412300873843
AAPL,2023-08-24,180.674,181.104,176.01,176.38,-0.026170494699646718,5.0940000000000225,2.8194427532461908,176.51857142857142,185.71450000000002,0.015965536207197206
AAPL,2023-08-25,177.38,179.15,175.82,178.61,0.012643156820501211,3.3300000000000125,1.8773255158417028,176.81,185.31183333333334,0.016567679030916462
AAPL,2023-08-28,180.09,180.59,178.545,180.19,0.008846089244723077,2.045000000000016,1.1355433394413992,177.6942857142857,184.8518333333333,0.015014979003920632
AAPL,2023-08-29,179.695,184.9,179.5,184.12,0.02181031133803213,5.400000000000006,3.005091961379007,179.07,184.5315,0.016202044932186667
AAPL,2023-08-30,184.94,187.85,184.74,187.65,0.01917227894851181,3.109999999999985,1.681626473450841,180.7571428571429,184.28316666666666,0.016759524132646794
AAPL,2023-08-31,187.84,189.12,187.48,187.87,0.0011723954169997608,1.6400000000000148,0.8730834752981339,182.27714285714288,184.10783333333333,0.017053621126524456
AAPL,2023-09-01,189.485,189.92,188.28,189.46,0.00846329908979615,1.6399999999999864,0.8655038657413443,183.46857142857144,184.02516666666668,0.0160094068675768
AAPL,2023-09-05,188.28,189.98,187.61,189.7,0.0012667581547554096,2.369999999999976,1.2587635436583684,185.3714285714286,183.9235,0.008029767139498878
AAPL,2023-09-06,188.4,188.85,181.47,182.91,-0.035793357933579295,7.3799999999999955,3.917197452229297,185.98571428571427,183.5665,0.01909820475284843
AAPL,2023-09-07,175.18,178.21,173.54,177.56,-0.02924935760756653,4.670000000000016,2.665829432583637,185.60999999999999,183.00183333333334,0.022471574349068057
AAPL,2023-09-08,178.35,180.239,177.79,178.18,0.00349177742734863,2.4490000000000123,1.3731426969442178,184.76142857142855,182.50050000000002,0.020205316386241536
AAPL,2023-09-11,180.07,180.3,177.34,179.36,0.0066225165562914245,2.960000000000008,1.6438051868717767,183.57714285714286,181.9515,0.01821376885511073
AAPL,2023-09-12,179.49,180.13,174.82,176.3,-0.017060660124888494,5.310000000000002,2.958382082567275,181.92428571428573,181.27983333333336,0.018272460993299017
AAPL,2023-09-13,176.51,177.3,173.98,174.21,-0.011854792966534355,3.3200000000000216,1.880913262704675,179.74571428571429,180.56666666666666,0.016592199573322607
AAPL,2023-09-14,174.0,176.1,173.58,175.74,0.008782503874634084,2.519999999999982,1.448275862068955,177.75142857142856,180.00533333333334,0.017779141278458338
AAPL,2023-09-15,176.48,176.495,173.82,175.01,-0.004153863662228363,2.6750000000000114,1.5157524932003692,176.62285714285716,179.46666666666667,0.013953571922625132
AAPL,2023-09-18,176.48,179.38,176.17,177.97,0.016913319238900604,3.210000000000008,1.8189029918404396,176.6814285714286,179.33266666666665,0.012021000094933124
AAPL,2023-09-19,177.52,179.63,177.13,179.07,0.006180816991627758,2.5,1.408292023433979,176.80857142857144,179.34,0.01217851872153404
AAPL,2023-09-20,179.26,179.695,175.4,175.49,-0.019992181828335176,4.2949999999999875,2.3959611737141513,176.25571428571428,179.19633333333334,0.014058362669942901
AAPL,2023-09-21,174.55,176.3,173.86,173.93,-0.008889395407145728,2.4399999999999977,1.3978802635348024,175.91714285714286,179.05433333333335,0.012998084798589035
AAPL,2023-09-22,174.67,177.079,174.05,174.79,0.004944517909503787,3.0289999999999964,1.7341272113127593,176.0,178.94833333333335,0.012381164371447779
AAPL,2023-09-25,174.2,176.97,174.15,176.08,0.007380284913324653,2.819999999999993,1.6188289322617642,176.04857142857142,178.89133333333334,0.012236090176961454
AAPL,2023-09-26,174.82,175.2,171.66,171.96,-0.023398455247614747,3.539999999999992,2.024939938222167,175.61285714285714,178.64133333333336,0.015213822335806301
AAPL,2023-09-27,172.62,173.04,169.05,170.43,-0.008897418004186974,3.9899999999999807,2.311435523114344,174.53571428571428,178.4073333333333,0.012664605231074192
AAPL,2023-09-28,169.34,172.03,167.62,170.69,0.0015255530129671957,4.409999999999997,2.6042281799929117,173.33857142857144,178.21133333333333,0.012018218725152232
AAPL,2023-09-29,172.02,173.07,170.341,171.21,0.0030464584920031346,2.728999999999985,1.5864434368096643,172.72714285714287,178.11833333333334,0.010892831102144637
AAPL,2023-10-02,171.22,174.3,170.93,173.75,0.014835582033759565,3.3700000000000045,1.9682280107464107,172.70142857142855,178.09366666666668,0.012498173036254728
AAPL,2023-10-03,172.255,173.63,170.82,172.4,-0.007769784172661831,2.8100000000000023,1.6313024295376055,172.35999999999999,177.97899999999998,0.012569851441660118
AAPL,2023-10-04,171.09,174.21,170.97,173.66,0.007308584686774866,3.240000000000009,1.893740136770126,172.01428571428573,177.85999999999999,0.012561057918895047
AAPL,2023-10-05,173.79,175.45,172.68,174.91,0.007197973050788953,2.769999999999982,1.5938776684504183,172.43571428571428,177.653,0.008504593285337713
AAPL,2023-10-06,173.8,177.99,173.18,177.49,0.014750443085015164,4.810000000000002,2.7675489067894143,173.4442857142857,177.69,0.007915826391255888
AAPL,2023-10-09,176.81,179.05,175.8,178.99,0.008451180348188592,3.25,1.8381313274136077,174.62999999999997,177.70266666666666,0.007716695149911513
AAPL,2023-10-10,178.1,179.72,177.95,178.39,-0.003352142577797812,1.7700000000000102,0.9938236945536274,175.65571428571428,177.64266666666668,0.008571419136980552
AAPL,2023-10-11,178.2,179.85,177.6,179.8,0.007904030494983116,2.25,1.2626262626262628,176.52,177.4986666666667,0.0077283502537911644
AAPL,2023-10-12,180.07,182.34,179.04,180.71,0.0050611790878754,3.3000000000000114,1.8326206475259683,177.70714285714286,177.26733333333334,0.0053797500371426665
AAPL,2023-10-13,181.42,181.93,178.14,178.85,-0.010292734215040733,3.7900000000000205,2.0890750744129756,178.4485714285714,176.96666666666667,0.008365537219477871
AAPL,2023-10-16,176.75,179.075,176.51,178.72,-0.0007268660889012679,2.5649999999999977,1.4512022630834498,178.99285714285716,176.60866666666666,0.008435361813376516
AAPL,2023-10-17,176.645,178.42,174.8,177.15,-0.008784691136973999,3.619999999999976,2.049307933991891,178.94428571428574,176.19033333333334,0.007680663112274218
AAPL,2023-10-18,175.58,177.575,175.11,175.84,-0.007394863110358418,2.464999999999975,1.4039184417359465,178.49428571428572,175.95466666666667,0.006993665061539181
AAPL,2023-10-19,176.04,177.84,175.19,175.46,-0.002161055505004561,2.6500000000000057,1.505339695523748,178.07571428571427,175.88466666666667,0.006984309427638764
AAPL,2023-10-20,175.31,175.42,172.64,172.88,-0.014704206086857519,2.780000000000001,1.5857623638126754,177.08714285714288,175.708,0.00667708888911286
AAPL,2023-10-23,170.91,174.01,169.93,173.0,0.0006941230911614582,4.079999999999984,2.387221344567307,175.9857142857143,175.496,0.00564176974620987
AAPL,2023-10-24,173.05,173.67,171.45,173.44,0.0025433526011560126,2.219999999999999,1.282866223634787,175.21285714285713,175.40066666666664,0.00615123717579288
AAPL,2023-10-25,171.88,173.06,170.65,171.1,-0.013491697416974202,2.4099999999999966,1.4021410286246199,174.12428571428572,175.297,0.006756299071366073
AAPL,2023-10-26,170.37,171.378,165.67,166.89,-0.02460549386323796,5.707999999999998,3.350355109467628,172.6585714285714,175.002,0.009752491851479023
AAPL,2023-10-27,166.91,168.96,166.83,168.22,0.007969321109713157,2.1299999999999955,1.2761368402132858,171.57,174.77566666666664,0.011585136942141448
AAPL,2023-10-30,169.02,171.17,168.87,170.29,0.0123053144691474,2.299999999999983,1.360785705833619,170.83142857142857,174.51966666666667,0.01355851173160802
AAPL,2023-10-31,169.35,170.9,167.9,170.77,0.0028187210053438605,3.0,1.771479185119575,170.53,174.243,0.012893826274459884
AAPL,2023-11-01,171.0,174.23,170.12,173.97,0.018738654330385796,4.109999999999985,2.403508771929816,170.66857142857143,174.19233333333335,0.015068218702312855
AAPL,2023-11-02,175.52,177.78,175.46,177.57,0.0206932229694774,2.319999999999993,1.3217866909753835,171.25857142857143,174.31366666666665,0.01685443494425757
AAPL,2023-11-03,174.24,176.82,173.35,176.65,-0.005181055358450148,3.469999999999999,1.9915059687786951,172.0514285714286,174.37566666666666,0.015712940440676865
AAPL,2023-11-06,176.38,179.43,176.21,179.23,0.014605151429380125,3.219999999999999,1.8256038099557768,173.8142857142857,174.48066666666668,0.009154661990682864
AAPL,2023-11-07,179.18,182.44,178.97,181.82,0.01445070579702068,3.469999999999999,1.9366000669717596,175.75714285714284,174.8093333333333,0.009209787668976024
AAPL,2023-11-08,182.35,183.45,181.59,182.89,0.005884941150588352,1.8599999999999852,1.020016451878248,177.55714285714285,175.22466666666668,0.009399617587192679
AAPL,2023-11-09,182.96,184.12,181.81,182.41,-0.002624528405052118,2.3100000000000023,1.2625710537822485,179.22,175.61533333333333,0.010302253929824017
AAPL,2023-11-10,183.97,186.565,183.53,186.4,0.021873800778466235,3.0349999999999966,1.6497254987226162,180.99571428571426,176.12166666666664,0.010825221835772995
AAPL,2023-11-13,185.82,186.03,184.21,184.8,-0.008583690987124415,1.8199999999999932,0.9794424712086929,182.02857142857144,176.48999999999998,0.01161308279626169
AAPL,2023-11-14,187.7,188.11,186.3,187.44,0.014285714285714235,1.8100000000000023,0.9643047416089517,183.56999999999996,176.99133333333333,0.010858491383443362
AAPL,2023-11-15,187.845,189.5,187.78,188.01,0.0030409731113956173,1.7199999999999989,0.9156485400196965,184.8242857142857,177.46966666666668,0.010662709887639895
AAPL,2023-11-16,189.57,190.96,188.65,189.71,0.009042072230200704,2.3100000000000023,1.2185472384871037,185.95142857142855,177.963,0.01021110263263655
AAPL,2023-11-17,190.25,190.38,188.57,189.69,-0.00010542406831481888,1.8100000000000023,0.9513797634691209,186.92285714285714,178.36966666666666,0.010482602208822743
AAPL,2023-11-20,189.89,191.905,189.88,191.45,0.009278296167430922,2.0250000000000057,1.0664068671336067,188.21428571428572,178.785,0.009938817838247679
AAPL,2023-11-21,191.41,191.52,189.74,190.64,-0.004230869678767291,1.7800000000000011,0.9299409644219221,188.81999999999996,179.1933333333333,0.008154524169039506
AAPL,2023-11-22,191.49,192.93,190.825,191.31,0.0035144775493076708,2.105000000000018,1.0992741135307422,189.75,179.57699999999997,0.006300544500589852
AAPL,2023-11-24,190.87,190.9,189.25,189.97,-0.0070043385081804965,1.6500000000000057,0.8644627233195399,190.11142857142855,179.88566666666668,0.006194694485616376
AAPL,2023-11-27,189.92,190.67,188.9,189.79,-0.0009475180291624863,1.7699999999999818,0.9319713563605633,190.36571428571432,180.25033333333334,0.006258959035475967
AAPL,2023-11-28,189.78,191.08,189.4,190.4,0.0032140787185837016,1.6800000000000068,0.8852355358836583,190.46428571428572,180.63966666666664,0.005395415028088034
AAPL,2023-11-29,190.9,192.09,188.97,189.37,-0.005409663865546199,3.1200000000000045,1.6343635411210082,190.41857142857143,181.047,0.005852816574808077
AAPL,2023-11-30,189.84,190.32,188.19,189.95,0.003062787136294043,2.1299999999999955,1.1219974715549914,190.2042857142857,181.51733333333334,0.004481294974712954
AAPL,2023-12-01,190.33,191.56,189.23,191.24,0.006791260858120651,2.3300000000000125,1.2241895654915211,190.29000000000002,182.04333333333335,0.005097786410322454
AAPL,2023-12-04,189.98,190.05,187.451,189.43,-0.009464547165864867,2.599000000000018,1.3680387409201065,190.02142857142854,182.59499999999997,0.006069464124259538
AAPL,2023-12-05,190.21,194.4,190.18,193.42,0.02106318956870612,4.219999999999999,2.218600494190631,190.5142857142857,183.27566666666664,0.009843258973682257
AAPL,2023-12-06,194.45,194.76,192.11,192.32,-0.005687105780167512,2.6499999999999773,1.3628182051941258,190.87571428571428,183.90500000000003,0.010282420451255369
AAPL,2023-12-07,193.63,195.0,193.59,194.27,0.010139351081530856,1.4099999999999966,0.72819294530806,191.42857142857142,184.67733333333334,0.010748205653850245
AAPL,2023-12-08,194.2,195.99,193.67,195.71,0.007412364235342528,2.3200000000000216,1.1946446961895065,192.3342857142857,185.63799999999998,0.01016737229738151
AAPL,2023-12-11,193.11,193.49,191.42,193.18,-0.012927290378621392,2.0700000000000216,1.0719279167314077,192.79571428571427,186.47,0.01220433015931394
AAPL,2023-12-12,193.08,194.72,191.721,194.71,0.007920074541878153,2.9989999999999952,1.5532421794074969,193.29142857142855,187.28400000000002,0.012278097223306717
AAPL,2023-12-13,195.09,198.0,194.85,197.96,0.016691489908068347,3.1500000000000057,1.6146393972012945,194.51000000000002,188.19033333333334,0.011957420162337286
AAPL,2023-12-14,198.02,199.62,196.16,198.11,0.0007577288341078514,3.460000000000008,1.747298252701751,195.18,188.99499999999998,0.010121870149276098
AAPL,2023-12-15,197.53,198.4,197.0,197.57,-0.0027257584170411464,1.4000000000000057,0.7087531007948188,195.93,189.66166666666666,0.009729521359799584
AAPL,2023-12-18,196.09,196.63,194.39,195.89,-0.008503315280660062,2.240000000000009,1.1423326023764644,196.1614285714286,190.303,0.010271917409490128
AAPL,2023-12-19,196.16,196.95,195.89,196.94,0.005360151105212152,1.0600000000000023,0.5403752039151725,196.33714285714288,190.89333333333335,0.01009387237694025
AAPL,2023-12-20,196.9,197.68,194.83,194.83,-0.010713923022240168,2.8499999999999943,1.447435246317925,196.57285714285715,191.32700000000003,0.009610187790779351
AAPL,2023-12-21,196.1,197.08,193.5,194.68,-0.0007699019658163886,3.5800000000000125,1.8255991840897565,196.56857142857143,191.71999999999997,0.009156299324830008
AAPL,2023-12-22,195.18,195.41,192.97,193.6,-0.005547565235257901,2.4399999999999977,1.2501280868941478,195.94571428571427,192.093,0.005555115878530149
AAPL,2023-12-26,193.61,193.89,192.83,193.05,-0.0028409090909089496,1.0599999999999739,0.5474923815918463,195.22285714285712,192.31466666666668,0.005292067114079997
AAPL,2023-12-27,192.49,193.5,191.09,193.15,0.0005180005180005498,2.4099999999999966,1.2520130915891716,194.5914285714286,192.593,0.005526118819030692
AAPL,2023-12-28,194.14,194.66,193.17,193.58,0.0022262490292519477,1.490000000000009,0.7674873802410679,194.26142857142855,192.7976666666667,0.005297790747048961
AAPL,2023-12-29,193.9,194.4,191.725,192.53,-0.00542411406137,2.6750000000000114,1.379577101598768,193.6314285714286,192.94833333333335,0.00440105113395043
AAPL,2024-01-02,187.15,188.44,183.885,185.64,-0.0357866306549629,4.555000000000007,2.433876569596584,192.31857142857143,192.81266666666667,0.01310692634679079
AAPL,2024-01-03,184.22,185.88,183.43,184.25,-0.007487610428786873,2.4499999999999886,1.3299316035175273,190.82857142857142,192.63133333333332,0.01283462307874523
AAPL,2024-01-04,182.15,183.087,180.88,181.91,-0.012700135685210334,2.2069999999999936,1.211638759264339,189.15857142857143,192.31333333333333,0.01291330554123048
AAPL,2024-01-05,181.99,182.76,180.17,181.18,-0.004012973448408452,2.5900000000000034,1.4231551184131015,187.46285714285713,191.99800000000002,0.012830721481968944
AAPL,2024-01-08,182.085,185.6,181.5,185.56,0.024174853736615542,4.099999999999994,2.251695636653208,186.37857142857143,191.80633333333336,0.017867774580164548
AAPL,2024-01-09,183.92,185.15,182.73,185.14,-0.0022634188402673727,2.420000000000016,1.3157894736842193,185.17285714285714,191.64533333333333,0.017620019312889944
AAPL,2024-01-10,184.35,186.4,183.92,186.19,0.005671383817651643,2.480000000000018,1.3452671548684667,184.26714285714283,191.52533333333335,0.01819271004338224
AAPL,2024-01-11,186.54,187.05,183.62,185.59,-0.0032225146355873147,3.430000000000007,1.8387477216682786,184.26,191.36499999999998,0.012010786035175667
AAPL,2024-01-12,186.06,186.74,185.19,185.92,0.0017781130448837335,1.5500000000000114,0.8330646028163019,184.49857142857144,191.25,0.011546745448149943
AAPL,2024-01-16,182.16,184.26,180.934,183.63,-0.012317125645438853,3.3259999999999934,1.8258673693456267,184.7442857142857,191.0393333333333,0.011469740906066592
AAPL,2024-01-17,181.27,182.93,180.3,182.68,-0.005173446604585297,2.6299999999999955,1.4508743862746154,184.95857142857145,190.754,0.011568996138819817
AAPL,2024-01-18,186.09,189.14,185.83,188.63,0.03257061528355587,3.309999999999974,1.7787092267182405,185.39714285714285,190.72733333333335,0.014426002398285948
AAPL,2024-01-19,189.33,191.95,188.82,191.56,0.015533054127127244,3.1299999999999955,1.6531981196852032,186.31428571428572,190.66533333333334,0.015016120881656327
AAPL,2024-01-22,192.3,195.33,192.26,193.89,0.012163290874921628,3.0700000000000216,1.5964638585543534,187.41428571428568,190.71766666666664,0.015264562607966888
AAPL,2024-01-23,195.02,195.75,193.83,195.18,0.006653257001392632,1.9199999999999875,0.9845144087785803,188.78428571428572,190.74800000000002,0.014727327870392984
AAPL,2024-01-24,195.42,196.38,194.34,194.5,-0.003483963520852562,2.039999999999992,1.0439054344488754,190.01,190.70766666666668,0.01518427983222183
AAPL,2024-01-25,195.22,196.268,193.113,194.17,-0.0016966580976864876,3.155000000000001,1.6161253969880143,191.5157142857143,190.74066666666667,0.013410252608309393
AAPL,2024-01-26,194.27,194.76,191.94,192.42,-0.009012720811659936,2.819999999999993,1.4515879960879152,192.90714285714284,190.6643333333333,0.01410329473929589
AAPL,2024-01-29,192.01,192.2,189.58,191.73,-0.003585905830994718,2.619999999999976,1.3645122649861863,193.34999999999997,190.45666666666665,0.009159389716259842
AAPL,2024-01-30,190.94,191.8,187.47,188.04,-0.019245814426537278,4.3300000000000125,2.267728082120044,192.84714285714284,190.121,0.010200923706305648
AAPL,2024-01-31,187.04,187.095,184.35,184.4,-0.019357583492873753,2.7450000000000045,1.4676005132591983,191.49142857142857,189.682,0.009532403493608017
AAPL,2024-02-01,183.985,186.95,183.82,186.86,0.013340563991323329,3.1299999999999955,1.7012256433948394,190.30285714285714,189.381,0.011310264120991504
AAPL,2024-02-02,179.86,187.33,179.25,185.85,-0.005405116129722942,8.080000000000013,4.492382964527973,189.06714285714287,189.0113333333333,0.011258009248488205
AAPL,2024-02-05,188.15,189.25,185.84,187.68,0.00984665052461664,3.4099999999999966,1.8123837363805455,188.14000000000001,188.773,0.012804893592954163
AAPL,2024-02-06,186.86,189.31,186.77,189.3,0.008631713554987153,2.539999999999992,1.3593064326233502,187.69428571428574,188.59366666666668,0.01354666477840037
AAPL,2024-02-07,190.64,191.05,188.61,189.41,0.0005810882197569978,2.4399999999999977,1.2798992866135113,187.36285714285714,188.454,0.013569899146743985
AAPL,2024-02-08,189.385,189.535,187.35,188.32,-0.005754712000422435,2.1850000000000023,1.153734456266337,187.40285714285716,188.2963333333333,0.01144780205620756
AAPL,2024-02-09,188.65,189.99,188.0,188.85,0.0028143585386575243,1.990000000000009,1.0548635038431005,188.03857142857143,188.153,0.007498485928276059
AAPL,2024-02-12,188.415,188.67,186.79,187.15,-0.009001853322742837,1.8799999999999955,0.9977974152800974,188.07999999999998,187.93866666666665,0.007333346975794799
AAPL,2024-02-13,185.77,186.21,183.513,185.04,-0.011274378840502308,2.6970000000000027,1.4517952306615722,187.96428571428572,187.68899999999996,0.00835178775418284
AAPL,2024-02-14,185.32,185.53,182.44,184.15,-0.00480977086035439,3.0900000000000034,1.6673861428879795,187.45999999999998,187.63933333333335,0.007030837797877366
AAPL,2024-02-15,183.55,184.49,181.35,183.86,-0.0015748031496062298,3.140000000000015,1.7107055298283924,186.68285714285713,187.62633333333332,0.0050797744237519584
AAPL,2024-02-16,183.42,184.85,181.665,182.31,-0.008430327423039286,3.1850000000000023,1.736451859121144,185.6685714285714,187.63966666666667,0.004817310996427535
AAPL,2024-02-20,181.79,182.43,180.0,181.56,-0.004113871976304084,2.430000000000007,1.336707189614394,184.70285714285714,187.65233333333333,0.004838924081589544
AAPL,2024-02-21,181.94,182.889,180.66,182.32,0.004185944040537404,2.2290000000000134,1.2251291634604888,183.77,187.54433333333333,0.00522947903004254
AAPL,2024-02-22,183.48,184.955,182.46,184.37,0.011243966652040527,2.4950000000000045,1.359821233921956,183.37285714285713,187.5186666666667,0.00767561522762688
AAPL,2024-02-23,185.01,185.04,182.23,182.52,-0.010034170418180777,2.8100000000000023,1.5188368196313726,183.01285714285714,187.3963333333333,0.007439516893588444
AAPL,2024-02-26,182.24,182.76,180.65,181.16,-0.007451238220469114,2.109999999999985,1.1578138718173754,182.58571428571432,187.24866666666668,0.007673062333672792
AAPL,2024-02-27,181.1,183.923,179.56,182.63,0.008114374034003058,4.3629999999999995,2.409166206515737,182.41,187.139,0.008640827326248421
AAPL,2024-02-28,182.51,183.12,180.13,181.42,-0.006625417510814247,2.990000000000009,1.6382663963618482,182.28285714285715,187.06533333333334,0.008403254719569599
AAPL,2024-02-29,181.27,182.57,179.53,180.75,-0.0036930878624186203,3.039999999999992,1.6770563248193255,182.16714285714286,187.001,0.008375962617367578
AAPL,2024-03-01,179.55,180.53,177.38,179.66,-0.006030428769018048,3.1500000000000057,1.7543859649122837,181.78714285714287,186.70199999999997,0.008290960224457264
AAPL,2024-03-04,176.15,176.9,173.79,175.1,-0.025381275743070253,3.1100000000000136,1.765540732330408,180.46285714285713,186.15333333333334,0.009892006097722787
AAPL,2024-03-05,170.76,172.04,169.62,170.12,-0.02844089091947455,2.4199999999999875,1.4171937221831739,178.6914285714286,185.361,0.012768220266175058
AAPL,2024-03-06,171.06,171.24,168.68,169.12,-0.005878203620973466,2.5600000000000023,1.4965509178066188,176.97142857142856,184.4923333333333,0.012832790556474336
AAPL,2024-03-07,169.15,170.73,168.49,169.0,-0.0007095553453169146,2.2399999999999807,1.3242684008276562,175.02428571428572,183.6423333333333,0.011108165807332001
AAPL,2024-03-08,169.0,173.7,168.94,170.73,0.010236686390532546,4.759999999999991,2.816568047337273,173.49714285714285,182.861,0.013726055277698473
AAPL,2024-03-11,172.94,174.38,172.05,172.75,0.01183154688689747,2.329999999999984,1.3472880767896287,172.3542857142857,182.20533333333336,0.015748133210505753
AAPL,2024-03-12,173.15,174.03,171.01,173.23,0.002778581765557009,3.0200000000000102,1.744152468957557,171.43571428571428,181.58866666666665,0.01612435809019642
AAPL,2024-03-13,172.77,173.185,170.76,171.13,-0.01212261155688965,2.4250000000000114,1.40360016206518,170.8685714285714,181.025,0.013978106328347721
AAPL,2024-03-14,172.91,174.308,172.05,173.0,0.010927365160988689,2.2579999999999814,1.3058816725464006,171.27999999999997,180.645,0.009240502374983492
AAPL,2024-03-15,171.17,172.62,170.285,172.62,-0.0021965317919074856,2.335000000000008,1.3641409125430906,171.78,180.17033333333333,0.008781674710707059
AAPL,2024-03-18,175.57,177.71,173.52,173.72,0.006372378635152387,4.189999999999998,2.386512502135899,172.45428571428573,179.76600000000002,0.00869548895831088
AAPL,2024-03-19,174.34,176.605,173.03,176.08,0.01358507943817644,3.5749999999999886,2.0505907995870074,173.21857142857144,179.37933333333334,0.009176147451112775
AAPL,2024-03-20,175.72,178.67,175.09,178.67,0.014709223080417777,3.579999999999984,2.037332119280665,174.06428571428572,179.025,0.00961570151312357
AAPL,2024-03-21,177.05,177.49,170.84,171.37,-0.04085744668942737,6.650000000000006,3.7560011296244027,173.79857142857142,178.42366666666666,0.01987010183210458
AAPL,2024-03-22,171.76,173.05,170.06,172.28,0.005310147633774909,2.990000000000009,1.7408011178388503,173.96285714285713,177.889,0.019384185212146094
AAPL,2024-03-25,170.565,171.94,169.45,170.85,-0.008300441142326531,2.490000000000009,1.4598540145985455,173.6557142857143,177.28900000000002,0.019123636043765335
AAPL,2024-03-26,170.0,171.42,169.58,169.71,-0.00667251975417027,1.839999999999975,1.0823529411764559,173.24,176.70766666666668,0.019220501901591094
AAPL,2024-03-27,170.41,173.6,170.11,173.31,0.02121265688527485,3.4899999999999807,2.04800187782406,173.18142857142857,176.31666666666666,0.021062186565148647
AAPL,2024-03-28,171.75,172.23,170.51,171.48,-0.010559113726847924,1.7199999999999989,1.0014556040756908,172.52428571428572,175.89433333333332,0.020405747501253395
AAPL,2024-04-01,171.19,171.25,169.475,170.03,-0.008455796594354914,1.7750000000000057,1.036859629651268,171.29,175.43333333333334,0.01875428793018603
AAPL,2024-04-02,169.08,169.34,168.23,168.84,-0.0069987649238369976,1.1100000000000136,0.6564939673527405,170.92857142857142,174.98433333333332,0.011501350293981919
AAPL,2024-04-03,168.79,170.68,168.58,169.65,0.00479744136460547,2.0999999999999943,1.2441495349250515,170.55285714285716,174.58733333333333,0.011448055177761172
AAPL,2024-04-04,170.29,171.92,168.82,168.82,-0.004892425582080806,3.0999999999999943,1.8204239826178839,170.26285714285714,174.13733333333332,0.011212418860511617
AAPL,2024-04-05,169.59,170.39,168.95,169.58,0.004501836275322857,1.4399999999999977,0.8491066690252949,170.24428571428572,173.64433333333332,0.011174006351124
AAPL,2024-04-08,169.03,169.2,168.24,168.45,-0.006663521641703141,0.9599999999999795,0.567946518369508,169.54999999999998,173.17533333333333,0.006183650646504295
AAPL,2024-04-09,168.7,170.08,168.35,169.67,0.007242505194419602,1.7300000000000182,1.0254890337878,169.29142857142855,172.79233333333335,0.0066945387293264325
AAPL,2024-04-10,168.8,169.09,167.11,167.78,-0.011139270348323183,1.9799999999999898,1.1729857819905152,168.97,172.29733333333334,0.007216055924878662
AAPL,2024-04-11,168.34,175.46,168.16,175.04,0.04327095005364168,7.300000000000011,4.3364619223001135,169.8557142857143,172.08466666666666,0.018091051931808246
AAPL,2024-04-12,174.26,178.36,174.21,176.55,0.008626599634369292,4.150000000000006,2.3814989096752015,170.84142857142857,171.94466666666668,0.018131082249566888
AAPL,2024-04-15,175.36,176.63,172.5,172.69,-0.02186349476069105,4.1299999999999955,2.3551551094890484,171.3942857142857,171.71233333333333,0.02075208223934135
AAPL,2024-04-16,171.75,173.76,168.27,169.38,-0.01916729399502004,5.489999999999981,3.1965065502183294,171.3657142857143,171.52166666666665,0.022409511485214584
AAPL,2024-04-17,169.61,170.65,168.0,168.0,-0.008147360963513983,2.6500000000000057,1.5624078768940544,171.3014285714286,171.451,0.02249040384669397
AAPL,2024-04-18,168.03,168.64,166.55,167.04,-0.005714285714285783,2.089999999999975,1.2438255073498632,170.9257142857143,171.38166666666666,0.022311311041443644
AAPL,2024-04-19,166.21,166.4,164.075,164.93,-0.012631704980842873,2.325000000000017,1.3988328018771536,170.51857142857145,171.246,0.02241985389000432
AAPL,2024-04-22,165.515,167.26,164.77,165.84,0.005517492269447644,2.4899999999999807,1.5043953720206513,169.20428571428573,171.083,0.011559913917124654
AAPL,2024-04-23,165.35,167.05,164.92,166.9,0.006391702846116676,2.130000000000024,1.2881765951013149,167.82571428571427,170.88799999999998,0.011056117200279594
AAPL,2024-04-24,166.54,169.3,166.21,169.02,0.012702216896345098,3.0900000000000034,1.8554101116848827,167.3014285714286,170.74766666666667,0.011513215840052594
AAPL,2024-04-25,169.525,170.61,168.151,169.89,0.0051473198438052314,2.459000000000003,1.450523521604485,167.37428571428572,170.70633333333333,0.009275479147678492
AAPL,2024-04-26,169.88,171.34,169.18,169.3,-0.003472835364058957,2.1599999999999966,1.2714857546503393,167.56,170.583,0.008702541816625643
AAPL,2024-04-29,173.37,176.03,173.1,173.5,0.024808033077377445,2.930000000000007,1.6900271096498856,168.48285714285717,170.61233333333334,0.0117959187073696
AAPL,2024-04-30,173.33,174.99,170.0,170.33,-0.0182708933717578,4.990000000000009,2.878901517336877,169.25428571428571,170.4993333333333,0.013332635714983469
AAPL,2024-05-01,169.58,172.705,169.11,169.3,-0.006047085070157943,3.594999999999999,2.1199433895506536,169.74857142857144,170.27333333333334,0.01391657679333023
AAPL,2024-05-02,172.51,173.415,170.89,173.03,0.022031896042528087,2.5250000000000057,1.4636832647382794,170.62428571428572,170.08533333333332,0.015687766086045902
AAPL,2024-05-03,186.645,187.0,182.66,183.38,0.05981621684101013,4.340000000000003,2.325269897398807,172.6757142857143,170.48566666666665,0.02607510736385193
AAPL,2024-05-06,182.354,184.2,180.42,181.71,-0.009106772821463549,3.780000000000001,2.0728911896640603,174.3642857142857,170.8,0.0272305891427796
AAPL,2024-05-07,183.45,184.9,181.32,182.4,0.0037972593693247347,3.5800000000000125,1.9514854183701351,176.2357142857143,171.185,0.02676732308615211
AAPL,2024-05-08,182.85,183.07,181.45,182.74,0.0018640350877192624,1.6200000000000045,0.8859721082854825,177.5557142857143,171.61933333333334,0.026193910122019264
AAPL,2024-05-09,182.56,184.66,182.11,184.57,0.010014227864725722,2.549999999999983,1.3968010517090177,179.59,171.99466666666666,0.023564836226650614
AAPL,2024-05-10,184.9,185.09,182.13,183.05,-0.008235357858806913,2.960000000000008,1.6008653326122269,181.5542857142857,172.38033333333334,0.02385329516203371
AAPL,2024-05-13,185.435,187.1,184.62,186.28,0.017645452062277966,2.4799999999999898,1.337395852994305,183.44714285714284,172.922,0.02358522146000923
AAPL,2024-05-14,187.51,188.3,186.29,187.43,0.006173502254670504,2.0100000000000193,1.0719428297157587,184.0257142857143,173.54166666666666,0.009559492038322466
AAPL,2024-05-15,187.91,190.65,187.37,189.72,0.012217894680680796,3.280000000000001,1.7455164706508441,185.17000000000002,174.2106666666667,0.008313793048369624
AAPL,2024-05-16,190.47,191.095,189.66,189.84,0.0006325110689437974,1.4350000000000023,0.7533994854832794,186.2328571428571,174.91133333333335,0.008549634803664365
AAPL,2024-05-17,189.51,190.81,189.18,189.87,0.00015802781289497858,1.6299999999999955,0.8601129228009051,187.25142857142856,175.58766666666668,0.008702121686962043
AAPL,2024-05-20,189.325,191.92,189.01,191.04,0.006162110917996566,2.9099999999999966,1.5370394823715816,188.1757142857143,176.34066666666666,0.008489393259069155
AAPL,2024-05-21,191.09,192.73,190.92,192.35,0.006857202680067065,1.8100000000000023,0.9471976555549753,189.50428571428571,177.09666666666666,0.006180786170952682
AAPL,2024-05-22,192.265,192.823,190.27,190.9,-0.007538341564855666,2.5529999999999973,1.3278547837619938,190.16428571428574,177.86733333333333,0.006360547807046813
AAPL,2024-05-23,190.98,191.0,186.625,186.88,-0.021058145625982294,4.375,2.290815792229553,190.08571428571426,178.26200000000003,0.011060623035443131
AAPL,2024-05-24,188.82,190.58,188.04,189.98,0.016588184931506822,2.5400000000000205,1.3451964834233772,190.12285714285713,178.70966666666666,0.011974933527554632
AAPL,2024-05-28,191.51,193.0,189.1,189.99,5.263711969694107e-05,3.9000000000000057,2.0364471829147335,190.1442857142857,179.28633333333335,0.011973911501116902
AAPL,2024-05-29,189.61,192.247,189.51,190.29,0.001579030475288068,2.737000000000023,1.4434892674437123,190.2042857142857,179.98333333333332,0.011985624992015213
AAPL,2024-05-30,190.76,192.18,190.63,191.29,0.0052551368963160705,1.5500000000000114,0.8125393164185424,190.23999999999998,180.75966666666667,0.011917377988532606
AAPL,2024-05-31,191.44,192.57,189.91,192.25,0.005018558210047708,2.6599999999999966,1.3894692854157942,190.22571428571428,181.6,0.011766739526429775
AAPL,2024-06-03,192.9,194.99,192.52,194.03,0.009258777633289972,2.469999999999999,1.280456194919647,190.67285714285714,182.57000000000002,0.011689191417892975
AAPL,2024-06-04,194.635,195.32,193.034,194.35,0.0016492295005927637,2.2860000000000014,1.1745061268528278,191.74,183.52033333333333,0.0057319002358554565
AAPL,2024-06-05,195.4,196.9,194.87,195.87,0.007820941600205966,2.030000000000001,1.0388945752302974,192.5814285714286,184.486,0.003436196649662014
AAPL,2024-06-06,195.685,196.5,194.17,194.48,-0.0070965436258744186,2.3300000000000125,1.190689117714701,193.22285714285712,185.33466666666666,0.005423339312225979
AAPL,2024-06-07,194.65,196.94,194.18,196.89,0.012392019744960958,2.759999999999991,1.4179296172617473,194.1657142857143,186.23466666666667,0.006301930229618164
AAPL,2024-06-10,196.9,197.3,192.15,193.12,-0.019147747473208354,5.150000000000006,2.615540883697311,194.42714285714283,187.02866666666668,0.011040601870525706
AAPL,2024-06-11,193.65,207.16,193.63,207.15,0.07264913007456508,13.530000000000001,6.986831913245546,196.55571428571426,188.15033333333335,0.029267331637833047
AAPL,2024-06-12,207.37,220.2,206.9,213.07,0.028578324885348616,13.299999999999983,6.413656748806473,199.27571428571426,189.575,0.02996999268058228
AAPL,2024-06-13,214.74,216.75,211.6,214.11,0.004881025015253337,5.150000000000006,2.3982490453571788,202.09857142857143,191.06866666666667,0.029775244285963755
AAPL,2024-06-14,213.85,215.17,211.3,212.49,-0.007566204287515754,3.869999999999976,1.8096796820200964,204.47285714285718,192.38400000000001,0.030880467951198573
AAPL,2024-06-17,213.37,218.95,212.72,216.67,0.019671513953597675,6.22999999999999,2.91981065754323,207.64285714285714,193.49366666666668,0.02974378230917281
AAPL,2024-06-18,217.59,218.63,213.0,214.29,-0.010984446393132341,5.6299999999999955,2.5874350843329177,210.12857142857143,194.57966666666667,0.031468537586848706
AAPL,2024-06-20,213.93,214.24,208.85,209.56,-0.02207289187549577,5.390000000000015,2.5195157294442176,212.47714285714287,195.48499999999999,0.03197546402765795
AAPL,2024-06-21,210.39,211.89,207.11,207.72,-0.008780301584271788,4.779999999999973,2.271971101288071,212.55857142857144,196.31766666666667,0.018109578031816162
AAPL,2024-06-24,207.72,212.7,206.59,208.15,0.002070094357789376,6.109999999999985,2.9414596572308804,211.8557142857143,197.1036666666667,0.013435955549504535
AAPL,2024-06-25,209.15,211.38,208.61,209.07,0.004419889502762286,2.769999999999982,1.3244083193879903,211.13571428571427,197.971,0.013390472709123004
AAPL,2024-06-26,211.5,214.86,210.64,213.25,0.019993303678193852,4.220000000000027,1.9952718676123062,211.24428571428572,198.87,0.01577351750211764
AAPL,2024-06-27,214.69,215.74,212.35,214.1,0.00398593200468933,3.390000000000015,1.5790209138758278,210.87714285714287,199.759,0.013576584479736774
AAPL,2024-06-28,215.77,216.07,210.3,210.62,-0.01625408687529184,5.769999999999982,2.6741437641933454,210.35285714285712,200.45566666666667,0.014308480663925
AAPL,2024-07-01,212.09,217.51,211.92,216.75,0.02910454847592825,5.590000000000003,2.6356735348201252,211.37999999999997,201.35266666666666,0.01558514373830218
AAPL,2024-07-02,216.15,220.38,215.1,220.27,0.016239907727797043,5.280000000000001,2.442748091603054,213.17285714285714,202.36599999999999,0.014763026602756111
AAPL,2024-07-03,220.0,221.55,219.03,221.55,0.0058110500749080085,2.5200000000000102,1.14545454545455,215.08714285714288,203.38299999999998,0.014557389594192987
AAPL,2024-07-05,221.65,226.45,221.65,226.325,0.021552696908146984,4.799999999999983,2.1655763591247386,217.55214285714283,204.5155,0.01508141155866382
AAPL,2024-07-08,227.09,227.85,223.25,227.82,0.006605545123163692,4.599999999999994,2.025628605398738,219.63357142857143,205.74616666666665,0.014666593631473133
AAPL,2024-07-09,227.93,229.4,226.372,228.679,0.0037705205864280167,3.0279999999999916,1.3284780415039668,221.7162857142857,207.13946666666664,0.014680501531446498
AAPL,2024-07-10,229.3,233.07,229.25,232.98,0.018808023473952495,3.819999999999993,1.665939816833839,224.91057142857144,208.5728,0.00946519701634215
AAPL,2024-07-11,231.39,232.34,225.77,227.59,-0.02313503305004716,6.569999999999993,2.839362115908204,226.4591428571429,209.82613333333336,0.015036867967483412
AAPL,2024-07-12,228.92,232.64,228.68,230.63,0.013357353135023509,3.9599999999999795,1.729861960510213,227.93914285714283,211.1708,0.014781942703824632
AAPL,2024-07-15,236.48,237.194,233.09,234.39,0.01630316957897926,4.103999999999985,1.7354533152909273,229.77342857142858,212.60746666666668,0.015204870305800202
AAPL,2024-07-16,235.0,236.26,232.33,234.81,0.0017918853193397144,3.9299999999999784,1.6723404255319059,230.9855714285714,214.02613333333335,0.014102813444083472
AAPL,2024-07-17,229.45,231.46,226.64,228.88,-0.025254461053617838,4.820000000000022,2.1006755284375775,231.13699999999997,215.1878,0.018183566874127952
AAPL,2024-07-18,230.28,230.44,222.27,224.235,-0.02029447745543511,8.169999999999987,3.5478547854785423,230.50214285714287,216.18396666666666,0.01973811307576792
AAPL,2024-07-19,224.82,226.8,223.275,224.31,0.00033447053314605846,3.5250000000000057,1.5679210034694449,229.26357142857142,217.1319666666667,0.017502062972809693
AAPL,2024-07-22,227.01,227.78,223.09,223.96,-0.001560340600062382,4.689999999999998,2.0659882824545166,228.74499999999998,218.11463333333333,0.015631612217389245
AAPL,2024-07-23,224.365,226.94,222.68,225.01,0.004688337203071935,4.259999999999991,1.8986918637042278,227.94214285714287,219.0519666666667,0.01449688462119238
AAPL,2024-07-24,224.0,224.8,217.13,218.54,-0.028754277587662802,7.670000000000016,3.4241071428571503,225.67785714285714,219.89929999999998,0.014277566785688662
AAPL,2024-07-25,218.93,220.85,214.62,217.45,-0.004987645282328201,6.22999999999999,2.8456584296350385,223.19785714285715,220.24263333333332,0.013567393355441087
AAPL,2024-07-26,218.7,219.49,216.01,218.12,0.003081168084617225,3.480000000000018,1.591220850480118,221.66071428571428,220.4109666666667,0.012749825409767369
AAPL,2024-07-29,216.96,219.3,215.75,218.24,0.000550155877498737,3.5500000000000114,1.636246312684371,220.8042857142857,220.54863333333333,0.011435050356570376
AAPL,2024-07-30,219.19,220.325,216.12,218.7,0.002107771260996927,4.204999999999984,1.918426935535373,220.00285714285715,220.75563333333332,0.011561036091242528
AAPL,2024-07-31,221.44,223.82,220.63,222.04,0.015272062185642366,3.1899999999999977,1.440570809248554,219.72857142857143,220.93463333333332,0.013613108565781176
AAPL,2024-08-01,224.37,224.48,217.02,218.35,-0.016618627274364917,7.4599999999999795,3.3248651780540976,218.77714285714288,221.06996666666666,0.01444693418475119
AAPL,2024-08-02,219.15,225.6,217.71,219.81,0.006686512479963325,7.889999999999986,3.6002737850787065,218.95857142857145,221.41163333333333,0.009898980981231221
AAPL,2024-08-05,199.09,213.5,196.92,209.29,-0.04785951503571273,16.580000000000013,8.327891908182234,217.79285714285714,221.46396666666666,0.021077787120377448
AAPL,2024-08-06,205.3,209.99,201.117,207.13,-0.010320607769124135,8.873000000000019,4.321967851924023,216.22285714285712,221.42996666666664,0.02080130785767219
AAPL,2024-08-07,206.9,213.64,206.39,209.86,0.013180128421764303,7.25,3.5041082648622526,215.0257142857143,221.4563,0.022090259427553157
AAPL,2024-08-08,213.11,214.2,208.83,213.35,0.0166301343752977,5.369999999999976,2.5198254422598545,214.26142857142855,221.45963333333333,0.023543156326009715
AAPL,2024-08-09,212.1,216.78,211.97,216.24,0.013545816733067761,4.810000000000002,2.267798208392269,213.43285714285713,221.53096666666667,0.02332434411722558
AAPL,2024-08-12,216.07,219.51,215.6,217.53,0.005965593784683643,3.9099999999999966,1.8095987411487002,213.31571428571428,221.7613,0.022768539283276226
AAPL,2024-08-13,219.01,221.89,219.01,221.275,0.01721601618167612,2.8799999999999955,1.31500844710287,213.525,221.91213333333332,0.023639005671359268
AAPL,2024-08-14,220.57,223.03,219.7,221.72,0.002011072195232222,3.3300000000000125,1.5097248039171296,215.3007142857143,221.9604666666667,0.009932652236198405
AAPL,2024-08-15,224.6,225.35,222.76,224.71,0.013485477178423189,2.5900000000000034,1.1531611754229758,217.81214285714285,222.0658,0.005631378903646345
AAPL,2024-08-16,223.92,226.827,223.65,226.05,0.0059632415112811366,3.1769999999999925,1.4188102893890644,220.125,222.05663333333334,0.005969791877348497
AAPL,2024-08-19,225.72,225.99,223.04,225.89,-0.0007078080070781478,2.950000000000017,1.3069289385078933,221.9164285714286,221.9923,0.006651430961715168
AAPL,2024-08-20,225.77,227.17,225.45,226.51,0.002744698747177754,1.7199999999999989,0.7618372680161221,223.38357142857146,221.92000000000002,0.006457689367106626
AAPL,2024-08-21,226.52,227.98,225.05,226.4,-0.0004856297735198467,2.9299999999999784,1.293484019071154,224.6507142857143,221.70066666666665,0.007011304095906505
AAPL,2024-08-22,227.79,228.34,223.9,224.53,-0.008259717314487602,4.439999999999998,1.9491637034110356,225.1157142857143,221.59866666666667,0.0066692066455747755
AAPL,2024-08-23,225.659,228.21,224.33,226.84,0.010288157484523275,3.8799999999999955,1.7194084880283949,225.84714285714287,221.4723333333333,0.007348461918931482
AAPL,2024-08-26,226.76,227.28,223.891,227.22,0.0016751895609239398,3.38900000000001,1.4945316634327086,226.2057142857143,221.23333333333332,0.005812741085418822
AAPL,2024-08-27,225.995,228.85,224.92,228.03,0.003564827039873153,3.930000000000007,1.73897652602934,226.48857142857145,221.00733333333332,0.005578845122211629
AAPL,2024-08-28,227.92,229.86,225.68,226.21,-0.00798140595535668,4.180000000000007,1.833976833976837,226.53428571428572,220.91833333333332,0.006591837337283748
AAPL,2024-08-29,230.1,232.92,228.88,229.79,0.015826002387162363,4.039999999999992,1.755758365927854,227.00285714285715,221.1035,0.008882740421817404
AAPL,2024-08-30,230.0,230.4,227.48,229.0,-0.003437921580573544,2.920000000000016,1.2695652173913112,227.37428571428572,221.25983333333332,0.009092993572056335
AAPL,2024-09-03,228.55,229.0,221.17,222.62,-0.027860262008733594,7.8300000000000125,3.4259461824546102,227.10142857142858,221.21516666666668,0.01422770750687456
AAPL,2024-09-04,221.66,221.78,217.48,220.85,-0.00795076812505624,4.300000000000011,1.9399079671569124,226.24571428571429,221.0765,0.01343572088290919
AAPL,2024-09-05,221.625,225.48,221.52,222.39,0.006973058637083973,3.9599999999999795,1.7868020304568435,225.55571428571426,221.20483333333334,0.013931520520640605
AAPL,2024-09-06,223.95,225.24,219.77,220.86,-0.006879805746661138,5.469999999999999,2.4425094887251615,224.53142857142856,221.3185,0.01367048929395607
AAPL,2024-09-09,220.82,221.27,216.71,220.91,0.00022638775694994173,4.560000000000002,2.0650303414545794,223.7742857142857,221.4115,0.013671413336838172
AAPL,2024-09-10,218.92,221.48,216.73,220.11,-0.003621384274138717,4.75,2.1697423716426094,222.39142857142858,221.47383333333335,0.010814323059389928
AAPL,2024-09-11,221.455,223.09,217.93,222.565,0.011153514152014932,5.159999999999997,2.3300444785622343,221.47214285714284,221.60266666666666,0.01265738536901603
AAPL,2024-09-12,222.5,223.55,219.82,222.77,0.0009210792352796204,3.730000000000018,1.6764044943820307,221.49357142857144,221.627,0.007041405903196323
AAPL,2024-09-13,223.58,224.04,221.91,222.5,-0.0012120123894600043,2.1299999999999955,0.952679130512566,221.7292857142857,221.76533333333333,0.006159986193881501
AAPL,2024-09-16,216.54,217.22,213.92,216.32,-0.027775280898876487,3.3000000000000114,1.5239678581324518,220.86214285714286,221.649,0.01192397826285016
AAPL,2024-09-17,215.75,216.9,214.5,216.79,0.0021727071005916976,2.4000000000000057,1.1123986095017409,220.28071428571428,221.899,0.012035283207728845
AAPL,2024-09-18,217.55,222.71,217.54,220.69,0.01798975967526184,5.170000000000016,2.376465180418302,220.24928571428572,222.351,0.014373768195462822
AAPL,2024-09-19,224.99,229.82,224.63,228.9,0.03720150437264946,5.189999999999998,2.306769189741765,221.50499999999997,222.98566666666667,0.0199028080026511
AAPL,2024-09-20,229.97,233.09,227.62,228.29,-0.0026649191786807247,5.469999999999999,2.3785711179719087,222.32285714285712,223.48366666666666,0.019966053269331797
AAPL,2024-09-23,227.34,229.45,225.81,226.47,-0.007972315913969075,3.6399999999999864,1.6011260666842553,222.85142857142856,223.8246666666667,0.02045704218995044
AAPL,2024-09-24,228.645,229.35,225.73,227.4,0.004106504172738168,3.6200000000000045,1.5832403944980227,223.55142857142854,224.15366666666665,0.02039338321464313
AAPL,2024-09-25,224.93,227.29,224.02,226.37,-0.004529463500439812,3.269999999999982,1.4537856221935632,224.98714285714283,224.3235,0.0158852745069306
AAPL,2024-09-26,227.3,228.5,225.41,227.74,0.006052038697707207,3.0900000000000034,1.3594368675758923,226.5514285714286,224.52416666666664,0.01577173687526033
AAPL,2024-09-27,228.46,229.52,227.3,227.725,-6.58645824186399e-05,2.219999999999999,0.9717237153112137,227.55642857142857,224.62466666666666,0.01517217225091635
AAPL,2024-09-30,230.04,233.0,229.65,233.0,0.023163903831375565,3.3499999999999943,1.4562684750478152,228.1421428571429,224.8563333333333,0.010283383490399608
AAPL,2024-10-01,229.52,229.65,223.74,226.24,-0.029012875536480687,5.909999999999997,2.57493900313698,227.8492857142857,224.868,0.01584371527813723
AAPL,2024-10-02,225.89,227.37,223.04,226.79,0.0024310466760961713,4.3300000000000125,1.9168621895612965,227.895,224.87733333333333,0.015586194935111989
AAPL,2024-10-03,225.14,226.805,223.32,225.62,-0.005158957625997607,3.4850000000000136,1.5479257350981672,227.6407142857143,224.85133333333334,0.01560311594068307
AAPL,2024-10-04,227.9,228.0,224.13,226.73,0.00491977661554821,3.8700000000000045,1.6981132075471719,227.69214285714287,224.92466666666667,0.015657261334333532
AAPL,2024-10-07,224.5,225.69,221.33,221.69,-0.022229083050324117,4.359999999999985,1.9420935412026659,226.82785714285714,224.75300000000001,0.017478383355940083
AAPL,2024-10-08,224.3,225.98,223.25,225.77,0.018404077766250193,2.7299999999999898,1.2171199286669594,226.54857142857142,224.70466666666667,0.019407417850921007
AAPL,2024-10-09,225.23,229.75,224.83,229.54,0.01669840988616733,4.9199999999999875,2.184433690005766,226.0542857142857,224.75500000000002,0.018176744628479447
AAPL,2024-10-10,227.78,229.5,227.17,229.03,-0.0022218349742963994,2.3300000000000125,1.0229168495917167,226.45285714285714,224.84900000000002,0.013843047929449659
AAPL,2024-10-11,229.3,229.41,227.34,227.46,-0.006854997161943821,2.069999999999993,0.9027474923680736,226.54857142857142,224.77133333333333,0.014216292442666832
AAPL,2024-10-14,228.7,231.73,228.6,231.4,0.017321726897036926,3.1299999999999955,1.3686051595977244,227.3742857142857,224.85133333333337,0.015226066355585273
AAPL,2024-10-15,233.61,237.49,232.37,233.8,0.010371650821089151,5.1200000000000045,2.1916869997003574,228.3842857142857,225.224,0.015435675336267945
AAPL,2024-10-16,231.6,232.12,229.84,231.78,-0.008639863130881165,2.280000000000001,0.9844559585492234,229.82571428571427,225.58833333333334,0.01198214362593996
AAPL,2024-10-17,233.43,233.85,230.52,232.15,0.0015963413581845387,3.329999999999984,1.426551857087771,230.73714285714286,225.91366666666667,0.01081196358076315
AAPL,2024-10-18,236.18,236.18,234.02,235.0,0.012276545337066569,2.1599999999999966,0.9145566940469119,231.5171428571429,226.38500000000002,0.010051472404991166
AAPL,2024-10-21,234.45,236.85,234.45,236.48,0.006297872340425448,2.4000000000000057,1.0236724248240587,232.5814285714286,226.904,0.009768104683765925
AAPL,2024-10-22,233.885,236.22,232.6,235.86,-0.0026217861975641465,3.6200000000000045,1.5477692028133503,233.78142857142856,227.429,0.009043116183645849
AAPL,2024-10-23,234.32,235.144,227.76,230.76,-0.021622996692953533,7.3840000000000146,3.151246159098675,233.69,227.70216666666667,0.011893888258007503
AAPL,2024-10-24,229.98,230.82,228.41,230.57,-0.0008233662679840714,2.4099999999999966,1.0479172101921892,233.22857142857146,227.96216666666666,0.010927780952516
AAPL,2024-10-25,229.74,233.22,229.57,231.41,0.0036431452487313276,3.6500000000000057,1.5887525028292877,233.1757142857143,228.25916666666666,0.010654252065401774
AAPL,2024-10-28,233.32,234.73,232.55,233.4,0.00859945551186203,2.1799999999999784,0.9343391050917104,233.3542857142857,228.8285,0.011165305099857442
AAPL,2024-10-29,233.1,234.325,232.34,233.78,0.001628106255355588,1.9849999999999852,0.8515658515658452,233.18,229.39483333333334,0.010010106155863388
AAPL,2024-10-30,232.61,233.23,229.55,230.22,-0.015227992129352441,3.6799999999999784,1.582047203473616,232.28571428571428,229.7125,0.010778942772483448
AAPL,2024-10-31,229.34,229.83,225.39,225.39,-0.020979932238728183,4.440000000000026,1.93599023284208,230.79,229.5955,0.012540901249432508
AAPL,2024-11-01,220.965,225.35,220.27,223.29,-0.00931718354851585,5.079999999999984,2.2990066300092704,229.72285714285712,229.42883333333333,0.010791389582028566
AAPL,2024-11-04,220.99,222.79,219.71,222.12,-0.0052398226521562785,3.079999999999984,1.3937282229965084,228.51571428571427,229.28383333333332,0.010659377759541986
AAPL,2024-11-05,221.795,223.95,221.14,223.45,0.005987754367008824,2.8100000000000023,1.266935683852207,227.37857142857143,229.15216666666666,0.01101698988429728
AAPL,2024-11-06,222.58,226.06,221.19,222.7,-0.0033564555829044274,4.8700000000000045,2.187977356456108,225.84999999999997,229.02983333333336,0.009372996728603247
AAPL,2024-11-07,224.625,227.875,224.57,227.49,0.02150875617422554,3.305000000000007,1.471341124095718,224.95142857142855,229.0215,0.01411141026084516
AAPL,2024-11-08,227.17,228.66,226.405,226.96,-0.0023297727372632027,2.2549999999999955,0.9926486772020934,224.48571428571427,228.996,0.01318256005959164
AAPL,2024-11-11,225.0,225.7,221.5,224.23,-0.012028551286570432,4.199999999999989,1.8666666666666616,224.32,228.70366666666666,0.011334810090088765
AAPL,2024-11-12,224.55,225.59,223.355,224.23,0.0,2.2350000000000136,0.9953239812959311,224.4542857142857,228.63666666666668,0.01067995183328859
AAPL,2024-11-13,224.01,226.65,222.77,225.22,0.004415109485795821,3.8799999999999955,1.732065532788713,224.89714285714285,228.58433333333335,0.010412810784388266
AAPL,2024-11-14,225.02,228.87,225.0,228.22,0.013320309031169542,3.8700000000000045,1.7198471247000284,225.57857142857142,228.671,0.011215418629664414
AAPL,2024-11-15,226.4,226.92,224.27,225.0,-0.014109192884059207,2.6499999999999773,1.170494699646633,225.90714285714284,228.61333333333332,0.012859125941990967
AAPL,2024-11-18,225.25,229.74,225.17,228.02,0.013422222222222224,4.570000000000022,2.0288568257491773,225.98285714285717,228.82433333333336,0.010994159517624636
AAPL,2024-11-19,226.98,230.16,226.66,228.28,0.0011402508551880963,3.5,1.5419860780685524,226.17142857142858,228.908,0.010929427830992471
AAPL,2024-11-20,228.06,229.93,225.89,229.0,0.0031540213772560666,4.0400000000000205,1.7714636499166974,226.85285714285715,228.89,0.009330274383563231
AAPL,2024-11-21,228.88,230.155,225.71,228.52,-0.002096069868995576,4.444999999999993,1.942065711289756,227.46571428571428,228.87300000000002,0.009476916267358988
AAPL,2024-11-22,228.06,230.72,228.06,229.87,0.005907579205321145,2.6599999999999966,1.1663597298956399,228.13000000000002,228.95333333333335,0.00953723044594023
AAPL,2024-11-25,231.46,233.245,229.74,232.87,0.013050854830991332,3.5049999999999955,1.5143005270889118,228.7942857142857,229.00233333333335,0.00948887976558128
AAPL,2024-11-26,233.33,235.57,233.33,235.06,0.00940438871473348,2.2399999999999807,0.9600137144816272,230.23142857142855,229.04433333333333,0.00595963573228604
AAPL,2024-11-27,234.465,235.69,233.85,234.93,-0.0005530502850336072,1.8400000000000034,0.7847653167850226,231.21857142857144,229.14933333333332,0.005492031106082278
AAPL,2024-11-29,234.84,237.81,233.97,237.33,0.010215808964372464,3.8400000000000034,1.63515585079203,232.51142857142858,229.322,0.005692967905427005
AAPL,2024-12-02,237.27,240.79,237.16,239.59,0.009522605654573857,3.6299999999999955,1.5299026425591078,234.02428571428572,229.475,0.005748639323096548
AAPL,2024-12-03,239.81,242.76,238.9,242.65,0.012771818523310774,3.859999999999985,1.6096076060214275,236.04285714285717,229.68066666666667,0.004696606247181964
AAPL,2024-12-04,242.87,244.11,241.25,243.01,0.0014836183803832448,2.8600000000000136,1.1775847161032706,237.92000000000002,229.91899999999998,0.005371191462011572
AAPL,2024-12-05,243.99,244.54,242.13,243.04,0.00012345170980609943,2.4099999999999966,0.9877453994016134,239.37285714285716,230.32833333333332,0.005558314149975162
AAPL,2024-12-06,242.905,244.63,242.08,242.84,-0.0008229098090848375,2.549999999999983,1.0497931290010427,240.48428571428573,230.73733333333334,0.005890943715231279
AAPL,2024-12-09,241.83,247.24,241.75,246.75,0.016101136550815243,5.490000000000009,2.2701898027540044,242.17285714285714,231.24866666666668,0.006729815419347475
AAPL,2025-01-27,224.02,232.15,223.98,229.86,-0.06844984802431608,8.170000000000016,3.6469958039460835,241.1057142857143,231.13066666666666,0.0290944717758941
AAPL,2025-01-28,230.85,240.19,230.81,238.26,0.03654398329417896,9.379999999999995,4.0632445310807865,240.9157142857143,231.28,0.03277545191658653
AAPL,2025-01-29,234.12,239.855,234.01,239.36,0.004616805170821969,5.844999999999999,2.4965829489150857,240.44571428571427,231.5846666666667,0.03237498219015719
AAPL,2025-01-30,238.665,240.79,237.21,237.59,-0.007394719251336945,3.579999999999984,1.5000104749334775,239.67142857142855,231.99133333333333,0.03241313003572087
AAPL,2025-01-31,247.19,247.19,233.44,236.0,-0.006692200850204166,13.75,5.562522755774911,238.66571428571427,232.415,0.03241463544230707
AAPL,2025-02-03,229.99,231.83,225.7,228.01,-0.033855932203389894,6.130000000000024,2.6653332753598087,236.54714285714286,232.61133333333333,0.03427244960742587
AAPL,2025-02-04,227.25,233.13,226.65,232.8,0.021007850532871464,6.47999999999999,2.851485148514847,234.55428571428573,232.92300000000003,0.03490259089520295
AAPL,2025-02-05,228.53,232.67,228.27,232.47,-0.0014175257731959823,4.399999999999977,1.925348969500712,234.92714285714285,233.24866666666668,0.02244390193091609
AAPL,2025-02-06,231.285,233.8,230.425,233.22,0.003226222738417883,3.375,1.4592386017251444,234.20714285714283,233.43966666666665,0.01663662009421603
AAPL,2025-02-07,232.6,234.0,227.26,227.63,-0.023968784838350077,6.740000000000009,2.897678417884785,232.53142857142856,233.462,0.017933252850257108
AAPL,2025-02-10,229.57,230.585,227.2,227.65,8.786188112286375e-05,3.3850000000000193,1.4744957964890968,231.1114285714286,233.57600000000002,0.018128688996087505
AAPL,2025-02-11,228.2,235.23,228.13,232.62,0.021831759279595797,7.099999999999994,3.111305872042066,230.62857142857143,233.85566666666668,0.02092301376544447
AAPL,2025-02-12,231.2,236.96,230.68,236.87,0.018270140142722102,6.280000000000001,2.7162629757785473,231.8942857142857,234.24400000000003,0.016436634576988015
AAPL,2025-02-13,236.91,242.34,235.57,241.53,0.01967323848524516,6.77000000000001,2.8576252585370017,233.14142857142858,234.68766666666667,0.016234302726602808
AAPL,2025-02-14,241.25,245.55,240.99,244.6,0.012710636359872352,4.560000000000002,1.8901554404145087,234.8742857142857,235.341,0.016125338078524627
AAPL,2025-02-18,243.91,245.18,241.84,244.47,-0.0005314799672935244,3.3400000000000034,1.369357549915954,236.48142857142858,235.88933333333335,0.016348615123748123
AAPL,2025-02-19,244.66,246.01,243.16,244.87,0.001636192579866691,2.8499999999999943,1.1648818768903761,238.94428571428574,236.44233333333335,0.00988675690041579
AAPL,2025-02-20,244.94,246.78,244.29,245.83,0.0039204475844325515,2.490000000000009,1.0165754878745852,241.54142857142855,237.00333333333336,0.009301182523146925
AAPL,2025-02-21,245.95,248.69,245.22,245.55,-0.0011389984948948495,3.469999999999999,1.4108558650132137,243.38857142857142,237.571,0.00891697039664831
AAPL,2025-02-24,244.925,248.86,244.62,247.173,0.0066096518020768436,4.240000000000009,1.7311421863835905,244.86042857142857,238.14776666666666,0.007629374151304501
AAPL,2025-02-25,248.0,250.0,244.91,247.04,-0.0005380846613506352,5.090000000000003,2.052419354838711,245.6475714285714,238.6201,0.005029186594539437
AAPL,2025-02-26,244.33,244.899,239.13,240.36,-0.027040155440414382,5.7690000000000055,2.3611509024679758,245.04185714285717,238.79676666666668,0.011203324057317207
AAPL,2025-02-27,239.41,242.46,237.06,237.38,-0.012398069562323255,5.400000000000006,2.2555448811662027,244.029,238.87843333333333,0.011750764010171161
AAPL,2025-02-28,236.95,242.09,230.2,241.395,0.016913809082483855,11.890000000000015,5.017936273475423,243.53257142857143,239.01393333333334,0.01417099330476344
AAPL,2025-03-03,241.79,244.027,236.112,238.03,-0.013939808198181414,7.914999999999992,3.2735017990818447,242.4182857142857,238.96193333333335,0.01454026955623293
AAPL,2025-03-04,237.705,240.07,234.68,235.93,-0.008822417342351785,5.389999999999986,2.2675164594770774,241.044,238.73793333333336,0.01453387158994488
AAPL,2025-03-05,235.42,236.55,229.23,235.74,-0.0008053236129360597,7.320000000000022,3.1093365049698503,239.41071428571428,238.49560000000002,0.013744255633308463
AAPL,2025-03-06,234.435,237.83,233.33,235.32,-0.001781623822855738,4.5,1.9195086057969162,237.7364285714286,238.23826666666668,0.013659694974316329
AAPL,2025-03-07,235.185,241.37,234.82,239.07,0.015935747067822525,6.550000000000011,2.7850415630248575,237.55214285714285,238.1126,0.012690458156850251
AAPL,2025-03-10,235.54,236.15,224.22,227.55,-0.04818672355377074,11.930000000000007,5.064957119809802,236.14785714285716,237.4726,0.021990447606900936
AAPL,2025-03-11,223.805,225.825,217.45,220.755,-0.029861568885959144,8.375,3.742096914724872,233.1992857142857,237.16910000000001,0.02101905690740217
AAPL,2025-03-12,220.14,221.75,214.91,216.98,-0.017100405426830667,6.840000000000003,3.1071136549468537,230.19214285714284,236.4597666666667,0.021089107448907924
AAPL,2025-03-13,215.95,216.78,208.42,209.68,-0.03364365379297618,8.360000000000014,3.871266496874283,226.44214285714287,235.47043333333332,0.022330382970127762
AAPL,2025-03-14,211.25,213.95,209.58,213.38,0.017645936665394935,4.369999999999976,2.0686390532544263,223.24785714285716,234.66343333333333,0.025372442371503635
AAPL,2025-03-17,213.31,215.22,210.01,214.15,0.003608585621895255,5.210000000000008,2.442454643476634,220.2235714285714,233.93510000000003,0.02587674634689404
AAPL,2025-03-18,214.16,215.15,211.49,212.69,-0.006817651179080175,3.6599999999999966,1.7090026148673874,216.45499999999998,233.42443333333333,0.022879052565493777
AAPL,2025-03-19,214.22,218.73,213.75,215.255,0.0120598053505101,4.97999999999999,2.324712911959663,214.6985714285714,232.8396,0.020058658785736604
AAPL,2025-03-20,213.99,217.49,212.22,214.1,-0.005365729019070398,5.27000000000001,2.4627319033599746,213.74785714285713,232.22726666666665,0.017531656942265685
AAPL,2025-03-21,211.56,218.84,211.28,218.27,0.019476879962634364,7.560000000000002,3.573454339194556,213.93214285714288,231.72893333333334,0.01848164429295547
AAPL,2025-03-24,221.0,221.48,218.58,220.73,0.011270444861868123,2.8999999999999773,1.3122171945701255,215.5107142857143,231.49893333333333,0.010543590211753877
AAPL,2025-03-25,220.77,224.1,220.08,223.75,0.013681873782449117,4.019999999999982,1.8208995787471043,216.99214285714285,231.3689333333333,0.009994417691329666
AAPL,2025-03-26,223.51,225.02,220.47,221.53,-0.009921787709497254,4.550000000000011,2.0357031005324195,218.04642857142858,230.99926666666667,0.011859068578203229
AAPL,2025-03-27,221.39,224.99,220.6,223.85,0.01047262221820966,4.390000000000015,1.9829260580875445,219.64071428571427,230.56526666666664,0.010758361145789114
AAPL,2025-03-28,221.67,223.81,217.68,217.9,-0.026580299307571997,6.1299999999999955,2.7653719492939937,220.01857142857145,229.7776,0.016394700218321064
AAPL,2025-03-31,217.005,225.62,216.23,222.07,0.019137218907755882,9.390000000000015,4.327089237575178,221.15714285714284,229.0266,0.017190790280326645
AAPL,2025-04-01,219.805,223.68,218.9,223.19,0.005043454766515021,4.780000000000001,2.1746548076704357,221.85999999999999,228.31726666666665,0.01604297819628302
AAPL,2025-04-02,221.315,225.19,221.08,223.89,0.003136341233926254,4.109999999999985,1.8570815353681338,222.31142857142854,227.61793333333333,0.015659490937668483
AAPL,2025-04-03,205.54,207.49,201.25,203.018,-0.09322435124391437,6.240000000000009,3.0359054198696165,219.34971428571427,226.19086666666666,0.03829585200131338
AAPL,2025-04-04,193.915,199.88,187.34,188.4,-0.07200346767281718,12.539999999999992,6.466750896011135,214.61685714285713,224.28586666666664,0.04416665437466185
AAPL,2025-04-07,177.2,194.15,174.78,181.46,-0.036836518046709066,19.370000000000005,10.931151241534993,208.56114285714287,222.09543333333332,0.041932137686184145
AAPL,2025-04-08,186.7,190.335,169.21,172.42,-0.049818141739226385,21.125,11.314943760042851,202.064,219.60809999999998,0.042644511542982266
AAPL,2025-04-09,171.95,200.61,171.95,198.93,0.15375246491126338,28.660000000000025,16.667635940680444,198.7582857142857,218.2271,0.08188740824173009
AAPL,2025-04-10,189.065,194.77,183.0,190.42,-0.04277886693811905,11.77000000000001,6.225372226482961,194.07685714285714,216.66176666666667,0.08214025962952955
AAPL,2025-04-11,186.29,199.54,186.06,198.15,0.040594475370234306,13.47999999999999,7.236029845939123,190.3997142857143,215.22026666666665,0.08504337140828769
AAPL,2025-04-14,211.44,212.91,201.162,202.52,0.022053999495331933,11.74799999999999,5.556186152099881,190.32857142857145,214.0366,0.0780976198838576
AAPL,2025-04-15,201.855,203.51,200.01,202.14,-0.001876357890578828,3.5,1.7339179113720244,192.29142857142855,212.91026666666667,0.07119466727803553
AAPL,2025-04-16,198.36,200.7,192.37,194.27,-0.03893341248639548,8.329999999999984,4.199435370034273,194.12142857142857,211.52793333333332,0.0714391541016119
AAPL,2025-04-17,197.15,198.833,194.42,196.935,0.013718021310547224,4.413000000000011,2.238397159523211,197.6235714285714,210.24843333333334,0.06613666730144667
AAPL,2025-04-21,193.265,193.8,189.811,193.16,-0.019168761266407763,3.9890000000000043,2.0640053812123274,196.79928571428573,208.71810000000002,0.03146368679529762
AAPL,2025-04-22,196.12,201.59,195.97,199.74,0.03406502381445442,5.6200000000000045,2.8655924943911915,198.13071428571428,207.7911,0.02888491412032057
AAPL,2025-04-23,206.0,208.0,202.799,204.22,0.022429157905276886,5.200999999999993,2.524757281553395,198.99785714285713,207.23993333333334,0.026063707332070897
AAPL,2025-04-24,204.89,208.83,203.04,208.37,0.020321222211340695,5.7900000000000205,2.8259065840207045,199.83357142857145,206.95293333333333,0.02587801590089602
AAPL,2025-04-25,206.365,209.75,206.35,209.28,0.004367231367279345,3.4000000000000057,1.6475662055096578,200.85357142857146,206.9396,0.025734241045123164
AAPL,2025-04-28,210.0,211.5,207.46,210.14,0.004109327217125314,4.039999999999992,1.92380952380952,203.12071428571429,206.8316,0.017114174067243634
AAPL,2025-04-29,208.693,212.24,208.37,211.21,0.005091843532882834,3.8700000000000045,1.854398566315116,205.16,206.7336,0.017230113186684513
AAPL,2025-04-30,209.25,213.58,206.695,212.39,0.005586856682922026,6.885000000000019,3.2903225806451704,207.90714285714284,206.72359999999998,0.011928797717980772
AAPL,2025-05-01,209.08,214.56,208.9,213.32,0.004378737228683205,5.659999999999997,2.7070977616223435,209.84714285714287,206.6591,0.008171412216357291
AAPL,2025-05-02,206.09,206.99,202.3,205.35,-0.03736171010688172,4.689999999999998,2.275704789169779,210.00857142857143,206.36743333333334,0.01786569453897738
AAPL,2025-05-05,203.1,204.1,198.21,198.89,-0.0314584855125396,5.889999999999986,2.9000492368291413,208.65428571428575,205.72143333333332,0.019169546273356212
AAPL,2025-05-06,198.21,200.65,197.02,198.51,-0.0019106038513750923,3.6299999999999955,1.8313909489934894,207.1157142857143,204.98076666666668,0.018719633982283487
AAPL,2025-05-07,199.17,199.44,193.25,196.25,-0.011384816885799176,6.189999999999998,3.1078977757694424,205.1314285714286,204.06410000000002,0.01804028558948175
AAPL,2025-05-08,197.72,200.05,194.68,197.49,0.006318471337579679,5.3700000000000045,2.715961966417158,203.17142857142858,203.26276666666666,0.018211691481851793
AAPL,2025-05-09,199.0,200.54,197.535,198.53,0.005266089422249154,3.0049999999999955,1.510050251256279,201.19142857142856,202.41876666666667,0.018168034910677516
AAPL,2025-05-12,210.97,211.268,206.92,210.79,0.06175389109958185,4.348000000000013,2.0609565341043816,200.82999999999998,202.18176666666665,0.03263175979160152
AAPL,2025-05-13,210.43,213.4,209.0,212.93,0.010152284263959421,4.400000000000006,2.0909566126502903,201.91285714285715,201.8771,0.028556389686804177
AAPL,2025-05-14,212.43,213.93,210.58,212.33,-0.002817827455032118,3.3499999999999943,1.5769900673162898,203.83285714285714,201.5151,0.024072595294128665
AAPL,2025-05-15,210.95,212.96,209.55,211.33,-0.004709650072999616,3.4099999999999966,1.616496800189617,205.66428571428568,201.09643333333332,0.02431814773041118
AAPL,2025-05-16,212.36,212.57,209.78,211.252,-0.0003690909951261645,2.789999999999992,1.313806743266148,207.80742857142857,201.3709,0.02308740593944808
AAPL,2025-05-19,207.91,209.48,204.26,208.78,-0.011701664362940956,5.219999999999999,2.5107017459477654,209.4202857142857,202.05023333333335,0.0246238073214948
AAPL,2025-05-20,207.67,208.47,205.03,206.86,-0.009196283168885877,3.4399999999999977,1.6564742138970472,210.6102857142857,202.89690000000002,0.025504421987896042
AAPL,2025-05-21,205.17,207.04,200.71,202.09,-0.0230590737696994,6.329999999999984,3.0852463810498536,209.36742857142858,203.88590000000002,0.010312768002232357
AAPL,2025-05-22,200.715,202.75,199.7,201.36,-0.003612251966945368,3.0500000000000114,1.5195675460229734,207.71457142857142,203.9669,0.007713978378398114
AAPL,2025-05-23,193.75,197.7,193.46,195.27,-0.030244338498212175,4.239999999999981,2.1883870967741834,205.27742857142857,204.12856666666667,0.010967490799436897
AAPL,2025-05-27,198.3,200.74,197.43,200.21,0.025298304911148595,3.3100000000000023,1.6691880988401422,203.68885714285716,204.19723333333334,0.017895964230954745
AAPL,2025-05-28,200.59,202.73,199.9,200.42,0.0010488986564105574,2.829999999999984,1.410838027817929,202.14142857142858,204.12723333333332,0.017998590279747283
AAPL,2025-05-29,203.575,203.81,198.51,199.95,-0.002345075341782299,5.300000000000011,2.6034630971386523,200.87999999999997,204.05423333333331,0.017969163993745405
AAPL,2025-05-30,199.37,201.96,196.78,200.73,0.0039009752438110556,5.180000000000007,2.5981842804835265,200.00428571428571,204.2695666666667,0.018262273087661
AAPL,2025-06-02,200.28,202.13,200.12,201.7,0.004832361879141045,2.009999999999991,1.0035949670461308,199.9485714285714,204.42839999999998,0.01639492778554973
AAPL,2025-06-03,201.35,203.77,200.955,203.27,0.007783837382250969,2.8149999999999977,1.3980630742488194,200.22142857142856,204.76539999999997,0.016559987599423714
AAPL,2025-06-04,202.91,206.24,202.1,202.82,-0.002213804299699973,4.140000000000015,2.0403134394559235,201.29999999999998,204.8680666666667,0.009496019289061035
AAPL,2025-06-05,203.5,204.75,200.15,200.63,-0.010797751701015712,4.599999999999994,2.260442260442258,201.35999999999999,204.74839999999998,0.006144808315924947
AAPL,2025-06-06,203.0,205.7,202.05,203.92,0.016398345212580434,3.6499999999999773,1.7980295566502353,201.85999999999999,204.60006666666666,0.008669967239832701
AAPL,2025-06-09,204.39,206.0,200.02,201.45,-0.012112593173793651,5.97999999999999,2.9257791477078086,202.0742857142857,204.3390666666667,0.010227399931125668
AAPL,2025-06-10,200.6,204.35,200.57,202.67,0.006056093323405287,3.780000000000001,1.8843469591226327,202.35142857142858,204.09006666666664,0.010356929151872963
AAPL,2025-06-11,203.5,204.49,198.41,198.78,-0.01919376326047262,6.0800000000000125,2.9877149877149938,201.93428571428572,203.67573333333334,0.012744008377467414
AAPL,2025-06-12,199.08,199.68,197.36,199.175,0.0019871214407889415,2.319999999999993,1.1653606590315417,201.3492857142857,203.23523333333335,0.012177164370088965
AAPL,2025-06-13,199.73,200.36,195.7,196.45,-0.013681435923183272,4.660000000000025,2.333149752165436,200.43928571428572,202.6729,0.012832704975094377
AAPL,2025-06-16,197.3,198.685,196.564,198.42,0.01002799694578771,2.1210000000000093,1.075012671059305,200.12357142857144,202.4419,0.013519022172614727
AAPL,2025-06-17,197.2,198.39,195.21,195.64,-0.014010684406813856,3.1799999999999784,1.6125760649087113,198.94071428571425,202.33356666666666,0.011550544674693903
AAPL,2025-06-18,195.94,197.57,195.07,196.58,0.004804743406256584,2.5,1.275900785954884,198.24500000000003,202.26923333333332,0.011788404649905965
AAPL,2025-06-20,198.235,201.7,196.855,201.0,0.02248448468816755,4.844999999999999,2.4440689081141063,198.0064285714286,202.42756666666665,0.015148251347948987
AAPL,2025-06-23,201.625,202.298,198.96,201.5,0.0024875621890547706,3.337999999999994,1.6555486670799722,198.395,202.56123333333332,0.012873845200501567
AAPL,2025-06-24,202.59,203.44,200.2,200.3,-0.005955334987593042,3.240000000000009,1.599289204797872,198.5557142857143,202.62023333333335,0.013221933641882077
AAPL,2025-06-25,201.45,203.67,200.62,201.56,0.006290564153769385,3.049999999999983,1.5140233308513196,199.28571428571428,202.31256666666667,0.011613126330374705
AAPL,2025-06-26,201.43,202.64,199.46,201.0,-0.0027783290335383626,3.1799999999999784,1.5787122077148281,199.6542857142857,201.91490000000002,0.011463882995765612
AAPL,2025-06-27,201.89,203.22,200.0,201.06,0.00029850746268667017,3.219999999999999,1.5949279310515623,200.42857142857142,201.53923333333333,0.009206828074239682
AAPL,2025-06-30,202.01,207.39,199.261,205.17,0.020441659206207108,8.12899999999999,4.02405821493985,201.65571428571428,201.3339,0.01114291570622037
AAPL,2025-07-01,206.665,210.186,206.14,207.82,0.012916118340888127,4.046000000000021,1.9577577238526218,202.62999999999997,201.2195,0.009232842795046691
AAPL,2025-07-02,208.91,213.34,208.14,212.44,0.022230776633625382,5.200000000000017,2.4891101431238414,204.19285714285712,201.3415,0.011207911517238649
AAPL,2025-07-03,212.145,214.65,211.81,213.55,0.005225004707211545,2.8400000000000034,1.338707016427445,206.08571428571426,201.5645,0.00963466596851253
AAPL,2025-07-07,212.68,216.23,208.8,209.95,-0.016857878716928232,7.429999999999978,3.4935113785969434,207.28428571428572,201.8265,0.013859066781139412
AAPL,2025-07-08,210.1,211.43,208.46,210.01,0.0002857823291260164,2.969999999999999,1.4136125654450258,208.57142857142858,202.11483333333334,0.013584017730432796
AAPL,2025-07-09,209.53,211.33,207.22,211.14,0.005380696157325726,4.110000000000014,1.9615329547081628,210.01142857142855,202.64383333333333,0.013339488789482021
AAPL,2025-07-10,210.505,213.48,210.03,212.438,0.006147579804868908,3.4499999999999886,1.6389159402389437,211.0497142857143,203.05143333333334,0.011979513225760248
AAPL,2025-07-11,211.16,211.16,211.16,211.16,-0.006015872866436234,0.0,0.0,211.52685714285715,203.4094333333333,0.012043730569576078
AAPL,2025-07-14,209.925,210.91,207.54,208.62,-0.012028793332070409,3.3700000000000045,1.6053352387757551,210.98114285714286,203.69843333333336,0.009252129131430106
AAPL,2025-07-15,209.22,211.89,208.92,209.11,0.0023487680951010947,2.969999999999999,1.4195583596214507,210.34685714285715,203.97776666666667,0.008906605158222145
AAPL,2025-07-16,210.295,212.4,208.64,210.16,0.005021280665678196,3.7600000000000193,1.787964526022977,210.37685714285712,204.25976666666665,0.006809960738110601
AAPL,2025-07-17,210.57,211.8,209.59,210.02,-0.0006661591168632963,2.210000000000008,1.0495322220639254,210.3782857142857,204.48476666666667,0.006816596667116244
AAPL,2025-07-18,210.87,211.79,209.704,211.18,0.00552328349680975,2.0859999999999843,0.9892350737421085,210.384,204.76343333333332,0.006835448865391146
AAPL,2025-07-21,212.1,215.78,211.63,212.48,0.006155885974050479,4.150000000000006,1.9566242338519593,210.39000000000001,205.15843333333333,0.006836684973990397
AAPL,2025-07-22,213.14,214.95,212.23,214.4,0.009036144578313365,2.719999999999999,1.2761565168433888,210.85285714285715,205.50776666666667,0.006977120835377449
AAPL,2025-07-23,215.0,215.15,212.41,214.293,-0.0004990671641791344,2.740000000000009,1.274418604651167,211.6632857142857,205.93586666666667,0.003604363789602595
AAPL,2025-07-24,213.9,215.69,213.54,213.76,-0.0024872487668753385,2.1500000000000057,1.0051425899953277,212.32757142857142,206.30553333333333,0.004329614749950554
AAPL,2025-07-25,214.7,215.24,213.4,213.88,0.0005613772455090871,1.8400000000000034,0.8570097810898946,212.859,206.80886666666666,0.004337330264152833
AAPL,2025-07-28,214.03,214.845,213.06,214.05,0.000794838227043293,1.7849999999999966,0.8339952343129451,213.4347142857143,207.3047,0.00419127733636185
AAPL,2025-07-29,214.175,214.81,210.82,211.36,-0.012567157206260227,3.990000000000009,1.8629625306408353,213.46042857142857,207.80169999999998,0.006888653718358967
AAPL,2025-07-30,211.895,212.39,207.72,209.069,-0.0108393262679789,4.6699999999999875,2.20392175369876,212.97314285714285,208.15666666666667,0.007392398039382267
AAPL,2025-07-31,208.49,209.84,207.16,207.57,-0.007169881713692594,2.680000000000007,1.2854333541177068,211.99742857142857,208.55433333333335,0.005568281224059067
AAPL,2025-08-01,210.865,213.57,201.5,202.27,-0.025533554945319614,12.069999999999993,5.724041448320012,210.27985714285714,208.74400000000003,0.009290246990546454
AAPL,2025-08-04,204.505,207.88,201.675,203.35,0.005339397834577486,6.204999999999984,3.034155644116273,208.79271428571428,208.82233333333335,0.01048352143893958
AAPL,2025-08-05,203.4,205.34,202.16,202.92,-0.002114580772067942,3.180000000000007,1.563421828908558,207.227,208.86966666666666,0.01020439855391249
AAPL,2025-08-06,205.63,215.38,205.59,213.275,0.051029962546816465,9.789999999999992,4.7609784564509035,207.11628571428568,209.3021666666667,0.024547030082581727
AAPL,2025-08-07,218.875,220.85,216.58,220.03,0.03167272301019808,4.269999999999982,1.9508852084523045,208.35485714285716,209.91783333333333,0.026471436444713867
AAPL,2025-08-08,220.83,231.0,219.25,229.35,0.04235786029177846,11.75,5.320835031472173,211.25214285714284,210.86283333333333,0.028380239045328066
AAPL,2025-08-11,227.92,229.56,224.76,227.27,-0.009069108349683774,4.800000000000011,2.1060021060021112,214.06642857142856,211.7365,0.028620564427950985
AAPL,2025-08-12,228.005,230.8,227.07,229.65,0.010472125665508036,3.730000000000018,1.6359290366439412,217.97785714285715,212.55249999999998,0.023178928700464136
AAPL,2025-08-13,231.07,235.0,230.43,233.33,0.016024384933594593,4.569999999999993,1.977755658458473,222.2607142857143,213.40283333333335,0.02250784562354211
AAPL,2025-08-14,234.055,235.12,230.85,232.827,-0.002155745082072613,4.27000000000001,1.8243575228044735,226.53314285714285,214.08239999999998,0.02251460708919409
AAPL,2025-08-15,234.0,234.28,229.335,231.59,-0.005312957689615039,4.944999999999993,2.11324786324786,229.14957142857142,214.68373333333332,0.019455833397896354
AAPL,2025-08-18,231.7,233.12,230.11,230.89,-0.0030225830130835574,3.009999999999991,1.29909365558912,230.701,215.38173333333333,0.01797111630234402
AAPL,2025-08-19,231.275,232.87,229.35,230.56,-0.0014292520247736196,3.5200000000000102,1.5219976218787201,230.87385714285713,216.0667333333333,0.009022345945156123
AAPL,2025-08-20,229.98,230.47,225.77,226.01,-0.019734559333795976,4.699999999999989,2.0436559700843504,230.69385714285713,216.5624,0.011519194941882232
AAPL,2025-08-21,226.27,226.52,223.78,224.9,-0.0049112871111897105,2.740000000000009,1.210942679100194,230.0152857142857,216.9778,0.010441312569781754
AAPL,2025-08-22,226.17,229.09,225.41,227.76,0.012716763005780285,3.680000000000007,1.6270946633063654,229.21957142857144,217.53113333333334,0.009469999859033207
AAPL,2025-08-25,226.48,229.3,226.23,227.16,-0.0026343519494204104,3.0700000000000216,1.3555280819498507,228.41,218.1491333333333,0.009461183168290236
AAPL,2025-08-26,226.87,229.49,224.69,229.31,0.009464694488466208,4.800000000000011,2.1157491074183503,228.0842857142857,218.82246666666666,0.010566915000767878
AAPL,2025-08-27,228.61,230.9,228.51,230.49,0.005145872399808127,2.390000000000015,1.0454485805520382,228.02714285714288,219.50013333333334,0.01080169552056282
AAPL,2025-08-28,230.82,233.41,229.335,232.56,0.008980866848887104,4.074999999999989,1.76544493544753,228.31285714285715,220.25146666666666,0.011308568449684534
AAPL,2025-08-29,232.51,233.38,231.37,232.14,-0.001805985552115641,2.009999999999991,0.8644789471420545,229.18857142857146,220.95013333333333,0.006939578502342649
AAPL,2025-09-02,229.25,230.85,226.98,229.72,-0.010424743689153027,3.8700000000000045,1.6881134133042548,229.87714285714284,221.5248,0.008282737135126951
AAPL,2025-09-03,237.21,238.49,234.36,238.49,0.03817691102211396,4.1299999999999955,1.7410733105686926,231.41,222.3278,0.015592711388737288
AAPL,2025-09-04,238.45,239.9,236.74,239.78,0.005409031825233779,3.1599999999999966,1.3252254141329407,233.2128571428572,223.17736666666667,0.015078033549138621
AAPL,2025-09-05,239.995,241.32,238.49,239.669,-0.00046292434731831644,2.829999999999984,1.179191233150684,234.6927142857143,224.04100000000003,0.01536495405182921
AAPL,2025-09-08,239.3,240.15,236.34,237.927,-0.007268357609870324,3.8100000000000023,1.592143752611785,235.75514285714286,224.84256666666667,0.016230130215733524
AAPL,2025-09-09,237.0,238.781,233.36,234.35,-0.015034023040680577,5.420999999999992,2.2873417721518954,236.01085714285713,225.51923333333335,0.017640839277640735
AAPL,2025-09-10,232.185,232.42,225.95,226.81,-0.03217409857051412,6.469999999999999,2.786571053254947,235.24942857142858,226.03423333333333,0.021763468968752368
AAPL,2025-09-11,226.875,230.45,226.65,230.02,0.014152815131607932,3.799999999999983,1.6749311294765767,235.29228571428573,226.7326,0.022361256084082286
AAPL,2025-09-12,229.22,234.51,229.02,234.07,0.01760716459438294,5.489999999999981,2.395078963441227,234.66085714285717,227.61593333333334,0.017362303182296705
AAPL,2025-09-15,237.0,238.19,235.03,236.749,0.01144529414277784,3.1599999999999966,1.333333333333332,234.22785714285712,228.76523333333333,0.017962354136387512
AAPL,2025-09-16,237.175,241.22,236.324,238.161,0.005964122340538003,4.895999999999987,2.06429851375566,234.01242857142856,229.9256,0.018197434958693214
AAPL,2025-09-17,238.97,240.1,237.73,238.95,0.003312884981168107,2.3700000000000045,0.9917562874000939,234.1585714285714,231.1266,0.01800497980314318
AAPL,2025-09-18,239.97,241.2,236.65,237.85,-0.004603473530027213,4.549999999999983,1.896070342126092,234.6585714285714,231.94576666666666,0.016876935665938012
AAPL,2025-09-19,241.225,246.3,240.211,245.5,0.03216312802186261,6.088999999999999,2.5241993989014397,237.32857142857142,232.79476666666667,0.011749251172633205
AAPL,2025-09-22,248.3,256.64,248.12,256.099,0.04317311608961294,8.519999999999982,3.431333064840911,241.05414285714284,233.68640000000002,0.016871599392729277
AAPL,2025-09-23,255.875,257.34,253.58,254.499,-0.006247583942147306,3.7599999999999625,1.4694675134342794,243.9725714285714,234.59403333333333,0.01870366161461061
AAPL,2025-09-24,255.22,255.74,251.04,252.31,-0.008601212578438377,4.700000000000017,1.8415484679884089,246.19557142857144,235.3493666666667,0.02030012752727519
AAPL,2025-09-25,253.205,257.17,251.714,256.87,0.01807300542982837,5.456000000000017,2.154775774570019,248.86828571428572,236.13403333333332,0.02048272116713698
AAPL,2025-09-26,254.095,257.6,253.78,255.46,-0.00548915793981386,3.8200000000000216,1.503374722052784,251.22685714285714,236.8884666666667,0.021290304798168073
AAPL,2025-09-29,254.56,254.95,253.01,254.38,-0.004227667736631968,1.9399999999999977,0.7620993086109357,253.58828571428572,237.64813333333333,0.021248419154871894
AAPL,2025-09-30,254.855,255.919,253.11,254.63,0.000982781665225252,2.8089999999999975,1.1021953659924262,254.89257142857144,238.43946666666665,0.01892920329941611
AAPL,2025-10-01,255.04,258.79,254.93,255.45,0.0032203589522050713,3.8600000000000136,1.5134880803011346,254.79985714285712,239.26913333333334,0.009112614651570088
AAPL,2025-10-02,256.575,258.18,254.15,257.13,0.0065766294773927925,4.030000000000001,1.5706908311409924,255.1757142857143,240.30646666666664,0.009012515881995005
AAPL,2025-10-03,254.665,259.24,253.95,258.049,0.003574067592268415,5.2900000000000205,2.0772387253843365,255.9955714285714,241.41143333333335,0.007834988820780334
AAPL,2025-10-06,257.99,259.07,255.05,256.69,-0.005266441644803832,4.019999999999982,1.5581999302298468,255.96985714285714,242.37576666666666,0.004882714846214252
AAPL,2025-10-07,256.805,257.4,255.43,256.48,-0.000818107444777616,1.9699999999999704,0.7671190202682855,256.1155714285714,243.35309999999998,0.0043071053590844005
AAPL,2025-10-08,256.52,258.52,256.11,258.06,0.006160324391765393,2.409999999999968,0.93949789490097,256.64128571428574,244.31143333333333,0.00416277294007027
AAPL,2025-10-09,257.805,258.0,253.14,254.04,-0.01557777261102078,4.860000000000014,1.8851457496945416,256.55699999999996,245.09643333333332,0.007903262282136782
AAPL,2025-10-10,254.94,256.38,244.0,245.27,-0.03452212250039355,12.379999999999995,4.856044559504196,255.10271428571426,245.5201,0.014886779032375359
AAPL,2025-10-13,249.38,249.69,245.56,247.66,0.009744363354670327,4.1299999999999955,1.6561071457213872,253.74985714285714,246.03743333333335,0.01536257524117799
AAPL,2025-10-14,246.6,248.845,244.7,247.86,0.0008075587498990178,4.14500000000001,1.6808596918086012,252.2942857142857,246.6421,0.015131775699782725
AAPL,2025-10-15,249.485,251.82,247.47,249.415,0.006273702896796518,4.349999999999994,1.7435917991061565,251.25499999999997,247.00626666666668,0.01579329957804915
AAPL,2025-10-16,248.25,249.04,245.13,247.45,-0.007878435539161677,3.9099999999999966,1.575025176233634,249.96499999999997,247.2619333333333,0.015782393038353323
AAPL,2025-10-17,248.02,253.38,247.27,252.29,0.0195595069711052,6.109999999999985,2.4635110071768347,249.14071428571427,247.6826333333333,0.01801593117217136
AAPL,2025-10-20,255.885,264.375,255.63,262.24,0.03943874113123802,8.745000000000005,3.417550852922213,250.31214285714285,248.4930666666667,0.02297538949810512
AAPL,2025-10-21,261.88,265.29,261.83,262.77,0.0020210494203782847,3.4600000000000364,1.3212158240415597,252.81214285714285,249.44039999999998,0.015490734964751078
AAPL,2025-10-22,258.45,258.45,255.43,258.45,-0.016440232903299434,3.019999999999982,1.1685045463339065,254.35357142857143,250.49506666666667,0.018441797996151272
AAPL,2025-10-23,259.94,260.62,258.0101,259.57,0.00433352679435095,2.609899999999982,1.0040393937062329,256.02642857142854,251.48006666666666,0.018315949293149267
AAPL,2025-10-24,261.19,264.13,259.18,262.82,0.012520707323650626,4.949999999999989,1.89517209694092,257.9414285714286,252.4384,0.018440173156446506
AAPL,2025-10-27,264.88,269.12,264.6501,268.81,0.02279126398295417,4.4698999999999955,1.687518876472363,260.99285714285713,253.50709999999998,0.01776676243531739
AAPL,2025-10-28,268.985,269.89,268.15,269.0,0.0007068189427477112,1.740000000000009,0.6468762198635646,263.38,254.53506666666667,0.017864171057049242
AAPL,2025-10-29,269.275,271.41,267.11,269.83,0.003085501858735906,4.300000000000011,1.5968805124872385,264.4642857142857,255.56440000000003,0.011965769087966201
AAPL,2025-10-30,271.99,274.14,268.48,271.46,0.006040840529222047,5.659999999999968,2.080958858781561,265.7057142857143,256.6847333333333,0.011943256538548339
AAPL,2025-10-31,276.99,277.32,269.16,270.37,-0.00401532454136877,8.159999999999968,2.945954727607483,267.40857142857146,257.51373333333333,0.008778289838114767
AAPL,2025-11-03,270.42,270.85,266.2568,269.04,-0.004919184820801115,4.593200000000024,1.6985430071740346,268.76142857142855,257.9451,0.00979563763376027
AAPL,2025-11-04,268.325,271.486,267.615,270.04,0.0037169194171871034,3.870999999999981,1.4426534985558486,269.79285714285714,258.46313333333336,0.009244684391475091
AAPL,2025-11-05,268.61,271.7,266.93,270.14,0.00037031550881327924,4.769999999999982,1.7758087934179596,269.98285714285714,259.05746666666664,0.004025630542635223
AAPL,2025-11-06,267.89,273.4,267.89,269.77,-0.0013696601762049898,5.509999999999991,2.0568143641046666,270.09285714285716,259.48746666666665,0.0041018825513913304
AAPL,2025-11-07,269.795,272.29,266.77,268.47,-0.004818919820587686,5.520000000000039,2.0459978872848046,269.8985714285714,259.92113333333333,0.004326261596542463
AAPL,2025-11-10,268.96,273.73,267.455,269.4,0.003464074198234357,6.275000000000034,2.33306067816777,269.6042857142857,260.42179999999996,0.003723379651118862
AAPL,2025-11-11,269.81,275.91,269.8,275.38,0.022197475872308914,6.110000000000014,2.2645565397872627,270.32000000000005,261.1134666666667,0.009294582783770058
AAPL,2025-11-12,275.0,275.73,271.7,273.3,-0.007553199215629247,4.03000000000003,1.4654545454545562,270.92857142857144,261.70846666666665,0.009697299300014369
AAPL,2025-11-13,274.11,276.699,272.09,272.95,-0.0012806439809733838,4.609000000000037,1.6814417569588986,271.3442857142857,262.2358,0.009758229862261292
AAPL,2025-11-14,271.05,275.96,269.6,272.6,-0.001282286132991306,6.359999999999957,2.3464305478693808,271.6957142857143,262.72083333333336,0.009812013195534515
AAPL,2025-11-17,268.815,270.49,265.73,267.47,-0.01881878209831256,4.759999999999991,1.7707345200230609,271.3671428571428,263.0801666666667,0.012470474570512282
AAPL,2025-11-18,269.99,270.71,265.32,267.425,-0.0001682431674581153,5.389999999999986,1.9963702359346591,271.2178571428571,263.445,0.012366255456088557
AAPL,2025-11-19,265.525,272.21,265.5,268.5201,0.004094979900906903,6.7099999999999795,2.5270690142171097,271.09215714285716,263.79366999999996,0.012402138327937292
AAPL,2025-11-20,270.83,275.43,265.92,266.33,-0.008156186445633096,9.509999999999991,3.511427832957941,269.7993,264.20333666666664,0.007535220077836449
AAPL,2025-11-21,265.95,273.33,265.67,271.5,0.01941200765967044,7.659999999999968,2.880240646738097,269.54215714285715,265.07766999999996,0.011633912502892833
AAPL,2025-11-24,270.9,277.0,270.9,275.8,0.015837937384898693,6.100000000000023,2.2517534145441207,269.9493,266.01567,0.013227145385302671
AAPL,2025-11-25,275.27,280.38,275.25,276.97,0.004242204496011759,5.1299999999999955,1.8636248047371655,270.57358571428574,266.9860033333333,0.01319406928325962
AAPL,2025-11-26,276.96,279.515,276.63,277.55,0.002094089612593386,2.884999999999991,1.0416666666666634,272.01358571428574,267.92383666666666,0.009434042678650348
AAPL,2025-11-28,277.26,279.0,275.9865,278.85,0.004683840749414525,3.013500000000022,1.0868859554209125,273.6457285714286,268.97050333333334,0.009135696482225742
AAPL,2025-12-01,278.01,283.42,276.14,283.1,0.01524116908732287,7.28000000000003,2.618610841336653,275.7285714285714,269.9975033333333,0.009696411736157283
AAPL,2025-12-02,283.0,287.4,282.6301,286.19,0.010914871070293097,4.76989999999995,1.6854770318021024,278.5657142857143,270.7958366666666,0.006758335043525276
AAPL,2025-12-03,286.2,288.62,283.3,284.17,-0.0070582480170515716,5.319999999999993,1.8588399720475168,280.3757142857143,271.50917,0.008110699942085102
AAPL,2025-12-04,284.095,284.73,278.59,280.48,-0.012985184924517057,6.140000000000043,2.1612488780161714,281.04428571428576,272.24350333333336,0.009765999129378288
AAPL,2025-12-05,280.54,281.14,278.05,278.78,-0.006061038220194104,3.089999999999975,1.101447208954151,281.30285714285714,272.88383666666664,0.010216474818985955
AAPL,2025-12-08,278.13,279.6693,276.15,277.99,-0.002833775737140276,3.519300000000044,1.2653435443857346,281.3657142857143,273.3895033333334,0.010296032973305908
AAPL,2025-12-09,278.16,280.03,276.92,277.18,-0.0029137738767581745,3.109999999999957,1.1180615473108846,281.1271428571428,273.6685033333334,0.010152858387623373
AAPL,2025-12-10,277.75,279.75,276.44,278.64,0.005267335305577436,3.3100000000000023,1.1917191719171927,280.49,273.9898366666667,0.007994707503556894
AAPL,2025-12-11,279.095,279.59,273.81,278.03,-0.0021892047085846356,5.779999999999973,2.070979415611162,279.32428571428574,274.26317,0.005567033906263784
AAPL,2025-12-12,277.9,279.22,276.82,278.28,0.0008991835413445504,2.400000000000034,0.8636200071968457,278.48285714285714,274.4905033333334,0.005676178002105976
AAPL,2025-12-15,280.15,280.15,272.84,274.115,-0.01496693977289043,7.310000000000002,2.609316437622703,277.5735714285714,274.6153366666667,0.006276418611233483
AAPL,2025-12-16,272.82,275.5,271.79,274.46,0.0012585958448094736,3.7099999999999795,1.3598709772010775,276.95642857142855,274.7960033333333,0.006340781377170264
AAPL,2025-12-17,275.01,276.16,271.64,271.84,-0.009546017634628035,4.520000000000039,1.6435765972146608,276.0778571428571,274.8560033333333,0.00693070875313123
AAPL,2025-12-18,273.605,273.63,266.95,272.16,0.0011771630370809305,6.680000000000007,2.4414758502220377,275.36071428571427,274.92333666666667,0.007125665512666467
AAPL,2025-12-19,272.145,274.5763,269.9,273.71,0.005695179306290266,4.676300000000026,1.7183119293024036,274.65642857142853,275.05467000000004,0.007205637845774671
AAPL,2025-12-22,272.86,273.88,270.505,270.83,-0.010522085418874005,3.375,1.2368980429524299,273.6278571428571,275.13333666666665,0.0078044368400896225
AAPL,2025-12-23,270.84,272.5,269.56,272.36,0.005649300299080728,2.9399999999999977,1.0855117412494455,272.78214285714284,275.23200333333335,0.008452133427462682
AAPL,2025-12-24,272.34,275.43,272.195,273.82,0.0053605522103097325,3.2350000000000136,1.1878534185209715,272.73999999999995,275.18000333333333,0.007044771675141383
AAPL,2025-12-26,274.16,275.37,272.86,273.4,-0.001533854356876807,2.509999999999991,0.915523781733291,272.5885714285714,275.18333666666666,0.007031923344288532
AAPL,2025-12-29,272.69,274.36,272.35,273.76,0.0013167520117045584,2.009999999999991,0.7371007371007338,272.86285714285714,275.2103366666667,0.005802051144107828
AAPL,2025-12-30,272.81,274.08,272.28,273.04,-0.0026300409117474555,1.8000000000000114,0.6597998607089224,272.9885714285714,275.2250033333333,0.005961172540588392
AAPL,2025-12-31,273.06,273.68,271.75,271.86,-0.004321711104600112,1.9300000000000068,0.7068043653409531,272.7242857142857,275.3713366666667,0.0056960298845420525
AAPL,2026-01-02,272.255,277.84,269.0,271.01,-0.003126609284190507,8.839999999999975,3.2469559787698943,272.75,275.49083666666667,0.0040831715461629794
AAPL,2026-01-05,270.64,271.51,266.15,267.27,-0.013800228773846013,5.360000000000014,1.980490688737812,272.02285714285716,275.44916666666666,0.005894838521040624
AAPL,2026-01-06,267.0,267.55,262.12,262.22,-0.01889475062670687,5.430000000000007,2.033707865168542,270.3657142857143,275.31216666666666,0.00733585932255298
AAPL,2026-01-07,263.2,263.68,259.81,260.35,-0.00713141636793535,3.8700000000000045,1.4703647416413392,268.50142857142856,274.9405,0.007049379630673645
AAPL,2026-01-08,257.02,259.29,255.7,259.04,-0.005031688112156707,3.590000000000032,1.396778460820182,266.3985714285714,274.3818333333333,0.0061624964127063985
AAPL,2026-01-09,259.075,260.21,256.22,259.31,0.0010423100679430863,3.9899999999999523,1.5400945672102488,264.4371428571429,273.79316666666665,0.006803706843201501
AAPL,2026-01-12,259.16,261.3,256.8,260.25,0.0036250048204851115,4.5,1.736379070844266,262.7785714285714,273.21649999999994,0.007953816590678014
AAPL,2026-01-13,258.72,261.81,258.39,261.05,0.00307396733909715,3.420000000000016,1.3218923933209707,261.35571428571427,272.6231666666667,0.008665074607333258
AAPL,2026-01-14,259.49,261.82,256.71,259.96,-0.0041754453169892125,5.110000000000014,1.9692473698408468,260.31142857142856,271.85183333333333,0.00781370874089023
AAPL,2026-01-15,260.65,261.04,257.05,258.21,-0.006731804893060467,3.990000000000009,1.5307884135814347,259.73857142857145,270.9191666666667,0.004637424452272737
AAPL,2026-01-16,257.9,258.9,254.94,255.517,-0.01042949537198401,3.9599999999999795,1.535478867778201,259.04814285714286,269.96406666666667,0.005337803730700746
AAPL,2026-01-20,252.73,254.79,243.42,246.72,-0.03442823765150649,11.370000000000005,4.498872314327546,257.2881428571429,268.8387333333333,0.013235292641803413
AAPL,2026-01-21,248.7,251.56,245.18,247.63,0.003688391699091964,6.3799999999999955,2.565339766787292,255.61957142857142,267.80039999999997,0.013533060994255126
AAPL,2026-01-22,249.2,251.0,248.17,248.32,0.0027864152162500044,2.8300000000000125,1.135634028892461,253.91528571428572,266.8114,0.013432008316233682
AAPL,2026-01-23,247.32,249.41,244.68,247.983,-0.001357119845360799,4.72999999999999,1.9125020216723232,252.04857142857142,265.83816666666667,0.012997370107925045
AAPL,2026-01-26,251.48,256.56,249.8,255.41,0.029949633644241747,6.759999999999991,2.688086527755683,251.39857142857142,265.0638333333333,0.019237931825372385
AAPL,2026-01-27,259.17,261.95,258.21,258.27,0.011197682158098576,3.740000000000009,1.4430682563568349,251.40714285714284,264.4051666666667,0.01974577492574576
AAPL,2026-01-28,257.65,258.855,254.51,256.44,-0.0070856080845626,4.345000000000027,1.6863962740151475,251.53900000000002,263.67716666666666,0.019484452619702036
AAPL,2026-01-29,258.0,259.65,254.41,258.175,0.0067657151770395,5.239999999999981,2.031007751937977,253.17542857142857,263.1458333333333,0.011832122727768322
AAPL,2026-01-30,255.165,261.8999,252.18,259.48,0.005054710951873709,9.719899999999996,3.80926067446554,254.86828571428572,262.6465,0.011787974368300258
AAPL,2026-02-02,260.03,270.49,259.205,269.955,0.040369199938337985,11.285000000000025,4.339883859554677,257.959,262.58366666666666,0.017057931683383168
AAPL,2026-02-03,269.2,271.875,267.61,269.49,-0.001722509307106601,4.264999999999986,1.5843239227340218,261.0314285714286,262.49466666666666,0.017106563513620356
AAPL,2026-02-04,272.285,278.95,272.285,276.37,0.025529704256187502,6.664999999999964,2.447802853627619,264.0257142857143,262.5833333333333,0.016404001720907672
AAPL,2026-02-05,278.13,279.5,273.28,275.9,-0.0017006187357528901,6.220000000000027,2.236364290080188,266.5442857142857,262.75233333333335,0.017144020665438176
AAPL,2026-02-06,277.12,280.905,276.935,278.03,0.007720188474084733,3.9699999999999704,1.4325923787528763,269.62857142857143,262.9413333333333,0.015584544059682895
AAPL,2026-02-09,277.905,278.2,271.7,274.44,-0.01291227565370634,6.5,2.338928770623055,271.95214285714286,262.962,0.018184342127274922
AAPL,2026-02-10,274.885,275.37,272.94,273.79,-0.002368459408249479,2.430000000000007,0.8840060388889924,273.99642857142857,262.975,0.018656648686215107
AAPL,2026-02-11,274.695,280.18,274.45,275.49,0.006209138390737445,5.730000000000018,2.085949871675865,274.78714285714284,263.03266666666667,0.012017879337486699
AAPL,2026-02-12,275.59,275.7,260.18,261.59,-0.05045555192565987,15.519999999999982,5.631554120251091,273.6585714285714,262.651,0.023661109895847045
AAPL,2026-02-13,262.01,262.17,255.45,255.805,-0.02211475973852195,6.720000000000027,2.5647876035265935,270.7207142857143,262.11583333333334,0.020376645167414133
COIN,2023-01-03,36.49,36.93,33.3709,33.6,,3.559100000000001,9.753631131816938,33.6,33.6,
COIN,2023-01-04,34.59,38.5,34.54,37.7,0.12202380952380953,3.960000000000001,11.44839549002602,35.650000000000006,35.650000000000006,
COIN,2023-01-05,34.71,35.26,32.75,33.53,-0.11061007957559688,2.509999999999998,7.231345433592619,34.943333333333335,34.943333333333335,0.16449700051598953
COIN,2023-01-06,33.67,33.75,31.55,33.26,-0.008052490307187687,2.1999999999999993,6.534006534006531,34.5225,34.5225,0.11658789906603095
COIN,2023-01-09,35.19,39.38,34.72,38.27,0.15063138905592321,4.660000000000004,13.242398408638827,35.272000000000006,35.272000000000006,0.12103804545161002
COIN,2023-01-10,37.76,43.29,37.74,43.23,0.12960543506663158,5.549999999999997,14.698093220338976,36.598333333333336,36.598333333333336,0.11246227612871754
COIN,2023-01-11,41.96,43.84,40.6304,43.79,0.01295396715244057,3.209600000000002,7.649189704480462,37.62571428571429,37.62571428571429,0.10216383638112696
COIN,2023-01-12,45.145,47.65,41.67,47.55,0.08586435259191583,5.979999999999997,13.24620666740502,39.61857142857143,38.86625,0.09427385914223065
COIN,2023-01-13,46.24,50.63,45.38,49.98,0.05110410094637219,5.25,11.353806228373701,41.37285714285714,40.10111111111111,0.0895148813007773
COIN,2023-01-17,53.31,54.98,50.7,54.14,0.08323329331732698,4.279999999999994,8.028512474207455,44.31714285714286,41.505,0.0579524315131344
COIN,2023-01-18,54.22,57.3292,50.0,50.21,-0.07258958256372372,7.3292,13.517521209885652,46.73857142857143,42.29636363636364,0.07536395720925682
COIN,2023-01-19,49.2101,51.0,47.92,49.42,-0.015733917546305487,3.0799999999999983,6.258877750705645,48.33142857142857,42.88999999999999,0.06908309385155886
COIN,2023-01-20,50.38,55.19,48.8,55.16,0.11614730878186963,6.390000000000001,12.683604605001985,50.035714285714285,43.83384615384615,0.06627827584125913
COIN,2023-01-23,55.0,56.69,53.21,55.96,0.014503263234227681,3.479999999999997,6.327272727272722,51.77428571428572,44.699999999999996,0.06618601490003233
COIN,2023-01-24,54.202,56.47,53.3412,53.555,-0.042977126518942144,3.1287999999999982,5.7724807202686215,52.63214285714286,45.290333333333336,0.06837470645408397
COIN,2023-01-25,51.5,53.408,49.6,52.76,-0.014844552329381089,3.808,7.3941747572815535,53.02928571428572,45.7571875,0.06777046635624517
COIN,2023-01-26,56.06,56.1,51.9655,53.02,0.004927975739196455,4.134500000000003,7.375133785230115,52.86928571428571,46.184411764705885,0.05957218897348881
COIN,2023-01-27,52.94,62.29,52.41,61.37,0.15748774047529213,9.880000000000003,18.662636947487727,54.46357142857143,47.028055555555554,0.07523142320125893
COIN,2023-01-30,60.01,61.86,55.6715,56.16,-0.08489489978817011,6.188499999999998,10.312447925345772,55.42642857142857,47.50868421052631,0.0861901606285485
COIN,2023-01-31,57.7,60.44,55.91,58.48,0.04131054131054124,4.530000000000001,7.850953206239169,55.90071428571429,48.057249999999996,0.07659799423816753
COIN,2023-02-01,59.08,66.215,56.65,65.7,0.12346101231190154,9.565000000000005,16.189911983750854,57.29214285714285,48.897380952380956,0.0877392404511354
COIN,2023-02-02,68.46,85.54,68.31,81.46,0.2398782343987822,17.230000000000004,25.167981302950636,61.278571428571425,50.377500000000005,0.11220950385141117
COIN,2023-02-03,73.72,87.63,73.02,74.63,-0.0838448318192978,14.61,19.818231144872488,64.40285714285714,51.43195652173913,0.1230774281231746
COIN,2023-02-06,73.18,75.98,70.52,74.59,-0.000535977488945405,5.460000000000008,7.461054933041825,67.48428571428572,52.396875,0.12347867248367088
COIN,2023-02-07,73.43,73.4801,67.3,71.42,-0.04249899450328465,6.180099999999996,8.416314857687587,68.92,53.157799999999995,0.11917766962237467
COIN,2023-02-08,70.83,73.97,68.3,69.44,-0.027723326799215964,5.670000000000002,8.005082592121985,70.81714285714285,53.78403846153846,0.11192544824440917
COIN,2023-02-09,68.49,68.93,59.0,59.63,-0.14127304147465436,9.930000000000007,14.498466929478768,70.98142857142857,54.00055555555556,0.13019029066744173
COIN,2023-02-10,58.255,61.7384,55.97,57.09,-0.04259600872044267,5.7684,9.901982662432408,69.75142857142858,54.11089285714286,0.12078242775511983
COIN,2023-02-13,55.52,57.0899,53.66,56.4,-0.0120861797162376,3.4299000000000035,6.177773775216144,66.17142857142856,54.1898275862069,0.048248795897843526
COIN,2023-02-14,56.33,61.08,55.0319,59.03,0.046631205673759,6.048099999999998,10.736907509320075,63.94285714285714,54.35116666666667,0.057371030248683605
COIN,2023-02-15,60.21,69.46,59.46,69.34,0.17465695409114024,9.999999999999993,16.608536787908974,63.19285714285714,55.542500000000004,0.0973695460021941
COIN,2023-02-16,65.9,73.3,63.91,65.59,-0.05408133833285256,9.39,14.24886191198786,62.36,56.472166666666666,0.09818000759757906
COIN,2023-02-17,64.94,67.9,61.51,65.2,-0.005946028357981414,6.390000000000008,9.839852171234998,61.75428571428572,57.527833333333334,0.09779764619172825
COIN,2023-02-21,63.32,66.87,61.85,62.07,-0.048006134969325154,5.020000000000003,7.92798483891346,62.10285714285715,58.488166666666665,0.08105003307801364
COIN,2023-02-22,62.5,67.48,57.35,61.18,-0.014338649911390333,10.130000000000003,16.208000000000002,62.68714285714286,59.25183333333334,0.07876004603314563
COIN,2023-02-23,63.96,64.6473,59.8908,62.36,0.019287348806799498,4.756500000000003,7.436679174484056,63.53857142857142,59.889500000000005,0.07802334080601242
COIN,2023-02-24,60.88,61.59,56.8,58.44,-0.0628608082103913,4.790000000000006,7.867936925098565,63.454285714285724,60.37783333333333,0.08194309596610831
COIN,2023-02-27,59.94,60.9696,58.1701,58.96,0.008898015058179443,2.799500000000002,4.670503837170507,61.971428571428575,60.75816666666666,0.03253093126845694
COIN,2023-02-28,59.675,67.5,59.4201,64.83,0.09955902306648579,8.079900000000002,13.539840804356936,61.862857142857145,61.25316666666666,0.05300713701023402
COIN,2023-03-01,65.3,66.79,63.09,64.67,-0.0024679932130186044,3.700000000000003,5.666156202143956,61.787142857142854,61.604166666666664,0.052963718602387355
COIN,2023-03-02,61.07,63.9,57.5,63.7,-0.014999226843977143,6.399999999999999,10.479777304732272,62.019999999999996,62.05383333333334,0.04932040903237436
COIN,2023-03-03,61.64,65.56,61.3822,64.51,0.01271585557299848,4.177800000000005,6.7777417261518575,62.49571428571428,62.55683333333333,0.04863274414230249
COIN,2023-03-06,64.6,69.82,62.64,62.77,-0.02697256239342738,7.179999999999993,11.114551083591321,62.55428571428572,62.810500000000005,0.05005903733689527
COIN,2023-03-07,62.8,64.66,60.59,61.89,-0.014019436036323163,4.069999999999993,6.480891719745212,63.047142857142866,63.00816666666667,0.04232048434002953
COIN,2023-03-08,61.2,65.4638,60.3509,63.01,0.018096623040879,5.112900000000003,8.354411764705889,63.62571428571429,63.32333333333334,0.042460851106086064
COIN,2023-03-09,62.39,64.12,57.21,58.09,-0.0780828439930169,6.910000000000004,11.075492867446712,62.66285714285714,63.501,0.032000727132249815
COIN,2023-03-10,56.39,56.41,51.57,53.44,-0.08004820106730948,4.839999999999996,8.58308210675651,61.058571428571426,63.515,0.03945992066790921
COIN,2023-03-13,54.705,61.1,50.77,59.17,0.10722305389221565,10.329999999999998,18.883100265058037,60.41142857142857,63.44166666666667,0.06439665499772085
COIN,2023-03-14,65.45,66.21,61.1,62.65,0.05881358796687497,5.109999999999992,7.8074866310160305,60.14571428571429,63.658,0.06913744625015968
COIN,2023-03-15,61.9,66.29,61.18,64.47,0.02905027932960902,5.1100000000000065,8.255250403877232,60.388571428571424,63.85766666666667,0.06902642874623365
COIN,2023-03-16,64.4,68.62,63.12,67.78,0.05134170932216531,5.500000000000007,8.540372670807464,61.230000000000004,63.927,0.07029786637760718
COIN,2023-03-17,70.52,76.8,69.1,74.98,0.10622602537621728,7.700000000000003,10.918888258650034,62.94,63.711,0.07833548701212048
COIN,2023-03-20,76.76,77.06,72.87,75.14,0.0021339023739663787,4.189999999999998,5.458572173006771,65.37571428571428,63.728,0.06499841947879863
COIN,2023-03-21,76.24,85.05,75.77,83.99,0.11778014373170076,9.280000000000001,12.172088142707242,69.74,64.04133333333333,0.0441462910512482
COIN,2023-03-22,84.25,85.38,76.86,77.14,-0.08155732825336348,8.519999999999996,10.11275964391691,72.30714285714285,64.232,0.06738705890543524
COIN,2023-03-23,61.85,70.0,61.505,66.3,-0.1405237231008556,8.494999999999997,13.734842360549711,72.82857142857142,64.12733333333333,0.09488610311500636
COIN,2023-03-24,64.18,68.73,63.53,67.83,0.023076923076922995,5.200000000000003,8.102212527267065,73.30857142857143,64.40066666666667,0.09473462410578608
COIN,2023-03-27,67.2,67.6,60.51,62.54,-0.07798909037299129,7.089999999999996,10.550595238095232,72.56,64.58233333333334,0.09815345702184987
COIN,2023-03-28,62.32,64.05,61.11,63.04,0.007994883274704101,2.9399999999999977,4.717586649550702,70.85428571428572,64.80366666666667,0.08541938727934859
COIN,2023-03-29,65.42,68.63,63.77,65.3,0.0358502538071066,4.859999999999992,7.428920819321297,69.44857142857143,65.01266666666666,0.08787612855209538
COIN,2023-03-30,66.53,67.17,63.6825,64.16,-0.017457886676875978,3.4875000000000043,5.241996091988583,66.61571428571429,64.84,0.06544130509374356
COIN,2023-03-31,64.7,68.5687,63.93,67.57,0.05314837905236902,4.638700000000007,7.1695517774343225,65.24857142857142,64.906,0.0694279779241002
COIN,2023-04-03,66.01,68.3299,62.7,63.61,-0.05860589018795315,5.629899999999992,8.528859263747904,64.86428571428571,64.853,0.04892716971559164
COIN,2023-04-04,64.66,65.4,60.9501,62.54,-0.0168212545197296,4.449900000000007,6.881998144138582,64.10857142857142,64.86866666666667,0.04743210346169492
COIN,2023-04-05,62.54,63.05,59.22,60.78,-0.028141989126958755,3.8299999999999983,6.124080588423406,63.857142857142854,64.85533333333333,0.03852650118454841
COIN,2023-04-06,59.57,62.74,58.2,61.44,0.010858835143139123,4.539999999999999,7.621285882155446,63.628571428571426,64.82466666666666,0.03868298096980206
COIN,2023-04-10,61.37,66.19,59.66,66.13,0.07633463541666674,6.530000000000001,10.64037803487046,63.74714285714286,65.081,0.04748806995426093
COIN,2023-04-11,68.09,72.6075,67.24,70.19,0.061394223499168454,5.367500000000007,7.882949038037901,64.60857142857142,65.45533333333334,0.051107386907682906
COIN,2023-04-12,70.77,72.02,66.23,67.84,-0.033480552785296935,5.789999999999992,8.181432810512918,64.64714285714285,65.55566666666667,0.050539831707283545
COIN,2023-04-13,69.89,72.53,68.05,68.95,0.016362028301886822,4.480000000000004,6.410072971812854,65.41,65.69833333333334,0.043028462996928855
COIN,2023-04-14,69.3,71.7,67.87,69.91,0.013923132704858565,3.8299999999999983,5.526695526695525,66.46285714285715,65.90533333333333,0.04107854694478993
COIN,2023-04-17,67.12,68.05,64.9,67.72,-0.03132599055929053,3.1499999999999915,4.6930870083432525,67.45428571428572,66.01233333333333,0.041671821641424765
COIN,2023-04-18,70.385,71.79,66.55,67.26,-0.006792675723567565,5.240000000000009,7.444768061376726,68.28571428571429,66.162,0.04257978584795388
COIN,2023-04-19,64.362,65.9385,63.4,64.44,-0.041926851025869905,2.538500000000006,3.944097448805205,68.04428571428572,66.247,0.03667175145540142
COIN,2023-04-20,63.23,65.33,60.17,60.5,-0.06114214773432647,5.159999999999997,8.160683219990506,66.66,66.16333333333333,0.029235057367344195
COIN,2023-04-21,61.08,61.45,58.705,59.04,-0.02413223140495868,2.7450000000000045,4.494106090373289,65.40285714285714,66.195,0.028759647613284207
COIN,2023-04-24,58.96,59.09,54.08,54.75,-0.07266260162601623,5.010000000000005,8.497286295793767,63.37428571428571,66.23866666666666,0.03002208409206988
COIN,2023-04-25,55.71,56.09,53.624,55.55,0.014611872146118587,2.466000000000001,4.426494345718903,61.32285714285714,66.118,0.030198315689788806
COIN,2023-04-26,59.51,59.51,53.6,53.89,-0.02988298829882985,5.909999999999997,9.931104016131737,59.347142857142856,65.826,0.030207891147285334
COIN,2023-04-27,54.67,55.7227,53.58,54.17,0.0051957691593989,2.142700000000005,3.9193341869398295,57.47714285714285,65.48266666666667,0.03213405746002858
COIN,2023-04-28,53.65,54.52,52.17,53.79,-0.007014952925973872,2.3500000000000014,4.380242311276797,55.955714285714286,65.01633333333334,0.03267751963163395
COIN,2023-05-01,53.17,54.38,48.45,50.14,-0.0678564788994237,5.93,11.152905773932668,54.47571428571428,64.18833333333333,0.03398738006305973
COIN,2023-05-02,50.2,52.14,48.26,51.32,0.02353410450737936,3.8800000000000026,7.72908366533865,53.372857142857136,63.39433333333333,0.03884346619870421
COIN,2023-05-03,50.15,51.6,48.31,48.49,-0.05514419329696019,3.289999999999999,6.5603190428713845,52.47857142857142,62.211,0.035216371758186524
COIN,2023-05-04,48.72,50.47,47.6501,49.22,0.015054650443390383,2.819899999999997,5.7879720853858725,51.57428571428572,61.28033333333334,0.03528221957731884
COIN,2023-05-05,54.045,58.58,53.75,58.24,0.18325883787078423,4.829999999999998,8.936996946988616,52.19571428571429,61.01166666666667,0.08240244325173009
COIN,2023-05-08,55.9,58.8,54.61,58.1,-0.0024038461538461453,4.189999999999998,7.4955277280858645,52.75714285714286,60.68733333333333,0.08258549703660345
COIN,2023-05-09,57.9,60.24,56.59,60.21,0.03631669535283999,3.6499999999999986,6.30397236614853,53.674285714285716,60.60966666666666,0.08247876833433092
COIN,2023-05-10,61.45,63.75,59.89,62.64,0.04035874439461873,3.8599999999999994,6.2815296989422285,55.46,60.59633333333333,0.07310167060638195
COIN,2023-05-11,62.41,63.11,59.77,60.35,-0.0365581098339719,3.3399999999999963,5.351706457298504,56.75,60.431333333333335,0.07796072503214879
COIN,2023-05-12,60.89,61.13,56.77,57.34,-0.04987572493786241,4.359999999999999,7.160453276400065,58.01428571428572,60.20399999999999,0.07706891925418023
COIN,2023-05-15,58.4,61.3,57.2,60.77,0.05981862574119279,4.099999999999994,7.02054794520547,59.66428571428571,59.977333333333334,0.07780558715525301
COIN,2023-05-16,58.68,60.1099,57.1433,57.88,-0.04755636004607533,2.9665999999999997,5.0555555555555545,59.61285714285714,59.78633333333334,0.04585750821226446
COIN,2023-05-17,57.49,61.305,57.3,61.04,0.05459571527297857,4.005000000000003,6.966428944164206,60.03285714285715,59.73633333333333,0.050210582107761074
COIN,2023-05-18,60.47,61.7,58.6,60.26,-0.012778505897771963,3.1000000000000014,5.126509012733589,60.04,59.719,0.04903674881372059
COIN,2023-05-19,60.57,61.47,56.59,56.78,-0.057749751078659095,4.8799999999999955,8.056793792306415,59.20285714285715,59.56366666666667,0.04997191419183228
COIN,2023-05-22,56.89,61.1,55.9,61.07,0.07555477280732648,5.200000000000003,9.140446475654777,59.305714285714295,59.394999999999996,0.05837494479895691
COIN,2023-05-23,61.0,63.25,58.67,59.1,-0.032258064516129004,4.579999999999998,7.508196721311472,59.55714285714286,59.025333333333336,0.056041169176675086
COIN,2023-05-24,57.78,58.97,56.6,58.36,-0.01252115059221659,2.3699999999999974,4.101765316718583,59.212857142857146,58.70933333333333,0.05081605502658853
COIN,2023-05-25,58.56,59.14,55.88,56.87,-0.02553118574366009,3.259999999999998,5.566939890710379,59.06857142857143,58.306666666666665,0.04833981036924784
COIN,2023-05-26,56.86,58.91,56.63,56.92,0.0008791981712679142,2.279999999999994,4.009848751319018,58.480000000000004,57.87366666666666,0.04176174044265746
COIN,2023-05-30,60.1,63.38,59.23,61.17,0.07466619817287423,4.150000000000006,6.905158069883536,58.61000000000001,57.65533333333334,0.05226971771325187
COIN,2023-05-31,59.3,62.59,59.212,62.2,0.01683831943763292,3.378,5.696458684654301,59.38428571428572,57.48666666666667,0.044824591468607386
COIN,2023-06-01,61.8,66.3599,60.67,63.57,0.022025723472668846,5.689899999999994,9.20695792880258,59.74142857142857,57.45766666666667,0.03632230979932233
COIN,2023-06-02,65.11,65.2236,62.0011,64.55,0.01541607676577006,3.2225000000000037,4.949316541237911,60.52,57.592666666666666,0.03211324659883157
COIN,2023-06-05,63.38,64.4431,55.81,58.705,-0.0905499612703331,8.633099999999999,13.621173871883874,60.56928571428572,57.581500000000005,0.050672611237955516
COIN,2023-06-06,47.1,52.38,46.43,51.61,-0.12085852993782475,5.950000000000003,12.632696390658179,59.81785714285714,57.47683333333334,0.06884449242727636
COIN,2023-06-07,53.285,54.0,51.7,53.26,0.03197054834334434,2.299999999999997,4.316411748146753,59.295,57.400499999999994,0.07076410716251517
COIN,2023-06-08,52.21,55.05,51.9647,54.9,0.03079233946676685,3.0852999999999966,5.909404328672661,58.39928571428571,57.43416666666667,0.0639147350634521
COIN,2023-06-09,55.0,57.4199,52.4827,53.28,-0.02950819672131144,4.937199999999997,8.976727272727269,57.125,57.4045,0.06263829107303807
COIN,2023-06-12,52.53,52.93,50.1,50.56,-0.05105105105105101,2.8299999999999983,5.387397677517606,55.26642857142857,57.29683333333333,0.06050011795357153
COIN,2023-06-13,51.8,52.66,50.52,52.4,0.03639240506329111,2.1399999999999935,4.131274131274119,53.53071428571428,57.372166666666665,0.06359607695903892
COIN,2023-06-14,52.81,54.79,51.56,53.9,0.028625954198473247,3.229999999999997,6.116265858738869,52.84428571428571,57.45816666666666,0.0597540019173299
COIN,2023-06-15,52.71,54.58,50.93,54.25,0.006493506493506551,3.6499999999999986,6.924682223487001,53.22142857142857,57.650166666666664,0.03469162241141298
COIN,2023-06-16,55.41,56.28,53.9,55.59,0.024700460829493176,2.3800000000000026,4.295253564338572,53.55428571428571,57.8625,0.03394376310714028
COIN,2023-06-20,55.9,57.94,53.63,57.09,0.02698327037236914,4.309999999999995,7.710196779964214,53.867142857142866,57.82416666666666,0.03351983770882025
COIN,2023-06-21,58.9,59.24,56.8201,58.1,0.01769136451217368,2.4199000000000055,4.10848896434636,54.55571428571428,57.82416666666667,0.029694260405850315
COIN,2023-06-22,58.98,59.28,55.1,57.49,-0.010499139414802072,4.18,7.087148185825703,55.54571428571428,57.73350000000001,0.015909808078456638
COIN,2023-06-23,56.85,61.89,55.75,61.47,0.0692294312054269,6.140000000000001,10.800351802990328,56.84142857142857,57.6945,0.0245278781003199
COIN,2023-06-26,64.7825,66.16,61.0,61.94,0.007646006181877274,5.159999999999997,7.965114035426228,57.99000000000001,57.747499999999995,0.025047458910788804
COIN,2023-06-27,63.8,70.3725,62.84,69.89,0.12835001614465624,7.532499999999999,11.8064263322884,60.22428571428572,58.16583333333334,0.04676556078893598
COIN,2023-06-28,69.0,74.3107,69.0,70.75,0.012305050794104933,5.310699999999997,7.696666666666663,62.39,58.49850000000001,0.04756887169912428
COIN,2023-06-29,72.03,74.1781,70.8294,72.43,0.02374558303886931,3.348699999999994,4.649035124253775,64.58142857142857,58.9835,0.04768627539674024
COIN,2023-06-30,73.8,74.97,68.15,71.55,-0.012149661742372087,6.819999999999993,9.24119241192411,66.50285714285714,59.33383333333334,0.050776873604815254
COIN,2023-07-03,73.2,80.845,73.01,79.93,0.11712089447938512,7.834999999999994,10.703551912568297,69.70857142857143,59.9895,0.055943935598938226
COIN,2023-07-05,76.9,79.93,76.16,78.35,-0.019767296384336497,3.7700000000000102,4.90247074122238,72.11999999999999,60.7085,0.06062059359178745
COIN,2023-07-06,78.05,78.4625,74.52,78.1,-0.0031908104658583403,3.9425000000000097,5.0512491992312745,74.42857142857143,61.27616666666667,0.06161789413683276
COIN,2023-07-07,78.15,81.19,77.6202,78.72,0.00793854033290664,3.5698000000000008,4.567882277671146,75.68999999999998,61.930166666666665,0.04614479040792172
COIN,2023-07-10,79.08,81.37,76.55,81.21,0.031631097560975485,4.820000000000007,6.0950935761254526,77.1842857142857,62.691833333333335,0.046325038552536946
COIN,2023-07-11,80.49,92.15,80.49,89.15,0.09777121044206405,11.66000000000001,14.486271586532503,79.57285714285715,63.76783333333333,0.05479486567746739
COIN,2023-07-12,89.0,89.07,84.45,85.95,-0.03589455973079081,4.61999999999999,5.191011235955045,81.63000000000001,64.7355,0.05854240182092907
COIN,2023-07-13,85.345,109.21,83.42,107.0,0.24490983129726573,25.789999999999992,30.218524811060977,85.49714285714286,66.26316666666666,0.09776846125953526
COIN,2023-07-14,106.68,114.43,101.22,105.31,-0.015794392523364453,13.210000000000008,12.382827146606681,89.34857142857143,67.70016666666668,0.09733224886754738
COIN,2023-07-17,104.57,109.48,103.5,105.55,0.002278985851296156,5.980000000000004,5.71865735870709,93.27,69.0995,0.09688526160904913
COIN,2023-07-18,104.5,109.85,101.9,104.59,-0.009095215537659795,7.949999999999989,7.607655502392334,96.96571428571428,70.43416666666667,0.0982502257654649
COIN,2023-07-19,107.31,111.063,105.081,110.15,0.053159957930968504,5.981999999999999,5.574503774112384,101.1,72.14900000000002,0.09809461567163008
COIN,2023-07-20,109.26,111.88,100.37,101.26,-0.08070812528370408,11.509999999999991,10.534504850814562,102.83,73.804,0.10594129860619089
COIN,2023-07-21,102.57,104.334,98.71,100.82,-0.004345249851866573,5.624000000000009,5.483084722628458,104.9542857142857,75.38933333333333,0.10368033705457988
COIN,2023-07-24,99.23,100.39,95.7001,98.85,-0.019539773854393983,4.689899999999994,4.726292451879466,103.79,76.85433333333334,0.0393586792710349
COIN,2023-07-25,99.34,102.59,97.63,97.68,-0.011836115326251728,4.960000000000008,4.9929534930541655,102.7,78.33433333333333,0.03929962924794711
COIN,2023-07-26,97.37,101.32,97.2774,99.75,0.021191646191646152,4.042599999999993,4.151792133100537,101.87142857142858,79.974,0.04090288145559079
COIN,2023-07-27,102.59,102.725,91.8,92.69,-0.07077694235588972,10.924999999999997,10.649186080514667,100.17142857142858,81.317,0.04746853347132165
COIN,2023-07-28,94.8,96.92,93.55,94.76,0.022332506203474045,3.3700000000000045,3.55485232067511,97.97285714285715,82.679,0.04095233485832888
COIN,2023-07-31,94.75,100.2,94.59,98.61,0.04062895736597705,5.609999999999999,5.9208443271767806,97.5942857142857,84.15766666666667,0.0366909702358863
COIN,2023-08-01,95.88,95.95,89.23,94.15,-0.04522867863299862,6.719999999999999,7.008760951188986,96.64142857142858,85.443,0.04000901054132563
COIN,2023-08-02,91.45,95.4111,88.05,90.43,-0.03951141795007962,7.3611000000000075,8.04931656642975,95.43857142857142,86.55433333333333,0.04156501154089097
COIN,2023-08-03,89.0,93.44,88.46,90.75,0.003538648678535816,4.980000000000004,5.595505617977532,94.44857142857144,87.64266666666667,0.041972293960936075
COIN,2023-08-04,89.0,94.29,86.7,87.31,-0.03790633608815419,7.590000000000003,8.528089887640453,92.67142857142858,88.63666666666667,0.04064822098430721
COIN,2023-08-07,87.2,87.3,82.0901,85.96,-0.015462146374985775,5.20989999999999,5.974655963302741,91.71000000000001,89.453,0.03344694784002361
COIN,2023-08-08,87.09,88.985,84.55,88.04,0.02419730107026541,4.435000000000002,5.092433115168219,90.75,90.32300000000001,0.033755529351347985
COIN,2023-08-09,88.53,88.9,84.08,84.34,-0.042026351658337124,4.820000000000007,5.444482096464483,88.71142857142857,90.80466666666668,0.026860994367272413
COIN,2023-08-10,85.0,88.49,82.51,83.39,-0.011263931705003616,5.97999999999999,7.035294117647046,87.17428571428572,91.22600000000001,0.02491462942077387
COIN,2023-08-11,82.06,83.48,80.47,81.01,-0.028540592397169884,3.010000000000005,3.668047769924452,85.82857142857142,91.51199999999999,0.023565109588080856
COIN,2023-08-14,80.04,81.99,78.91,80.81,-0.002468831008517469,3.0799999999999983,3.848075962018988,84.40857142857143,91.82066666666668,0.02286136151897732
COIN,2023-08-15,81.15,83.1,79.1101,79.18,-0.020170770944190064,3.9898999999999916,4.916697473813914,83.24714285714286,91.79566666666666,0.020959789110821112
COIN,2023-08-16,82.51,82.85,77.8,79.0,-0.0022733013387219447,5.049999999999997,6.120470246030781,82.25285714285714,91.81733333333334,0.021361456415090446
COIN,2023-08-17,78.38,79.1846,75.4,75.56,-0.04354430379746832,3.7845999999999975,4.8285276856340875,80.47,91.73266666666667,0.017297597360531262
COIN,2023-08-18,72.34,75.25,72.25,73.19,-0.031365802011646404,3.0,4.147083218136577,78.87714285714286,91.54833333333335,0.015569004356883919
COIN,2023-08-21,73.25,76.0299,72.1014,75.28,0.028555813635742666,3.9284999999999997,5.363139931740614,77.71857142857142,91.35066666666668,0.024169395009323493
COIN,2023-08-22,76.69,77.46,74.02,74.9,-0.005047821466524938,3.4399999999999977,4.485591341765547,76.8457142857143,90.87566666666666,0.023476798999888603
COIN,2023-08-23,74.35,78.17,74.07,77.78,0.03845126835781043,4.1000000000000085,5.5144586415602,76.41285714285713,90.60333333333332,0.030089841600191933
COIN,2023-08-24,77.76,78.0372,73.38,73.66,-0.0529699151452816,4.657200000000003,5.989197530864201,75.62428571428572,89.49199999999999,0.034990397776498254
COIN,2023-08-25,74.32,75.59,72.41,74.26,0.008145533532446514,3.180000000000007,4.278794402583433,74.94714285714285,88.45700000000001,0.03557771482653176
COIN,2023-08-28,74.57,74.71,73.05,73.71,-0.00740640991112318,1.6599999999999966,2.2260962853694473,74.68285714285715,87.39566666666668,0.03205038501390836
COIN,2023-08-29,73.5,86.26,73.17,84.7,0.14909781576448267,13.090000000000003,17.809523809523814,76.32714285714285,86.73266666666667,0.063077870033919
COIN,2023-08-30,83.56,86.5,82.5743,83.83,-0.010271546635183038,3.925700000000006,4.698061273336532,77.54857142857144,85.85533333333333,0.06417366337757775
COIN,2023-08-31,84.43,84.57,78.9,79.6,-0.05045926279374935,5.6699999999999875,6.715622409096278,78.22,85.13333333333334,0.06891124849955996
COIN,2023-09-01,80.0,80.35,77.15,77.99,-0.020226130653266283,3.1999999999999886,3.9999999999999853,78.25,84.37233333333333,0.06853436108260408
COIN,2023-09-05,78.0,79.29,76.28,77.5,-0.006282856776509749,3.010000000000005,3.8589743589743652,78.79857142857144,83.66066666666667,0.0644098906252222
COIN,2023-09-06,77.38,79.97,76.75,78.04,0.006967741935483884,3.219999999999999,4.161281985009045,79.33857142857143,83.006,0.06441385757383329
COIN,2023-09-07,76.2682,82.07,75.4564,81.79,0.048052280881599074,6.613599999999991,8.67150398200035,80.49285714285713,82.40733333333333,0.06549356921530979
COIN,2023-09-08,81.64,82.69,80.35,82.09,0.003667930064800151,2.3400000000000034,2.8662420382165648,80.12,82.05400000000002,0.02987412230971399
COIN,2023-09-11,82.0,83.2,77.79,80.62,-0.017907175051772417,5.409999999999997,6.597560975609753,79.66142857142857,81.58266666666667,0.030274641318006966
COIN,2023-09-12,82.015,86.36,80.54,81.32,0.00868270900520951,5.819999999999993,7.096262878741685,79.90714285714286,81.00633333333333,0.022877860916259193
COIN,2023-09-13,81.89,83.15,79.6197,79.86,-0.01795376291195272,3.530300000000011,4.311026987422165,80.17428571428572,80.52999999999999,0.022501775989029013
COIN,2023-09-14,81.67,84.1,81.26,83.45,0.044953668920611145,2.839999999999989,3.4774090853434423,81.02428571428572,80.29733333333334,0.026692743598222896
COIN,2023-09-15,82.74,83.32,79.95,82.15,-0.015578190533253378,3.3699999999999903,4.072999758278935,81.61142857142856,80.01066666666667,0.028545527384543558
COIN,2023-09-18,83.8,84.3489,81.22,81.61,-0.006573341448569803,3.1289000000000016,3.733770883054895,81.58571428571429,79.82066666666667,0.02250369307939178
COIN,2023-09-19,82.15,82.4,77.77,78.13,-0.04264183310868774,4.63000000000001,5.636031649421801,81.02,79.55966666666667,0.02747007126475799
COIN,2023-09-20,78.62,80.59,76.56,76.67,-0.01868680404454104,4.030000000000001,5.125922157211907,80.4557142857143,79.18066666666667,0.02752452994066021
COIN,2023-09-21,74.38,75.1899,72.8601,74.42,-0.029346550149993433,2.3297999999999917,3.1322936273191613,79.47,78.85,0.0277052374832453
COIN,2023-09-22,75.49,75.95,70.81,70.96,-0.046492878258532766,5.140000000000001,6.808848854152869,78.19857142857143,78.43566666666668,0.030628260704143824
COIN,2023-09-25,69.91,72.36,69.63,71.75,0.011133032694475853,2.730000000000004,3.905020740952659,76.52714285714286,78.12700000000001,0.020261320738484308
COIN,2023-09-26,71.74,73.09,69.71,70.52,-0.017142857142857237,3.3800000000000097,4.711458042932827,74.86571428571428,77.784,0.020197887886003327
COIN,2023-09-27,72.72,73.48,69.95,71.52,0.01418037436188313,3.530000000000001,4.854235423542356,73.4242857142857,77.52866666666667,0.023916664854994208
COIN,2023-09-28,72.59,77.13,71.51,75.16,0.050894854586129856,5.61999999999999,7.742113238738105,72.99999999999999,77.40066666666667,0.032663835688292335
COIN,2023-09-29,76.75,77.4999,74.57,75.08,-0.001064395955295394,2.9299000000000035,3.8174592833876266,72.77285714285713,77.38466666666666,0.03211353147075009
COIN,2023-10-02,78.55,79.9494,74.4,75.31,0.0030633990410229295,5.5493999999999915,7.0647994907701985,72.89999999999999,77.45533333333333,0.029863476881164582
COIN,2023-10-03,74.34,75.65,71.75,72.48,-0.03757801088832824,3.9000000000000057,5.246166263115423,73.11714285714285,77.362,0.027546971751370594
COIN,2023-10-04,73.2,74.11,70.41,73.47,0.013658940397350827,3.700000000000003,5.054644808743173,73.36285714285714,77.31433333333334,0.027682048468966883
COIN,2023-10-05,73.53,75.48,72.1,74.62,0.01565264733905014,3.3800000000000097,4.596763225894206,73.94857142857143,77.209,0.026304354261596104
COIN,2023-10-06,72.475,78.95,72.3183,78.46,0.05146073438756349,6.631700000000009,9.150327699206636,74.93999999999998,77.369,0.031020688787276027
COIN,2023-10-09,76.52,80.06,76.5,79.1,0.008157022686719362,3.5600000000000023,4.652378463146893,75.50285714285714,77.53033333333333,0.026338603252664274
COIN,2023-10-10,79.0,82.0699,77.9728,79.62,0.006573957016434928,4.0970999999999975,5.186202531645566,76.15142857142857,77.72733333333332,0.02607569149555863
COIN,2023-10-11,79.265,80.4899,75.6,77.35,-0.028510424516453248,4.8899000000000115,6.16905317605502,76.44285714285715,77.48233333333334,0.029695340358612685
COIN,2023-10-12,77.04,77.181,74.45,75.19,-0.02792501616031029,2.7309999999999945,3.5449117341640637,76.83,77.19433333333333,0.027580613449691257
COIN,2023-10-13,75.0,75.19,72.1,73.43,-0.0234073680010638,3.0900000000000034,4.1200000000000045,76.82428571428571,76.98866666666667,0.029277266142265012
COIN,2023-10-16,77.61,79.3,73.355,75.21,0.02424077352580678,5.944999999999993,7.66009534853755,76.90857142857143,76.896,0.030194126745345023
COIN,2023-10-17,74.8,79.12,74.5,77.46,0.029916234543278852,4.6200000000000045,6.176470588235301,76.76571428571428,76.89466666666667,0.024885611024256602
COIN,2023-10-18,76.88,78.38,73.78,73.93,-0.045571908081590284,4.599999999999994,5.983350676378765,76.02714285714285,76.75766666666667,0.029284395972609713
COIN,2023-10-19,74.28,76.165,72.72,73.1,-0.01122683619640219,3.4450000000000074,4.6378567582121795,75.09571428571428,76.468,0.028443029006415904
COIN,2023-10-20,74.64,76.76,73.5,74.66,0.021340629274965828,3.260000000000005,4.367631296891754,74.71142857142857,76.22033333333333,0.029766972040300772
COIN,2023-10-23,75.5,80.73,72.42,77.21,0.03415483525314755,8.310000000000002,11.006622516556295,75.0,76.10666666666665,0.030906976611551083
COIN,2023-10-24,83.29,89.4,80.8891,82.07,0.06294521435047273,8.510900000000007,10.218393564653628,76.23428571428572,76.13166666666666,0.03500924690095017
COIN,2023-10-25,83.51,84.09,77.4,77.79,-0.052150603143657714,6.689999999999998,8.011016644713205,76.60285714285715,76.06266666666667,0.04316582656707516
COIN,2023-10-26,77.2,79.16,73.15,74.61,-0.04087929039722338,6.009999999999991,7.784974093264236,76.19571428571429,75.768,0.04479020403257267
COIN,2023-10-27,76.45,76.5,70.42,70.78,-0.05133360139391496,6.079999999999998,7.952910398953563,75.74571428571429,75.38899999999998,0.045714514192715834
COIN,2023-10-30,72.045,74.08,71.88,73.6,0.039841763209946146,2.200000000000003,3.053647026164207,75.81714285714285,75.12200000000001,0.04859647626268563
COIN,2023-10-31,73.6,77.47,73.56,77.12,0.04782608695652191,3.9099999999999966,5.312499999999996,76.16857142857144,75.08833333333334,0.05130964388283798
COIN,2023-11-01,77.42,79.41,75.87,77.81,0.008947095435684727,3.539999999999992,4.5724618961508545,76.25428571428571,75.12633333333333,0.04984944066350544
COIN,2023-11-02,81.71,84.8,80.81,84.6,0.0872638478344685,3.989999999999995,4.883123240729403,76.61571428571428,75.46566666666666,0.055336252769562555
COIN,2023-11-03,83.79,88.34,82.05,85.8,0.014184397163120588,6.290000000000006,7.506862394080446,77.76,75.96033333333334,0.04911987077899218
COIN,2023-11-06,86.815,89.27,84.09,86.37,0.006643356643356801,5.179999999999993,5.9667108218625735,79.44000000000001,76.44766666666666,0.04299173273036163
COIN,2023-11-07,86.2,89.49,84.3,89.07,0.03126085446335525,5.189999999999998,6.02088167053364,82.05285714285715,77.066,0.028395801194895563
COIN,2023-11-08,88.8,89.15,84.69,88.32,-0.008420343550016862,4.460000000000008,5.022522522522531,84.1557142857143,77.62599999999999,0.03225552504053613
COIN,2023-11-09,92.9,99.82,91.3686,92.86,0.05140398550724634,8.451399999999992,9.097308934337988,86.40428571428572,78.216,0.032669651411464815
COIN,2023-11-10,94.4,96.2185,91.8,92.92,0.0006461339651087084,4.418500000000009,4.68061440677967,88.56285714285714,78.81066666666668,0.03358577819205191
COIN,2023-11-13,91.78,93.2677,88.62,92.64,-0.0030133448127421802,4.6477,5.063957289169754,89.71142857142857,79.38833333333334,0.02128221341640082
COIN,2023-11-14,94.91,95.32,89.79,92.09,-0.005936960276338499,5.529999999999987,5.826572542408584,90.61,80.042,0.022460205865211285
COIN,2023-11-15,93.92,100.15,93.07,98.15,0.06580519057443812,7.0800000000000125,7.538330494037491,92.29285714285713,80.86466666666666,0.0305123659398887
COIN,2023-11-16,97.68,97.89,94.45,96.92,-0.012531839021905244,3.4399999999999977,3.521703521703519,93.41428571428573,81.60799999999999,0.03199033027986834
COIN,2023-11-17,97.0,99.43,94.9,99.05,0.021976888155179397,4.530000000000001,4.670103092783506,94.94714285714285,82.29433333333333,0.030704251828306318
COIN,2023-11-20,100.71,106.46,100.01,106.1,0.07117617364967188,6.449999999999989,6.404527852249021,96.83857142857143,83.19433333333333,0.03501369550534464
COIN,2023-11-21,104.0,106.059,101.34,105.49,-0.0057492931196984065,4.718999999999994,4.537499999999994,98.63428571428572,84.05666666666667,0.03567196138153474
COIN,2023-11-22,106.17,109.99,103.36,109.25,0.03564318892786056,6.6299999999999955,6.244701893190163,101.00714285714285,85.12000000000002,0.03470813536795073
COIN,2023-11-24,108.45,116.94,107.98,115.54,0.057574370709382316,8.959999999999994,8.261871830336554,104.35714285714286,86.465,0.033762540778331115
COIN,2023-11-27,112.58,121.46,112.183,119.77,0.03661069759390667,9.276999999999987,8.240362408953622,107.44571428571429,88.00966666666666,0.030764419760175084
COIN,2023-11-28,122.05,129.26,119.701,128.27,0.0709693579360442,9.558999999999997,7.83203605079885,111.92428571428572,89.77833333333334,0.02792431449039142
COIN,2023-11-29,127.82,131.42,126.3,127.82,-0.003508224838231988,5.11999999999999,4.005632921295565,116.03428571428572,91.45699999999998,0.0321809227537736
COIN,2023-11-30,126.06,127.14,118.4,124.72,-0.024252855578156707,8.739999999999995,6.933206409646196,118.6942857142857,93.15,0.03558543912674929
COIN,2023-12-01,126.39,134.33,125.88,133.76,0.07248236048749201,8.450000000000017,6.685655510720798,122.73285714285713,95.172,0.03697990021496827
COIN,2023-12-04,143.53,146.3,137.6,141.09,0.05479964114832536,8.700000000000017,6.0614505678255535,127.28142857142856,97.38633333333334,0.03773023969547078
COIN,2023-12-05,140.0,147.86,139.176,140.2,-0.006308030335247072,8.684000000000026,6.2028571428571615,130.80428571428573,99.486,0.03982105667133589
COIN,2023-12-06,142.5,143.44,134.115,134.63,-0.03972895863052772,9.324999999999989,6.543859649122799,132.92714285714285,101.238,0.04708037959682725
COIN,2023-12-07,131.02,138.48,130.17,136.19,0.011587313377404707,8.310000000000002,6.342543123187301,134.0585714285714,103.18466666666667,0.04083453163288658
COIN,2023-12-08,136.19,146.74,135.85,146.62,0.0765841838607828,10.890000000000015,7.9961818048314965,136.7442857142857,105.585,0.047349979734673024
COIN,2023-12-11,141.5,142.87,135.985,138.02,-0.058655026599372495,6.884999999999991,4.865724381625435,138.6442857142857,107.82633333333334,0.05410191501366736
COIN,2023-12-12,139.89,141.75,135.99,139.62,0.011592522822779339,5.759999999999991,4.117520909285862,139.48142857142858,110.027,0.048027895146507404
COIN,2023-12-13,139.62,150.65,137.15,150.46,0.07763930668958596,13.5,9.669101847872797,140.82,112.47166666666666,0.0523847444828256
COIN,2023-12-14,152.1,154.74,149.1,153.63,0.021068722584075328,5.640000000000015,3.7080867850098715,142.73857142857142,114.999,0.05195070787836797
COIN,2023-12-15,151.81,151.92,146.84,147.9,-0.03729740285100558,5.079999999999984,3.3462881233120245,144.6342857142857,117.109,0.05153572152600219
COIN,2023-12-18,144.81,155.01,144.0,153.43,0.037390128465179195,11.009999999999991,7.603066086596224,147.09714285714287,119.36333333333332,0.052199024162118864
COIN,2023-12-19,155.5,162.09,153.61,161.16,0.05038128136609532,8.47999999999999,5.453376205787775,149.17428571428573,121.85633333333334,0.04810435176113676
COIN,2023-12-20,164.73,169.48,160.07,161.86,0.004343509555721159,9.409999999999997,5.712377830389119,152.58,124.28266666666667,0.03664592600132876
COIN,2023-12-21,166.71,170.17,163.1,168.03,0.0381193624119609,7.069999999999993,4.240897366684657,156.63857142857142,126.93966666666667,0.036570188113473255
COIN,2023-12-22,169.77,178.695,167.9,175.48,0.04433732071653873,10.794999999999987,6.358602815574003,160.21285714285713,129.69366666666667,0.03062474331870233
COIN,2023-12-26,174.8,178.12,169.05,172.05,-0.019546387052655434,9.069999999999993,5.188787185354687,162.84428571428572,132.33133333333333,0.0345620836605904
COIN,2023-12-27,176.32,186.97,175.5,185.24,0.07666376053472823,11.469999999999999,6.50521778584392,168.17857142857142,135.418,0.031530139789167445
COIN,2023-12-28,179.31,187.39,177.75,186.36,0.006046210321744683,9.639999999999986,5.376164184931117,172.88285714285715,138.56033333333332,0.03300998120905727
COIN,2023-12-29,186.06,187.25,171.0,173.92,-0.06675252200042936,16.25,8.73374180371923,174.7057142857143,141.08599999999998,0.046904939631792646
COIN,2024-01-02,173.023,175.57,155.35,156.88,-0.09797608095676169,20.22,11.686307600723604,173.99428571428572,143.08466666666666,0.06287273428970239
COIN,2024-01-03,146.0,156.25,144.11,152.24,-0.029576746557878564,12.139999999999986,8.315068493150674,171.73857142857145,144.8576666666667,0.06071149455283786
COIN,2024-01-04,152.5,161.28,148.806,155.6,0.022070415133998766,12.47399999999999,8.179672131147534,168.89857142857142,146.5076666666667,0.05775456746324708
COIN,2024-01-05,152.67,157.69,151.09,153.98,-0.010411311053984629,6.599999999999994,4.32304971507172,166.31714285714287,148.124,0.057753256399192876
COIN,2024-01-08,157.8,161.379,146.51,159.42,0.035329263540719635,14.869,9.422686945500633,162.6285714285714,149.79633333333334,0.048234058085551076
COIN,2024-01-09,159.6,159.99,151.32,151.99,-0.04660644837536054,8.670000000000016,5.43233082706768,157.71857142857144,151.01133333333334,0.04756308787493154
COIN,2024-01-10,149.21,153.473,143.15,151.29,-0.004605566155668206,10.323000000000008,6.918437102070911,154.4857142857143,152.06199999999998,0.04477797867133717
COIN,2024-01-11,159.19,161.04,140.01,141.16,-0.06695749884328106,21.03,13.210628808342234,152.24,152.49166666666667,0.03638866762833356
COIN,2024-01-12,137.19,141.07,130.37,130.78,-0.07353357891754031,10.699999999999989,7.799402288796552,149.17428571428573,152.59033333333335,0.042692226319505144
COIN,2024-01-16,129.435,136.4,126.88,133.88,0.023703930264566297,9.52000000000001,7.355043071812115,146.07142857142858,152.8956666666667,0.04296837998944241
COIN,2024-01-17,130.51,134.26,129.41,133.86,-0.00014938751120396887,4.849999999999994,3.716190330242889,143.19714285714284,152.899,0.043538841098524586
COIN,2024-01-18,133.25,137.31,123.93,124.34,-0.07111907963544006,13.379999999999995,10.041275797373354,138.18571428571428,152.34066666666666,0.039843987262222394
COIN,2024-01-19,124.34,124.82,118.02,124.75,0.003297410326523975,6.799999999999997,5.468875663503295,134.2942857142857,151.82566666666668,0.041672808159571736
COIN,2024-01-22,124.05,131.776,122.5,128.21,0.027735470941883777,9.27600000000001,7.47762998790811,130.99714285714285,151.61166666666668,0.04613050277106107
COIN,2024-01-23,122.41,126.145,120.33,124.19,-0.031354808517276456,5.814999999999998,4.750428886528876,128.57285714285715,151.21166666666664,0.04219823160123637
COIN,2024-01-24,127.28,127.97,120.79,121.34,-0.02294870762541268,7.179999999999993,5.641106222501565,127.22428571428573,150.369,0.03462396929197619
COIN,2024-01-25,122.38,124.26,118.92,121.01,-0.0027196307895170913,5.340000000000003,4.36345808138585,125.38571428571429,149.80200000000002,0.031633093544313734
COIN,2024-01-26,127.52,128.1,121.46,125.2,0.03462523758367064,6.640000000000001,5.20702634880803,124.14857142857143,149.32133333333334,0.0365065552561849
COIN,2024-01-29,127.09,136.889,125.796,132.82,0.06086261980830665,11.093000000000004,8.72846014635298,125.36,148.73333333333332,0.03294052855180074
COIN,2024-01-30,136.05,136.7,130.44,130.82,-0.015057973196807684,6.259999999999991,4.601249540610063,126.22714285714287,147.973,0.03426047666769868
COIN,2024-01-31,129.09,135.55,127.57,128.2,-0.02002751872802322,7.980000000000018,6.181733674180818,126.22571428571428,147.31633333333332,0.03426986508765898
COIN,2024-02-01,128.75,132.068,124.24,128.95,0.0058502340093604666,7.828000000000017,6.080000000000013,126.90571428571427,146.50033333333334,0.03126226953379901
COIN,2024-02-02,126.9,130.13,125.55,129.22,0.0020938348196977152,4.579999999999998,3.6091410559495647,128.03142857142856,145.4356666666667,0.028756875159069564
COIN,2024-02-05,128.7,128.89,115.8,117.3,-0.0922457823866275,13.08999999999999,10.170940170940163,127.50142857142858,143.95033333333333,0.04829994203614473
COIN,2024-02-06,118.61,120.895,115.9,119.79,0.02122762148337598,4.99499999999999,4.211280667734584,126.72857142857141,142.34233333333336,0.04678298275861538
COIN,2024-02-07,119.68,124.4,114.51,122.07,0.019033308289506445,9.89,8.26370320855615,125.19285714285715,140.56199999999998,0.0389319761938562
COIN,2024-02-08,127.218,133.05,125.81,132.55,0.08585237978209248,7.240000000000009,5.691018566555054,125.43999999999998,139.24533333333332,0.05333028036107756
COIN,2024-02-09,142.155,144.55,137.17,141.99,0.07121840814786862,7.380000000000024,5.191516302627431,127.40999999999998,137.80366666666666,0.05770377453133063
COIN,2024-02-12,141.1,150.35,140.985,147.31,0.03746742728361152,9.36499999999998,6.6371367824237995,130.03285714285715,136.502,0.058000107799080367
COIN,2024-02-13,138.39,143.75,137.13,140.39,-0.04697576539270931,6.6200000000000045,4.783582628802662,131.62857142857143,135.38433333333333,0.06333821320064129
COIN,2024-02-14,151.83,161.125,150.4,160.38,0.14238905904979005,10.724999999999994,7.063821379174072,137.78285714285715,135.501,0.05994937733435237
COIN,2024-02-15,168.79,172.82,162.08,165.67,0.03298416261379211,10.73999999999998,6.362936192902412,144.33714285714285,135.94866666666667,0.05926209789898441
COIN,2024-02-16,189.05,193.64,178.8,180.31,0.08836844329087956,14.839999999999975,7.8497751917482015,152.65714285714284,136.77233333333334,0.05924174752722223
COIN,2024-02-20,179.87,181.31,163.39,173.3,-0.038877488769341606,17.920000000000016,9.96275087563241,158.47857142857146,137.4163333333333,0.06786447062361338
COIN,2024-02-21,164.25,168.09,161.19,162.41,-0.06283900750144267,6.900000000000006,4.200913242009136,161.3957142857143,137.516,0.07628811258109489
COIN,2024-02-22,164.85,171.99,163.8,170.91,0.052336678775937395,8.189999999999998,4.968152866242037,164.76714285714283,138.14666666666668,0.0770011315771693
COIN,2024-02-23,167.38,170.0,160.66,165.98,-0.02884559124685515,9.340000000000003,5.580117098817065,168.42285714285714,138.63633333333334,0.07448306893683475
COIN,2024-02-26,168.66,196.95,168.4,193.94,0.1684540306060971,28.549999999999983,16.927546543341624,173.21714285714285,140.39566666666667,0.08155760991235836
COIN,2024-02-27,205.18,209.94,192.09,199.22,0.027224914922140853,17.849999999999994,8.699678331221364,178.01,142.67700000000002,0.08155419646723103
COIN,2024-02-28,209.41,212.22,197.66,200.8,0.007930930629455046,14.560000000000002,6.95286758034478,180.93714285714285,144.90766666666667,0.07742346457881075
COIN,2024-02-29,206.46,211.31,193.88,203.56,0.013745019920318624,17.430000000000007,8.442313281022962,185.26,147.23100000000002,0.07344281005269772
COIN,2024-03-01,202.7,206.39,196.01,205.77,0.010856749852623304,10.379999999999995,5.120868278243708,191.4542857142857,149.94533333333337,0.06325640589068462
COIN,2024-03-04,217.39,236.46,212.247,229.15,0.11362200515138254,24.212999999999994,11.138046828280967,199.77428571428572,153.42533333333333,0.06980350421304862
COIN,2024-03-05,230.0,239.98,215.4,216.77,-0.05402574732707832,24.579999999999984,10.686956521739123,207.03,156.37733333333335,0.07470280087060124
COIN,2024-03-06,229.2,239.9,223.03,238.55,0.10047515800156859,16.870000000000005,7.36038394415358,213.40285714285716,160.1893333333333,0.05792429796841562
COIN,2024-03-07,240.0,242.87,235.5,242.62,0.017061412701739664,7.3700000000000045,3.070833333333335,219.60285714285715,164.23199999999997,0.05817335750575418
COIN,2024-03-08,246.0,270.548,244.9,256.62,0.05770340450086553,25.647999999999996,10.4260162601626,227.57714285714286,168.75233333333335,0.05807484893754332
COIN,2024-03-11,270.085,271.65,253.96,254.17,-0.009547190398254246,17.68999999999997,6.54978988096339,234.80714285714288,173.05133333333336,0.06025969675307505
COIN,2024-03-12,257.835,260.79,242.09,256.14,0.00775071802337024,18.700000000000017,7.252700370391925,242.00285714285715,177.16199999999998,0.060467315406936735
COIN,2024-03-13,253.36,269.39,250.53,251.73,-0.017217146872803957,18.859999999999985,7.443953268077038,245.22857142857143,181.19233333333335,0.050974386203343075
COIN,2024-03-14,245.0,248.27,227.24,233.67,-0.07174353473960193,21.03,8.583673469387755,247.64285714285714,184.708,0.0552135225828216
COIN,2024-03-15,225.06,244.65,222.83,242.36,0.03718919844224766,21.819999999999993,9.695192393139603,248.18714285714285,188.48833333333332,0.04190149533249112
COIN,2024-03-18,238.61,244.05,230.21,239.62,-0.01130549595642849,13.840000000000003,5.800259838229748,247.75857142857143,192.16833333333335,0.041689280763530435
COIN,2024-03-19,223.24,233.29,216.16,230.12,-0.03964610633503052,17.129999999999995,7.673356029385412,243.97285714285712,195.929,0.034440364290631534
COIN,2024-03-20,231.38,256.96,228.8,256.88,0.11628715452807237,28.159999999999968,12.170455527703332,244.35999999999999,200.49866666666668,0.06061367069430851
COIN,2024-03-21,260.24,276.38,256.268,262.0,0.019931485518529968,20.112000000000023,7.728250845373511,245.19714285714286,205.163,0.060945217109695166
COIN,2024-03-22,254.24,260.725,249.55,255.51,-0.024770992366412226,11.175000000000011,4.395453115166776,245.73714285714286,209.26166666666668,0.06146439190605851
COIN,2024-03-25,261.0,283.48,260.25,279.71,0.09471253571288796,23.230000000000018,8.90038314176246,252.31428571428572,213.85233333333335,0.05957987356858191
COIN,2024-03-26,280.12,280.83,266.69,266.81,-0.04611919488041183,14.139999999999986,5.047836641439378,255.80714285714288,217.83566666666667,0.06535871585838508
COIN,2024-03-27,276.22,276.605,253.95,256.7,-0.03789213297852412,22.65500000000003,8.201795670118031,258.2471428571429,221.71266666666665,0.06790465656663945
COIN,2024-03-28,260.21,270.79,257.91,265.12,0.03280093494351388,12.879999999999995,4.9498481995311465,263.2471428571429,225.20400000000004,0.06417788880099466
COIN,2024-04-01,261.87,268.81,249.224,252.11,-0.04907211828605906,19.586000000000013,7.479283614006954,262.5657142857143,228.08533333333335,0.05324881686601827
COIN,2024-04-02,238.1,248.125,235.99,245.84,-0.024870096386497953,12.134999999999991,5.096598068038635,260.25714285714287,230.26966666666667,0.05293689676969261
COIN,2024-04-03,244.04,255.998,243.0,251.58,0.023348519362186737,12.99799999999999,5.326176036715289,259.69571428571425,232.879,0.053500347621517924
COIN,2024-04-04,260.15,261.5,249.46,249.61,-0.00783051116940936,12.039999999999992,4.628099173553717,255.3957142857143,235.78566666666666,0.03305211409445406
COIN,2024-04-05,244.91,253.96,240.2,240.9,-0.03489443531909786,13.76000000000002,5.618390429137242,251.69428571428574,238.11866666666668,0.031567129341370424
COIN,2024-04-08,252.859,261.63,249.68,256.99,0.06679119966791203,11.949999999999989,4.7259539901684295,251.7357142857143,241.15233333333333,0.041597334978704006
COIN,2024-04-09,253.225,254.55,241.1,242.95,-0.05463247597182774,13.450000000000017,5.3114818837002735,248.56857142857143,242.786,0.04350376960596262
COIN,2024-04-10,238.24,251.265,234.12,250.99,0.033093229059477425,17.144999999999982,7.19652451309603,248.4085714285714,244.51166666666666,0.042785127386747494
COIN,2024-04-11,250.99,264.3,247.31,263.01,0.047890354197378304,16.99000000000001,6.769193991792505,250.86142857142858,246.58533333333332,0.04449937812527279
COIN,2024-04-12,259.42,259.97,244.31,245.75,-0.06562488118322496,15.660000000000025,6.036543057590018,250.0285714285714,247.99166666666667,0.05226047707808886
COIN,2024-04-15,247.94,249.739,222.14,223.41,-0.09090539165818923,27.599000000000018,11.13132209405502,246.28571428571428,248.57966666666664,0.06223950764449131
COIN,2024-04-16,223.0,223.0,205.67,218.83,-0.02050042522716078,17.330000000000013,7.771300448430499,243.13285714285712,248.23566666666665,0.06167087258136099
COIN,2024-04-17,222.04,224.87,205.9,213.78,-0.023077274596718933,18.97,8.543505674653215,236.96,248.136,0.05096327849145044
COIN,2024-04-18,215.57,228.05,213.25,218.08,0.020114136027691965,14.800000000000011,6.865519320870256,233.40714285714287,247.4536666666667,0.05150410453977085
COIN,2024-04-19,223.83,227.76,210.18,210.96,-0.03264856933235516,17.579999999999984,7.854175043559837,227.68857142857146,246.39833333333334,0.04727513681250987
COIN,2024-04-22,216.79,227.14,215.033,225.86,0.07062950322335992,12.107,5.584667189446008,222.3814285714286,245.373,0.0533872372983473
COIN,2024-04-23,223.62,238.67,223.61,236.43,0.04679890197467462,15.059999999999974,6.734639119935593,221.05,244.78166666666667,0.054376336849519605
COIN,2024-04-24,236.83,239.0,223.87,224.37,-0.051008755234107306,15.129999999999995,6.3885487480471195,221.18714285714285,243.72266666666667,0.04507163706019096
COIN,2024-04-25,216.045,225.94,213.64,223.61,-0.003387262111690492,12.300000000000011,5.6932583489550845,221.87000000000003,242.7853333333333,0.044135558931214854
COIN,2024-04-26,220.77,237.02,218.66,236.32,0.0568400339877464,18.360000000000014,8.31634732980025,225.09,242.87366666666668,0.046273475263332
COIN,2024-04-29,229.942,230.32,216.54,218.16,-0.07684495599187546,13.780000000000001,5.992815579580938,225.10142857142858,242.067,0.05770399701152046
COIN,2024-04-30,214.35,216.57,202.59,203.93,-0.06522735606894015,13.97999999999999,6.5220433869839,224.09714285714284,240.87733333333333,0.062064711247820516
COIN,2024-05-01,199.0,218.52,198.2,210.09,0.030206443387436943,20.32000000000002,10.211055276381922,221.84428571428572,240.20966666666666,0.05559712881918349
COIN,2024-05-02,216.48,232.71,210.76,228.85,0.08929506402018172,21.950000000000017,10.139504804138959,220.76142857142855,239.27533333333335,0.06433257259996353
COIN,2024-05-03,230.9,232.25,216.55,223.25,-0.024470176971815527,15.699999999999989,6.799480294499778,220.60142857142858,237.98366666666666,0.061753505276018625
COIN,2024-05-06,225.84,235.8,224.9,226.93,0.01648376259798434,10.900000000000006,4.826425788168617,221.07571428571427,237.031,0.06197903222022498
COIN,2024-05-07,226.94,230.82,214.12,214.34,-0.05547966333230514,16.69999999999999,7.358773244029254,217.93571428571428,234.85199999999998,0.06046598503890407
COIN,2024-05-08,209.5,214.9,206.525,211.2,-0.014649622095735837,8.375,3.997613365155131,216.94142857142856,232.99833333333336,0.05357634948604207
COIN,2024-05-09,210.22,213.85,205.11,210.45,-0.0035511363636363535,8.73999999999998,4.157549234135658,217.87285714285713,231.45666666666668,0.046291219632254445
COIN,2024-05-10,214.5,214.87,200.5,200.92,-0.045283915419339515,14.370000000000005,6.699300699300702,216.56285714285715,229.31666666666666,0.04830009676340772
COIN,2024-05-13,204.0,206.665,197.64,199.51,-0.007017718494923386,9.025000000000006,4.424019607843141,212.37142857142857,227.56333333333333,0.0248718868934403
COIN,2024-05-14,195.96,206.967,194.93,203.05,0.017743471505187847,12.037000000000006,6.142580118391511,209.4857142857143,226.137,0.028251651468461002
COIN,2024-05-15,212.21,221.4,207.7,219.91,0.08303373553311988,13.700000000000017,6.455869186183505,208.4828571428571,225.08133333333333,0.04568693013860899
COIN,2024-05-16,215.0,216.45,198.64,199.17,-0.09431130917193398,17.810000000000002,8.283720930232558,206.31571428571428,223.4,0.054536452710434426
COIN,2024-05-17,205.66,210.67,199.831,207.6,0.042325651453532176,10.838999999999999,5.2703491199066415,205.80142857142854,222.29,0.05773630398492375
COIN,2024-05-20,207.96,226.26,203.72,225.19,0.08473025048169558,22.539999999999992,10.838622812079242,207.90714285714284,221.23,0.06612138412913943
COIN,2024-05-21,231.97,233.65,220.12,225.78,0.00262000976952792,13.530000000000001,5.832650773806958,211.4585714285714,220.65766666666667,0.06157513356390808
COIN,2024-05-22,225.01,238.77,221.209,231.51,0.025378687217645357,17.561000000000007,7.8045420203546545,216.02999999999997,220.00833333333333,0.06055120675153786
COIN,2024-05-23,233.81,234.32,217.66,218.86,-0.05464126819575821,16.659999999999997,7.125443736367135,218.28857142857143,218.5366666666667,0.06740608853293314
COIN,2024-05-24,221.0,237.79,220.05,237.65,0.08585397057479671,17.73999999999998,8.02714932126696,220.82285714285715,218.26666666666668,0.06790290552136445
COIN,2024-05-28,235.45,247.132,231.05,245.0,0.030927835051546282,16.081999999999994,6.83032490974729,227.36999999999998,218.98633333333333,0.048640891361396855
COIN,2024-05-29,239.02,240.49,233.18,236.65,-0.03408163265306119,7.310000000000002,3.058321479374112,231.52,219.58033333333333,0.053964827926264725
COIN,2024-05-30,241.1,248.86,233.38,234.76,-0.007986477920980395,15.480000000000018,6.420572376607224,232.88714285714286,220.27966666666666,0.046294830834418356
COIN,2024-05-31,239.28,240.41,219.17,225.92,-0.03765547793491231,21.24000000000001,8.87662988966901,232.90714285714287,220.541,0.049314933548970305
COIN,2024-06-03,232.5,239.2,224.69,231.39,0.024212110481586446,14.509999999999991,6.240860215053759,232.89000000000001,221.222,0.04922114803842617
COIN,2024-06-04,230.23,247.2,230.156,244.2,0.05536107869830165,17.043999999999983,7.4030317508578305,236.51,221.83333333333334,0.04596831849042237
COIN,2024-06-05,246.86,251.89,240.7,251.4,0.029484029484029506,11.189999999999998,4.532933646601311,238.47428571428574,222.3323333333333,0.03559356939890456
COIN,2024-06-06,250.0,263.8,248.75,257.08,0.02259347653142396,15.050000000000011,6.020000000000005,240.20000000000002,223.42266666666666,0.034854271738234494
COIN,2024-06-07,256.185,263.18,243.86,244.16,-0.050256729422747726,19.319999999999993,7.541425141987233,241.27285714285713,224.1076666666667,0.03841810622996232
COIN,2024-06-10,241.11,253.43,239.53,249.83,0.023222477064220204,13.900000000000006,5.76500352536187,243.4257142857143,224.558,0.03845618096856714
COIN,2024-06-11,242.93,245.66,234.09,244.2,-0.02253532402033387,11.569999999999993,4.762688840406699,246.0371428571428,225.426,0.03568668930282715
COIN,2024-06-12,251.8,263.26,250.58,254.97,0.04410319410319419,12.679999999999978,5.035742652899118,249.40571428571428,227.12733333333335,0.03758789995643381
COIN,2024-06-13,253.77,257.1,243.26,247.64,-0.028748480213358518,13.840000000000032,5.453757339323021,249.89714285714285,228.379,0.035773875799299346
COIN,2024-06-14,246.16,250.25,237.065,244.5,-0.01267969633338717,13.185000000000002,5.356272343191422,248.9114285714286,228.90066666666664,0.03398849466827203
COIN,2024-06-17,239.87,248.64,234.23,245.1,0.0024539877300613355,14.409999999999997,6.007420686205026,247.2,229.629,0.03222082389792229
COIN,2024-06-18,238.25,242.8,234.6,235.95,-0.0373317013463893,8.200000000000017,3.441762854144813,246.02714285714288,229.9296666666667,0.029544468949442963
COIN,2024-06-20,237.332,240.49,228.44,235.03,-0.003899131171858361,12.050000000000011,5.077275715032112,243.91285714285712,230.61933333333334,0.026968733896914083
COIN,2024-06-21,227.0,228.252,220.71,226.17,-0.03769731523635289,7.542000000000002,3.3224669603524237,241.33714285714288,231.1183333333333,0.028839398830226737
COIN,2024-06-24,217.22,221.444,207.71,212.29,-0.06136976610514211,13.73399999999998,6.322622226314327,235.24,231.17966666666663,0.022354173312404142
COIN,2024-06-25,217.0,222.88,213.22,221.84,0.044985632860709446,9.659999999999997,4.451612903225805,231.5542857142857,231.87699999999998,0.03463023197604829
COIN,2024-06-26,220.0,223.73,212.462,214.46,-0.03326721961774248,11.268,5.121818181818182,227.26285714285714,232.37533333333334,0.03526119520443955
COIN,2024-06-27,217.6,225.762,216.32,224.0,0.04448381982654115,9.442000000000007,4.339154411764709,224.24857142857144,233.07366666666667,0.04221990557718365
COIN,2024-06-28,223.95,225.53,218.8,222.23,-0.007901785714285792,6.72999999999999,3.0051350747934764,222.28857142857143,233.151,0.04071710522249926
COIN,2024-07-01,226.0,236.039,224.042,233.37,0.050128245511407155,11.996999999999986,5.308407079646011,222.0514285714286,234.29100000000003,0.04631735105895552
COIN,2024-07-02,231.34,234.97,226.32,227.51,-0.02511033980374522,8.650000000000006,3.7390853289530583,222.2428571428571,234.95466666666664,0.04483467097909364
COIN,2024-07-03,223.81,227.11,222.22,224.94,-0.011296206760142424,4.890000000000015,2.1848889683213506,224.04999999999998,234.94633333333334,0.03627005818841245
COIN,2024-07-05,213.48,225.13,209.45,223.57,-0.006090513025695743,15.680000000000007,7.34495034663669,224.29714285714286,234.87266666666665,0.03275899043583752
COIN,2024-07-08,226.51,226.51,217.75,220.56,-0.013463344813704814,8.759999999999991,3.8673789236678253,225.16857142857143,234.5076666666667,0.02998749638248114
COIN,2024-07-09,223.55,225.64,218.68,219.97,-0.002675009067827361,6.9599999999999795,3.113397450234838,224.59285714285716,234.54466666666664,0.024222783767911666
COIN,2024-07-10,221.64,223.333,215.135,219.56,-0.0018638905305268239,8.198000000000008,3.69879083197979,224.21142857142857,233.94166666666666,0.024099082498405797
COIN,2024-07-11,224.37,227.15,213.57,214.61,-0.02254509018036066,13.580000000000013,6.052502562731208,221.53142857142856,232.92866666666666,0.009221391727677162
COIN,2024-07-12,215.34,222.15,214.57,218.05,0.016029075998322595,7.5800000000000125,3.520014860221052,220.18000000000004,232.30866666666665,0.012048107660875197
COIN,2024-07-15,229.38,247.5,228.0,243.16,0.11515707406558118,19.5,8.501177086058071,222.78285714285715,232.58866666666665,0.046964787577538955
COIN,2024-07-16,243.19,252.12,234.2,251.45,0.03409277841750291,17.920000000000016,7.368724042929403,226.76571428571427,233.43966666666668,0.046829488243464265
COIN,2024-07-17,245.895,255.9,241.31,249.09,-0.00938556373036381,14.590000000000003,5.933426869192136,230.84142857142857,234.02966666666666,0.046398877810771316
COIN,2024-07-18,251.21,253.87,230.57,233.24,-0.06363161909350035,23.30000000000001,9.275108474981096,232.73714285714283,233.66433333333333,0.05578457597517021
COIN,2024-07-19,235.1,259.8,233.5,257.86,0.10555650831761287,26.30000000000001,11.186729051467466,238.20857142857145,233.87966666666668,0.06592832088697417
COIN,2024-07-22,260.47,266.0,252.842,265.15,0.02827115489025034,13.157999999999987,5.051637424655425,245.42857142857142,234.14866666666666,0.06252540963244822
COIN,2024-07-23,263.6,272.55,257.29,257.63,-0.02836130492174238,15.259999999999991,5.789074355083456,251.08285714285714,234.59766666666664,0.06657073540316848
COIN,2024-07-24,261.0,265.0,243.75,245.125,-0.04853860187090009,21.25,8.14176245210728,251.36357142857145,234.4408333333333,0.05824500046629036
COIN,2024-07-25,239.26,241.64,226.3,231.52,-0.05550229474757773,15.339999999999975,6.411435258714359,248.51642857142858,234.01816666666667,0.05998218381338666
COIN,2024-07-26,243.34,249.16,237.56,242.93,0.049282999308915,11.599999999999994,4.766992685131912,247.63642857142858,233.61683333333332,0.06407838629250769
COIN,2024-07-29,251.55,255.42,234.0,234.2,-0.03593627794014742,21.419999999999987,8.515205724508045,247.77357142857144,233.16883333333334,0.06037570570699654
COIN,2024-07-30,235.62,238.4,223.03,224.46,-0.04158838599487613,15.370000000000005,6.523215346744761,243.00214285714284,232.50083333333336,0.04079772687855434
COIN,2024-07-31,233.0,234.11,224.04,224.385,-0.00033413525795245036,10.070000000000022,4.321888412017176,237.17857142857142,231.81033333333332,0.03648929446916672
COIN,2024-08-01,226.6,227.1,207.82,212.65,-0.05229850480201437,19.28,8.508384819064432,230.75285714285715,231.03366666666668,0.0381592392976945
COIN,2024-08-02,213.0,219.3,199.38,204.44,-0.03860804138255358,19.920000000000016,9.352112676056345,224.94071428571428,230.014,0.03737629083782641
COIN,2024-08-05,162.01,197.88,161.13,189.47,-0.07322441792212875,36.75,22.6837849515462,218.93357142857144,228.79066666666668,0.04027475906452698
COIN,2024-08-06,191.99,197.4,182.7,194.17,0.02480603789518132,14.700000000000017,7.656648783790832,211.96785714285713,228.18666666666667,0.032877538256919275
COIN,2024-08-07,196.8,199.952,177.39,178.91,-0.07859092547767421,22.562000000000012,11.464430894308949,204.0692857142857,226.75566666666666,0.037558772645655256
COIN,2024-08-08,185.67,194.98,182.63,192.6,0.07651892012743833,12.349999999999994,6.651586147465932,199.51785714285714,226.02700000000002,0.05681107426356956
COIN,2024-08-09,191.29,199.07,189.78,196.29,0.019158878504672794,9.289999999999992,4.856500601181448,195.5042857142857,225.10333333333335,0.05840522098689219
COIN,2024-08-12,194.3,197.69,188.293,191.74,-0.023179988792093265,9.396999999999991,4.836335563561498,192.51714285714283,224.08700000000002,0.05651701694529896
COIN,2024-08-13,193.13,201.1,191.87,197.94,0.03233545426097839,9.22999999999999,4.779164293481069,191.5885714285714,222.90599999999998,0.057573917530549246
COIN,2024-08-14,200.9,201.89,192.4,195.96,-0.010003031221582193,9.48999999999998,4.723743155798895,192.51571428571427,221.85433333333333,0.04908557259887546
COIN,2024-08-15,198.52,205.07,196.2,197.13,0.005970606246172627,8.870000000000005,4.468063671166635,192.93857142857146,220.92733333333334,0.04838538859428076
COIN,2024-08-16,199.0,205.95,197.14,205.31,0.04149545984883085,8.810000000000002,4.427135678391961,196.71,220.31866666666667,0.03359086672298359
COIN,2024-08-19,203.335,207.49,200.35,204.46,-0.0041400808533437194,7.140000000000015,3.511446627486667,198.40428571428575,219.782,0.02338782338064256
COIN,2024-08-20,209.367,209.8,191.21,197.25,-0.03526362124620952,18.590000000000003,8.87914523301189,198.54142857142855,219.0246666666667,0.027969335913035544
COIN,2024-08-21,197.16,207.0,195.11,206.23,0.045525982256020336,11.889999999999986,6.030635017244871,200.6114285714286,218.58033333333333,0.030036140898553245
COIN,2024-08-22,204.78,207.1,197.43,198.36,-0.03816127624496912,9.669999999999987,4.722140834065821,200.67142857142858,218.0386666666667,0.03327396478047244
COIN,2024-08-23,200.97,211.92,200.0,211.4,0.06573906029441412,11.919999999999987,5.931233517440408,202.87714285714287,217.817,0.04067671796501708
COIN,2024-08-26,209.3,210.85,202.68,204.01,-0.034957426679281034,8.169999999999987,3.9034878165312885,203.85999999999999,216.51200000000003,0.0443917777565616
COIN,2024-08-27,201.84,202.5,194.1,198.3,-0.027988824077251007,8.400000000000006,4.161712247324616,202.85857142857142,214.7403333333333,0.04280652203563514
COIN,2024-08-28,195.02,197.49,187.73,190.2,-0.04084720121028751,9.76000000000002,5.004614911291159,200.82142857142858,212.77733333333336,0.044993572447170324
COIN,2024-08-29,194.0,196.5,187.6,188.28,-0.010094637223974745,8.900000000000006,4.587628865979385,199.54,211.27866666666665,0.043567362813318945
COIN,2024-08-30,188.94,189.855,180.04,183.28,-0.026556192904185205,9.814999999999998,5.194770826717475,196.26142857142855,208.79266666666666,0.03750354369471645
COIN,2024-09-03,182.51,182.7,168.07,169.17,-0.07698603230030565,14.629999999999995,8.015999123335705,192.0914285714286,205.59333333333333,0.043669820713711296
COIN,2024-09-04,166.5,169.04,160.67,163.22,-0.035171720754270774,8.370000000000005,5.02702702702703,185.20857142857145,202.44633333333334,0.020532590693709444
COIN,2024-09-05,161.62,166.37,158.12,159.67,-0.02174978556549445,8.25,5.104566266551169,178.8742857142857,199.59783333333334,0.02124796824780297
COIN,2024-09-06,163.24,164.15,146.12,147.13,-0.0785369825264608,18.03,11.045086988483215,171.56428571428572,196.78483333333332,0.026680550303051352
COIN,2024-09-09,151.27,157.4,150.06,155.05,0.05382994630598792,7.340000000000003,4.852250942024197,166.54285714285714,193.8555,0.04483835103270554
COIN,2024-09-10,155.01,159.14,149.51,158.46,0.02199290551435018,9.629999999999995,6.212502419198759,162.28285714285715,191.33083333333332,0.04845570667198501
COIN,2024-09-11,153.56,158.84,149.99,157.215,-0.007856872396819425,8.849999999999994,5.763219588434485,158.55928571428572,189.08933333333331,0.04876146764294781
COIN,2024-09-12,158.61,165.43,156.16,162.89,0.03609706452946582,9.27000000000001,5.8445243048988145,157.66214285714287,187.0395,0.04561328332729278
COIN,2024-09-13,162.24,168.93,161.59,163.05,0.0009822579654983343,7.340000000000003,4.524161735700199,157.63785714285714,185.38616666666667,0.04356015064383038
COIN,2024-09-16,158.5,163.16,156.102,161.5,-0.009506286415210119,7.057999999999993,4.452996845425862,157.89928571428572,183.95483333333334,0.04274766245250225
COIN,2024-09-17,164.14,167.67,160.5,162.45,0.00588235294117645,7.1699999999999875,4.368222249299372,160.08785714285713,183.05416666666667,0.023813670247194833
COIN,2024-09-18,161.54,169.1,160.8,162.64,0.0011695906432749315,8.299999999999983,5.138046304320901,161.17214285714286,182.0031666666667,0.016512916140450182
COIN,2024-09-19,172.0,175.39,167.0,168.14,0.033817019183472796,8.389999999999986,4.877906976744177,162.555,181.64416666666665,0.018758368197550303
COIN,2024-09-20,168.99,173.391,165.4,170.0,0.011062210063042865,7.9909999999999854,4.728682170542626,164.3814285714286,180.89083333333332,0.017288132798833462
COIN,2024-09-23,171.3,173.567,168.7,170.22,0.00129411764705889,4.867000000000019,2.8412142440163564,165.42857142857142,180.02183333333332,0.013598313634610573
COIN,2024-09-24,170.38,172.25,163.808,171.68,0.008577135471742547,8.442000000000007,4.954806902218575,166.66142857142856,179.35316666666668,0.013396807711127431
COIN,2024-09-25,170.3,173.935,166.88,167.08,-0.026794035414725026,7.055000000000007,4.142689371697009,167.45857142857145,178.32450000000003,0.01788859836187323
COIN,2024-09-26,170.61,181.49,170.26,179.89,0.07666985875029919,11.230000000000018,6.582263642224967,169.95000000000002,177.78883333333334,0.032505879993381774
COIN,2024-09-27,183.07,192.45,179.7,191.23,0.06303852354216466,12.75,6.964549079587043,174.0342857142857,177.59216666666669,0.03627515321386
COIN,2024-09-30,184.19,185.41,177.0,178.188,-0.0682005961407729,8.409999999999997,4.565937347304412,175.46971428571428,176.6881,0.04967113156774501
COIN,2024-10-01,178.72,178.9,160.0,165.01,-0.07395559745886371,18.900000000000006,10.575201432408239,174.75685714285714,175.37309999999997,0.05875433868440327
COIN,2024-10-02,163.03,169.29,161.61,164.44,-0.0034543361008423368,7.679999999999978,4.710789425259142,173.93114285714287,174.27943333333332,0.05872703857911385
COIN,2024-10-03,162.83,166.41,161.41,163.1,-0.008148868888348315,5.0,3.0706872197997908,172.70542857142854,172.84176666666664,0.05849615380235833
COIN,2024-10-04,167.96,171.243,164.03,170.91,0.04788473329245857,7.212999999999994,4.294474874970227,173.25257142857143,171.92676666666665,0.06080107879885748
COIN,2024-10-07,172.0,176.148,166.892,168.96,-0.011409513779181979,9.256,5.38139534883721,171.69114285714286,170.5121,0.05192253554670134
COIN,2024-10-08,166.36,170.03,165.02,167.69,-0.007516571969697017,5.009999999999991,3.0115412358740024,168.32828571428573,169.30143333333334,0.04174062620988536
COIN,2024-10-09,167.7,172.49,165.78,166.97,-0.004293637068400025,6.710000000000008,4.001192605843774,166.72571428571428,168.2571,0.03539327566157836
COIN,2024-10-10,166.05,167.31,161.87,164.27,-0.016170569563394577,5.439999999999998,3.276121650105388,166.61999999999998,167.39276666666666,0.021742822770190504
COIN,2024-10-11,165.54,179.18,165.22,176.38,0.07372009496560539,13.960000000000008,8.433007128186548,168.32571428571427,166.99609999999998,0.0353009157776489
COIN,2024-10-14,181.185,197.69,178.27,196.38,0.11339154099104198,19.419999999999987,10.718326572287985,173.07999999999998,167.43276666666668,0.05096710978355271
COIN,2024-10-15,195.68,204.9,188.39,196.35,-0.0001527650473571729,16.51000000000002,8.437244480784964,176.71428571428572,168.3387666666667,0.05106856391831458
COIN,2024-10-16,203.53,212.42,197.6,210.48,0.07196333078686012,14.819999999999993,7.281481845428189,182.6457142857143,169.9141,0.05194279764668775
COIN,2024-10-17,209.2,209.45,201.15,204.2,-0.02983656404408974,8.299999999999983,3.967495219885269,187.86142857142858,171.39843333333332,0.05541303114487304
COIN,2024-10-18,208.05,220.26,207.177,220.21,0.07840352595494626,13.082999999999998,6.288392213410236,195.46714285714285,173.83443333333332,0.055746554463990204
COIN,2024-10-21,215.4,216.86,208.13,213.72,-0.029471867762590254,8.730000000000018,4.052924791086359,202.53142857142856,175.79010000000002,0.05821657475206994
COIN,2024-10-22,209.45,215.95,207.3,210.72,-0.014037057832678279,8.649999999999977,4.129863929338734,207.43714285714285,177.5321,0.05911581109084342
COIN,2024-10-23,206.3,209.7,194.6,198.93,-0.0559510250569476,15.099999999999994,7.319437712069798,207.8014285714286,178.9226,0.052201083171495376
COIN,2024-10-24,206.77,210.55,200.8,209.16,0.051425124415623635,9.75,4.715384243362189,209.63142857142856,180.4649333333333,0.055235776556961845
COIN,2024-10-25,208.3,213.67,203.4,205.04,-0.01969783897494748,10.269999999999982,4.930388862217946,208.8542857142857,181.8646,0.04867161051581629
COIN,2024-10-28,213.38,218.0,210.5,216.1,0.05394069449863448,7.5,3.5148561252226074,210.55428571428573,183.6846,0.05113548647699131
COIN,2024-10-29,220.905,223.9,216.11,219.67,0.01652012956964355,7.789999999999992,3.5264027523143393,210.47714285714287,185.59193333333332,0.041653622107371696
COIN,2024-10-30,213.1,220.46,209.49,211.74,-0.036099603951381565,10.969999999999999,5.147817925856405,210.19428571428574,187.22859999999997,0.042512011444238385
COIN,2024-10-31,203.73,206.0,178.82,179.25,-0.1534429016718618,27.180000000000007,13.341186864968343,205.6985714285714,187.59893333333332,0.07217999087069871
COIN,2024-11-01,180.0,190.94,179.54,182.88,0.020251046025104635,11.400000000000006,6.333333333333337,203.40571428571428,188.02826666666667,0.07168194353450763
COIN,2024-11-04,180.09,186.95,176.38,186.27,0.01853674540682415,10.569999999999993,5.869287578433002,200.1357142857143,188.56326666666666,0.06799976006297562
COIN,2024-11-05,185.59,197.25,185.59,193.96,0.04128415740591618,11.659999999999997,6.282666091923055,198.55285714285714,189.30593333333334,0.07102947974014073
COIN,2024-11-06,221.586,257.68,221.586,254.23,0.3107341719942256,36.093999999999994,16.288935221539262,204.0,192.21093333333332,0.1398564521964467
COIN,2024-11-07,245.63,259.69,242.34,255.592,0.005357353577469359,17.349999999999994,7.063469445914585,209.13171428571428,194.73433333333335,0.14011396585187302
COIN,2024-11-08,257.67,273.5,257.15,270.74,0.05926633071457643,16.350000000000023,6.34532541623007,217.56028571428573,197.38466666666667,0.1372781443660869
COIN,2024-11-11,300.305,334.86,296.0,324.35,0.19801285366033827,38.860000000000014,12.940177486222346,238.28885714285715,202.2567333333333,0.11602149628317382
COIN,2024-11-12,310.05,327.0,306.1,319.13,-0.01609372591336522,20.899999999999977,6.740848250282205,257.75314285714285,207.39406666666667,0.1205623043434386
COIN,2024-11-13,325.01,332.35,282.66,284.62,-0.1081377495064707,49.69,15.288760345835511,271.80314285714286,211.40006666666665,0.14059627609395997
COIN,2024-11-14,291.1,292.565,274.301,278.84,-0.020307778792776454,18.26400000000001,6.274132600480938,283.9288571428571,215.25806666666668,0.14456848725297936
COIN,2024-11-15,282.51,306.455,276.021,305.85,0.09686558599913941,30.43399999999997,10.772716010052731,291.30314285714286,219.75606666666667,0.09823197642515986
COIN,2024-11-18,301.835,329.59,288.5,325.41,0.06395291809710635,41.089999999999975,13.613398048602706,301.27714285714285,224.97106666666664,0.09820818872406438
COIN,2024-11-19,322.08,327.24,315.5,324.57,-0.0025813589010786897,11.740000000000009,3.645057128663689,308.96714285714285,230.2004,0.09886926983238876
COIN,2024-11-20,332.25,341.28,303.802,320.01,-0.014049357611609192,37.47799999999995,11.280060195635802,308.34714285714284,235.30173333333332,0.06588137630341344
COIN,2024-11-21,329.95,330.4,288.65,295.23,-0.07743508015374512,41.75,12.653432338233067,304.93285714285713,239.6670666666667,0.07215217813215585
COIN,2024-11-22,294.885,311.37,290.8,304.64,0.03187345459472257,20.569999999999993,6.97560065788358,307.79285714285714,243.9424,0.058059204318920296
COIN,2024-11-25,309.0,317.46,291.2,312.22,0.024881827731092487,26.25999999999999,8.49838187702265,312.5614285714286,247.80373333333333,0.05646385961263017
COIN,2024-11-26,298.26,309.2,289.125,293.29,-0.06063032477099484,20.07499999999999,6.730704754241263,310.76714285714286,251.03506666666667,0.05072186976744733
COIN,2024-11-27,302.78,314.29,295.36,310.98,0.06031572845988609,18.930000000000007,6.25206420503336,308.7057142857143,254.38506666666666,0.049911671610136765
COIN,2024-11-29,311.95,316.3,295.81,296.2,-0.04752717216541269,20.49000000000001,6.568360314152913,304.65285714285716,257.4517333333334,0.05232504196062671
COIN,2024-12-02,302.03,311.47,299.5,302.4,0.020931802835921554,11.970000000000027,3.9631824653180243,302.13714285714286,260.1914,0.05372564431877125
COIN,2024-12-03,297.2,314.43,296.65,309.35,0.02298280423280441,17.78000000000003,5.9825033647375605,304.1542857142857,263.3790666666667,0.0443011294075063
COIN,2024-12-04,312.0,332.0,309.12,330.94,0.0697914983028931,22.879999999999995,7.333333333333332,307.9114285714286,267.3864,0.049753985162970464
COIN,2024-12-05,343.36,349.493,315.17,320.57,-0.03133498519369071,34.32299999999998,9.996213886300087,309.1042857142857,271.44106666666664,0.05199617695412237
COIN,2024-12-06,328.555,349.75,325.499,343.62,0.07190317247403066,24.250999999999976,7.381108185844068,316.2942857142857,275.92306666666667,0.04812973333314946
COIN,2024-12-09,339.91,340.16,309.68,310.52,-0.09632733833886276,30.480000000000018,8.967079521049694,316.2285714285714,279.4390666666667,0.06259849351811184
COIN,2025-01-27,283.7,289.78,265.2,277.99,-0.10475975782558278,24.579999999999984,8.664081776524492,313.6271428571428,281.5020666666667,0.07294935540328516
COIN,2025-01-28,280.495,284.84,276.0,281.82,0.013777474009856405,8.839999999999975,3.1515713292571967,310.6871428571429,283.57373333333334,0.07254691276921743
COIN,2025-01-29,281.82,294.38,277.01,291.0,0.03257398339365558,17.370000000000005,6.1635086225250175,308.0657142857143,286.21573333333333,0.07330976402794272
COIN,2025-01-30,293.715,306.0,293.02,301.3,0.03539518900343652,12.980000000000018,4.4192499531859175,303.8314285714286,290.2840666666667,0.06834078161722121
COIN,2025-01-31,300.86,304.73,287.22,291.33,-0.03308994357782946,17.50999999999999,5.819982716213518,299.6542857142857,293.89906666666667,0.06842989107118638
COIN,2025-02-03,272.98,288.76,269.3,284.41,-0.023753132186867032,19.45999999999998,7.128727379295179,291.19571428571425,297.17040000000003,0.05770910504971026
COIN,2025-02-04,283.0,289.39,278.63,280.39,-0.014134524102528134,10.759999999999991,3.8021201413427534,286.89142857142855,300.0514,0.04843417116126623
COIN,2025-02-05,283.61,285.76,274.56,275.14,-0.01872392025393199,11.199999999999989,3.9490850111067974,286.4842857142857,300.7484,0.02800056012089829
COIN,2025-02-06,279.52,284.6,269.0,270.37,-0.017336628625426953,15.600000000000023,5.58099599313109,284.84857142857146,301.241,0.027706536891725725
COIN,2025-02-07,274.045,282.57,271.75,274.49,0.015238377038872652,10.819999999999993,3.948256673174111,282.49,301.366,0.024292025921640807
COIN,2025-02-10,280.4,285.558,274.6,280.22,0.020875077416299348,10.95799999999997,3.907988587731801,279.47857142857146,299.89500000000004,0.02024617355935244
COIN,2025-02-11,277.55,279.0,265.83,266.9,-0.04753408036542739,13.170000000000016,4.745090974599177,275.9885714285714,298.15400000000005,0.023457358877516987
COIN,2025-02-12,264.39,277.8,263.48,274.9,0.029973772948669986,14.319999999999993,5.4162411588940556,274.63,297.83,0.02748875920322793
COIN,2025-02-13,284.0,302.4,282.5,298.11,0.08443070207348136,19.899999999999977,7.007042253521119,277.16142857142853,298.4723333333333,0.04275075415566988
COIN,2025-02-14,288.015,291.55,274.0,274.31,-0.07983630203616121,17.55000000000001,6.093432633716998,277.04285714285714,297.42100000000005,0.054197180578050265
COIN,2025-02-18,278.8,279.18,260.5,264.63,-0.03528854216032962,18.680000000000007,6.700143472022958,276.22285714285715,295.39500000000004,0.05560649685644843
COIN,2025-02-19,265.755,267.0,257.68,258.67,-0.022522011865623637,9.319999999999993,3.5069895204229438,273.96285714285716,293.1983333333333,0.055517039536702985
COIN,2025-02-20,260.66,262.25,250.37,256.59,-0.008041133490547914,11.879999999999995,4.557661321261411,270.58714285714285,291.0843333333333,0.054144894269299935
COIN,2025-02-21,266.99,267.8,234.76,235.38,-0.08266105460072481,33.04000000000002,12.374995318176719,266.0842857142857,289.08933333333334,0.05943634022643191
COIN,2025-02-24,239.14,240.24,224.24,227.22,-0.03466734641855718,16.0,6.690641465250481,259.2728571428571,286.50866666666667,0.05597337808067773
COIN,2025-02-25,219.97,222.85,205.46,213.32,-0.06117419241263977,17.389999999999986,7.905623494112827,247.16000000000003,283.21200000000005,0.028733704637268185
COIN,2025-02-26,212.63,218.57,207.99,212.96,-0.001687605475342191,10.579999999999984,4.975779523115263,238.3957142857143,280.53433333333334,0.028719620511889872
COIN,2025-02-27,218.13,221.58,207.79,208.31,-0.02183508640120213,13.79000000000002,6.321918122220703,230.35,277.112,0.029155558821001442
COIN,2025-02-28,205.27,216.44,201.15,215.64,0.035187941049397375,15.289999999999992,7.448726068105419,224.2028571428571,274.4266666666666,0.03913757936028959
COIN,2025-03-03,232.23,233.4,203.44,205.66,-0.04628083843442765,29.960000000000008,12.901003315678427,216.92714285714285,271.202,0.039047413303082944
COIN,2025-03-04,200.235,218.94,193.09,212.5,0.03325877662160859,25.849999999999994,12.909830948635351,213.65857142857143,267.97366666666665,0.037771977073680726
COIN,2025-03-05,215.0,223.15,208.0,222.61,0.04757647058823533,15.150000000000006,7.046511627906979,213.0,264.36266666666666,0.04269997366327512
COIN,2025-03-06,214.51,226.6,213.0,214.19,-0.03782399712501694,13.599999999999994,6.34003076779637,213.1242857142857,260.81666666666666,0.03796923789447803
COIN,2025-03-07,214.89,222.05,206.77,217.45,0.015220131658807645,15.280000000000001,7.110614733119271,213.76571428571427,256.611,0.03829139622522434
COIN,2025-03-10,205.075,206.84,176.85,179.28,-0.17553460565647272,29.99000000000001,14.623918078751682,209.6185714285714,252.23633333333333,0.07838941080736286
COIN,2025-03-11,186.0,195.69,183.4,191.55,0.06844042838018738,12.289999999999992,6.607526881720426,206.17714285714285,249.35500000000002,0.08304335481188359
COIN,2025-03-12,195.13,199.2,183.88,191.73,0.0009397024275645816,15.319999999999993,7.851176138984263,204.18714285714285,246.35199999999998,0.08185480847588997
COIN,2025-03-13,188.62,188.85,177.11,177.49,-0.07427111041568868,11.73999999999998,6.224154384476716,199.18571428571428,242.5683333333333,0.08315363882939797
COIN,2025-03-14,183.81,186.73,179.17,183.12,0.031720096906868056,7.560000000000002,4.1129427125836475,193.54428571428573,238.62900000000002,0.08112709071494976
COIN,2025-03-17,182.0,193.24,180.77,188.95,0.03183704674530352,12.469999999999999,6.851648351648351,189.9385714285714,235.21633333333335,0.08345550837912702
COIN,2025-03-18,184.71,186.49,178.97,181.14,-0.04133368616035993,7.52000000000001,4.071246819338428,184.75142857142856,231.77399999999997,0.08283154635739876
COIN,2025-03-19,184.834,193.777,182.8,189.75,0.047532295462073604,10.976999999999975,5.938842420766729,186.24714285714285,228.75266666666667,0.05097003245027117
COIN,2025-03-20,185.888,193.93,185.888,190.38,0.003320158102766868,8.042000000000002,4.326260974350147,186.07999999999998,225.92733333333334,0.043809530591858444
COIN,2025-03-21,185.57,190.725,183.75,190.0,-0.001996007984031878,6.974999999999994,3.7586894433367437,185.83285714285714,223.24833333333333,0.04381267953388455
COIN,2025-03-24,197.575,203.25,194.415,203.04,0.06863157894736838,8.835000000000008,4.471719600151845,189.48285714285717,220.86666666666667,0.03634186009421776
COIN,2025-03-25,202.13,206.93,198.34,204.23,0.005860914105594972,8.590000000000003,4.2497402661653405,192.4985714285714,218.3336666666667,0.03626126948962324
COIN,2025-03-26,203.0,206.0,192.291,193.95,-0.050335406159721874,13.709000000000003,6.753201970443351,193.21285714285713,215.90200000000002,0.043045952267951805
COIN,2025-03-27,192.97,195.326,187.8,188.44,-0.028409383861820015,7.525999999999982,3.900088096595317,194.25571428571428,213.01999999999998,0.040978649268675164
COIN,2025-03-28,185.72,186.72,172.99,173.93,-0.07700063680747182,13.72999999999999,7.392849450786124,191.99571428571429,208.88066666666666,0.04675617085366891
COIN,2025-03-31,169.38,173.58,163.52,172.23,-0.009774047030414623,10.060000000000002,5.939308064706578,189.40285714285716,205.478,0.04632821658295268
COIN,2025-04-01,172.82,176.05,168.84,174.52,0.013296173721186966,7.210000000000008,4.171970836708719,187.1914285714286,202.4743333333333,0.04729984917962531
COIN,2025-04-02,170.57,184.11,170.35,182.95,0.04830391932156752,13.76000000000002,8.067069238435845,184.32142857142858,199.9503333333333,0.041904943789756996
COIN,2025-04-03,168.54,172.0,164.65,170.785,-0.0664935774801858,7.349999999999994,4.360982556069772,179.54357142857143,197.09016666666668,0.04499662062731987
COIN,2025-04-04,165.8,166.97,147.17,160.55,-0.05992915068653559,19.80000000000001,11.94209891435465,174.77214285714285,194.59583333333333,0.04605388657043121
COIN,2025-04-07,146.042,167.21,142.58,157.27,-0.02042977265649326,24.629999999999995,16.86501143506662,170.3192857142857,192.26416666666668,0.04607483821966472
COIN,2025-04-08,165.19,167.8,147.35,151.55,-0.036370572900108034,20.450000000000017,12.379684000242156,167.12214285714285,190.20516666666668,0.04060424414901403
COIN,2025-04-09,150.08,183.9,150.08,177.09,0.1685252391949852,33.81999999999999,22.534648187633255,167.8164285714286,189.0095,0.0820057375740204
COIN,2025-04-10,168.5,173.748,159.113,169.62,-0.042181941385736055,14.634999999999991,8.685459940652814,167.11642857142857,187.7198333333333,0.0839205256029633
COIN,2025-04-11,171.45,178.0,167.02,175.5,0.03466572338167673,10.97999999999999,6.404199475065611,166.05214285714285,186.38183333333333,0.08272885737825593
COIN,2025-04-14,180.5,182.33,172.005,176.58,0.006153846153846176,10.325000000000017,5.7202216066482094,166.88000000000002,185.4125,0.07787596035554524
COIN,2025-04-15,177.74,179.76,172.3,175.57,-0.0057197870653529215,7.4599999999999795,4.197141892652176,169.0257142857143,184.1815,0.07260425205300187
COIN,2025-04-16,170.11,174.8,168.5,172.21,-0.01913766588824961,6.300000000000011,3.703485979660226,171.16000000000003,182.5015,0.0725008842773492
COIN,2025-04-17,172.6,177.5,171.3,175.03,0.01637535567040227,6.199999999999989,3.5921205098493565,174.5142857142857,181.19616666666667,0.068907775675355
COIN,2025-04-21,175.1,177.98,171.407,175.0,-0.0001713991887105637,6.572999999999979,3.753854940034254,174.21571428571428,179.78116666666665,0.024737674242425726
COIN,2025-04-22,178.78,193.49,178.4,190.0,0.08571428571428563,15.090000000000003,8.440541447589217,177.12714285714284,180.1385,0.03480554927653934
COIN,2025-04-23,197.75,200.62,191.62,194.8,0.025263157894736876,9.0,4.551201011378002,179.88428571428568,180.2468333333333,0.0341787505941902
COIN,2025-04-24,193.4,204.21,193.1,203.87,0.04656057494866528,11.110000000000014,5.744570837642199,183.78285714285715,180.6515,0.035715411376594924
COIN,2025-04-25,205.57,211.62,203.74,209.64,0.02830234953646915,7.8799999999999955,3.83324415041105,188.65,181.72316666666669,0.03368789167543447
COIN,2025-04-28,208.2,208.78,197.42,205.29,-0.02074985689753861,11.360000000000014,5.456292026897222,193.3757142857143,182.46216666666666,0.03405248604075016
COIN,2025-04-29,205.3,207.4,203.22,206.13,0.004091772614350342,4.180000000000007,2.03604481246956,197.81857142857143,183.03483333333332,0.03493025466890841
COIN,2025-04-30,199.62,203.04,195.55,203.03,-0.015039053024790139,7.489999999999981,3.752129045185843,201.82285714285715,183.76450000000003,0.03704331529017353
COIN,2025-05-01,208.455,208.75,201.17,201.295,-0.008545535142589822,7.5800000000000125,3.636276414573895,203.4364285714286,184.14933333333335,0.025302657164644287
COIN,2025-05-02,204.75,209.0,202.39,204.93,0.018058073971037647,6.610000000000014,3.228327228327235,204.88357142857143,184.63433333333336,0.024647762516995016
COIN,2025-05-05,201.725,204.0,198.65,199.4,-0.02698482408627334,5.349999999999994,2.6521254182674405,204.24499999999998,184.94766666666666,0.020573410204051252
COIN,2025-05-06,195.1,198.76,193.34,196.89,-0.012587763289869658,5.4199999999999875,2.7780625320348475,202.42357142857145,184.74266666666668,0.015353474099892794
COIN,2025-05-07,199.825,200.483,193.81,196.56,-0.0016760627761693847,6.673000000000002,3.3394219942449657,201.1764285714286,184.487,0.014555698820403765
COIN,2025-05-08,205.305,210.47,202.81,206.5,0.05056980056980054,7.659999999999997,3.7310343147999303,201.2292857142857,184.90533333333332,0.02604477783960272
COIN,2025-05-09,204.66,213.95,198.77,199.32,-0.03476997578692498,15.179999999999978,7.417179712694214,200.6992857142857,185.268,0.028920975973009945
COIN,2025-05-12,208.94,213.58,205.64,207.22,0.039634758177804486,7.940000000000026,3.800134009763581,201.54571428571427,186.37766666666667,0.03267052851388803
COIN,2025-05-13,231.71,260.42,231.49,256.9,0.23974519833992858,28.930000000000007,12.485434379180875,208.97,189.2,0.09530022528446352
COIN,2025-05-14,256.855,264.49,253.55,263.41,0.02534059945504108,10.939999999999998,4.259212396098965,218.1142857142857,192.163,0.09148709019955685
COIN,2025-05-15,256.5,257.85,240.0,244.44,-0.07201700770661712,17.850000000000023,6.959064327485389,224.90714285714284,194.21266666666668,0.09995244366436329
COIN,2025-05-16,250.0,270.45,248.83,266.46,0.09008345606283741,21.619999999999976,8.64799999999999,234.89285714285714,197.40183333333334,0.10031721604907418
COIN,2025-05-19,259.78,267.6,256.36,263.99,-0.009269684005103862,11.240000000000009,4.326738009084614,243.1057142857143,200.84983333333332,0.10262160684605161
COIN,2025-05-20,265.12,265.36,257.249,261.38,-0.009886738134020301,8.11099999999999,3.0593693421846675,251.97142857142856,204.32016666666667,0.10000479539911077
COIN,2025-05-21,260.2,270.38,257.75,258.99,-0.009143775346239114,12.629999999999995,4.853958493466562,259.3671428571428,207.90149999999997,0.1019886907890764
COIN,2025-05-22,265.13,277.01,263.51,271.95,0.05004054210587272,13.5,5.091841738015313,261.51714285714286,211.06350000000003,0.05181481726656325
COIN,2025-05-23,262.935,267.47,260.34,263.16,-0.03232211803640361,7.130000000000052,2.7116968071957146,261.4814285714286,214.1815,0.05340027149664659
COIN,2025-05-27,269.025,270.08,264.67,266.298,0.01192430460556304,5.409999999999968,2.010965523650207,264.604,217.20809999999997,0.04258163714770214
COIN,2025-05-28,265.7,265.7,253.8,254.29,-0.04509234016027164,11.899999999999977,4.478735415882566,262.8654285714286,219.79843333333332,0.030871053048647994
COIN,2025-05-29,258.72,258.94,246.76,248.84,-0.02143222305242043,12.180000000000007,4.70779220779221,260.7011428571428,222.24076666666667,0.031406955407221084
COIN,2025-05-30,246.87,249.96,244.13,246.52,-0.00932325992605687,5.8300000000000125,2.361566816543125,258.5782857142857,224.71776666666665,0.03140199795683832
COIN,2025-06-02,247.46,249.86,240.91,246.72,0.0008112932013628615,8.950000000000017,3.6167461407904375,256.8254285714286,227.10743333333332,0.03156166947359515
COIN,2025-06-03,248.39,260.6,246.218,258.91,0.0494082360570689,14.382000000000033,5.79008816780065,254.96257142857144,229.90443333333332,0.03137327394201778
COIN,2025-06-04,257.525,261.57,254.34,256.0,-0.011239426827855281,7.22999999999999,2.8074944180176646,253.93971428571427,232.10443333333333,0.02944216433235566
COIN,2025-06-05,261.05,265.65,240.08,244.23,-0.04597656250000004,25.569999999999965,9.795058417927587,250.78714285714287,233.7521,0.03235513842447353
COIN,2025-06-06,250.525,256.17,249.78,251.27,0.028825287638701402,6.390000000000015,2.550643648338495,250.3557142857143,235.3321,0.031748432961463326
COIN,2025-06-09,255.66,258.25,252.4,256.63,0.02133163529271287,5.849999999999994,2.288195259328794,251.46857142857147,236.89843333333332,0.03133500402359789
COIN,2025-06-10,258.875,262.4,251.63,254.94,-0.006585356349608329,10.769999999999982,4.160309029454363,252.67142857142858,238.55343333333334,0.031145353595614742
COIN,2025-06-11,257.21,259.9,249.06,250.68,-0.01670981407389971,10.839999999999975,4.214455114497872,253.23714285714286,240.0384333333333,0.0322438585819328
COIN,2025-06-12,246.515,247.75,239.346,241.05,-0.03841550981330777,8.403999999999996,3.409123177088614,250.68571428571428,241.30576666666667,0.027835319095878355
COIN,2025-06-13,237.45,243.2,235.292,242.71,0.006886538062642611,7.907999999999987,3.330385344283002,248.78714285714287,242.68626666666665,0.028516491805450753
COIN,2025-06-16,247.765,263.3,245.32,261.57,0.07770590416546486,17.980000000000018,7.2568764756927004,251.2642857142857,244.57426666666663,0.037433966826474895
COIN,2025-06-17,256.63,259.628,248.68,253.85,-0.029514088007034478,10.947999999999979,4.266063983166418,251.63285714285715,246.38926666666666,0.039113554989776145
COIN,2025-06-18,254.0,299.32,251.88,295.29,0.16324601142406947,47.44,18.677165354330707,257.1557142857143,249.66926666666666,0.07291585529334002
COIN,2025-06-20,303.58,310.75,298.1,308.58,0.04500660367774034,12.649999999999977,4.166941168719935,264.81857142857143,253.40326666666667,0.07210378926259864
COIN,2025-06-23,302.075,314.25,294.56,307.59,-0.003208244215438527,19.689999999999998,6.51824877927667,272.9485714285714,256.77293333333336,0.07082325350960399
COIN,2025-06-24,314.39,348.97,311.9,344.82,0.12103774505022935,37.07000000000005,11.791087502783183,287.77285714285716,261.6229333333333,0.07016318930652451
COIN,2025-06-25,360.595,369.28,343.62,355.37,0.030595673104808263,25.659999999999968,7.116016583701927,303.8671428571429,266.56126666666665,0.0680240283271349
COIN,2025-06-26,354.53,382.0,354.53,375.07,0.055435180234684855,27.470000000000027,7.748286463768942,320.08142857142855,270.5002666666667,0.06745840499336131
COIN,2025-06-27,369.54,372.5,346.66,353.297,-0.05805049724051503,25.839999999999975,6.992477133733824,334.2881428571428,273.4965,0.07394332622187753
COIN,2025-06-30,359.225,360.45,347.9,350.41,-0.008171595003637178,12.550000000000011,3.493632124712927,342.1624285714286,277.02883333333335,0.05681288018364902
COIN,2025-07-01,339.98,353.396,334.04,335.33,-0.04303530150395263,19.355999999999995,5.6932760750632365,345.9838571428572,279.3245,0.06148133036753953
COIN,2025-07-02,340.58,357.16,338.68,354.45,0.05701845942802608,18.480000000000018,5.426037935286869,352.67814285714286,282.33983333333333,0.06294768155564588
COIN,2025-07-03,350.345,357.87,348.5,355.8,0.003808717731696998,9.370000000000005,2.674506557821577,354.24671428571435,285.48716666666667,0.04538991312713696
COIN,2025-07-07,354.2,364.0,351.0,357.1,0.0036537380550871745,13.0,3.6702428006775834,354.4938571428571,288.7575,0.044016024966115036
COIN,2025-07-08,362.75,368.79,348.0,354.82,-0.006384766171940726,20.79000000000002,5.731219848380433,351.60100000000006,291.5198333333334,0.037046083348806
COIN,2025-07-09,358.63,374.0,353.29,373.85,0.053632827912744485,20.70999999999998,5.77475392465772,354.5371428571429,295.20950000000005,0.03557092411506958
COIN,2025-07-10,372.405,389.16,369.0,388.96,0.040417279657616545,20.160000000000025,5.413461151166076,360.0442857142857,299.2982333333333,0.03647158038666137
COIN,2025-07-11,387.06,387.06,378.37,387.06,-0.004884821061291622,8.689999999999998,2.245129954012297,367.4342857142857,303.72389999999996,0.028153253901730867
COIN,2025-07-14,392.495,398.5,388.58,394.01,0.01795587247455166,9.920000000000016,2.5274207314742902,373.0857142857143,308.5629,0.023282703404717775
COIN,2025-07-15,391.525,400.88,373.02,388.02,-0.015202659830968801,27.860000000000014,7.115765276802251,377.6885714285714,313.2795666666667,0.025836679013820113
COIN,2025-07-16,392.8,405.88,391.46,398.2,0.02623576104324532,14.420000000000016,3.6710794297352383,383.56,318.3288999999999,0.025922581601415036
COIN,2025-07-17,399.7,415.96,394.277,410.75,0.031516825715720787,21.682999999999993,5.424818613960468,391.55,323.3902333333333,0.024388703100258032
COIN,2025-07-18,419.82,444.645,406.54,419.78,0.021984175289105234,38.10499999999996,9.076508980039055,398.1114285714285,328.84956666666665,0.019941507659988734
COIN,2025-07-21,425.55,436.38,413.45,413.63,-0.014650531230644526,22.930000000000007,5.388320996357656,401.63571428571424,334.49623333333335,0.01996154507588308
COIN,2025-07-22,419.1,420.98,394.37,404.44,-0.022217924231801356,26.610000000000014,6.349319971367217,404.11857142857144,339.60189999999994,0.022837856032926346
COIN,2025-07-23,399.99,400.72,387.12,397.81,-0.016393037286123957,13.600000000000023,3.400085002125059,404.6614285714286,344.3079,0.023646363639767184
COIN,2025-07-24,404.25,405.308,392.0,396.7,-0.0027902767652899785,13.307999999999993,3.2920222634508334,405.90142857142854,349.0332333333333,0.022618506889614223
COIN,2025-07-25,391.9,397.48,386.385,391.66,-0.012704814721451907,11.095000000000027,2.831079356978828,404.96714285714285,353.7325666666666,0.020774866931676603
COIN,2025-07-28,394.615,395.39,375.26,379.49,-0.031072869325435404,20.129999999999995,5.101174562548305,400.50142857142856,358.3472333333333,0.01697710632010111
COIN,2025-07-29,383.585,384.78,365.74,371.44,-0.021212680176025733,19.039999999999964,4.963697746262227,393.5957142857143,362.6382333333333,0.008838142322000087
COIN,2025-07-30,382.95,386.58,372.71,377.48,0.016261038121903937,13.870000000000005,3.621882752317536,388.43142857142857,366.5019,0.015550913676365546
COIN,2025-07-31,382.89,387.14,376.83,377.603,0.000325845077884912,10.310000000000002,2.6926793596071983,384.5975714285714,370.627,0.01562791486854356
COIN,2025-08-01,335.14,337.582,310.55,314.81,-0.16629369999708687,27.031999999999982,8.065882914602849,372.7404285714286,371.2776666666667,0.061570508141375206
COIN,2025-08-04,319.54,324.0,311.0,318.17,0.010673104412185275,13.0,4.068348250610252,361.5218571428572,371.5973333333333,0.06279915659671528
COIN,2025-08-05,307.11,312.85,297.2,297.99,-0.06342521293648051,15.650000000000034,5.095893979355942,348.1404285714286,371.27733333333333,0.06350802808724496
COIN,2025-08-06,297.55,304.77,293.31,303.58,0.018759018759018753,11.45999999999998,3.851453537220628,337.2961428571429,369.9026666666667,0.06690568109020219
COIN,2025-08-07,311.23,317.94,306.98,310.79,0.023749917649384056,10.95999999999998,3.521511422420711,328.6318571428572,368.4166666666667,0.06989980611345327
COIN,2025-08-08,311.44,313.7,301.23,310.54,-0.0008044016860259129,12.46999999999997,4.003981505265852,319.069,366.2656666666666,0.06859376593120232
COIN,2025-08-11,322.1,333.66,319.383,319.631,0.029274811618470897,14.277000000000044,4.432474386836399,310.7872857142857,365.14346666666665,0.07121789872651894
COIN,2025-08-12,329.35,329.86,314.159,322.62,0.009351408342745282,15.701000000000022,4.767268862911802,311.90299999999996,364.2171333333333,0.03132913481715846
COIN,2025-08-13,328.21,345.39,321.53,327.01,0.013607339904531557,23.860000000000014,7.269735839858632,313.16585714285713,363.9398,0.03145362212472586
COIN,2025-08-14,320.49,327.451,316.8,324.89,-0.00648298217179899,10.65100000000001,3.32334862242192,317.0087142857143,362.9544666666667,0.012881708785347286
COIN,2025-08-15,322.85,323.4,314.56,317.55,-0.02259226199636788,8.839999999999975,2.738113675081299,319.00442857142855,361.67946666666666,0.017995908071130173
COIN,2025-08-18,311.48,324.29,307.11,320.73,0.010014170996693439,17.180000000000007,5.515602927956853,320.42442857142856,360.4671333333333,0.016499104809987716
COIN,2025-08-19,320.69,322.59,301.45,302.07,-0.05817977738284541,21.139999999999986,6.592035922542015,319.2144285714285,358.7088,0.029091507384349423
COIN,2025-08-20,304.27,306.45,291.46,304.39,0.007680338994272784,14.990000000000009,4.92654550234989,317.0371428571429,356.3934666666666,0.026009483163264954
COIN,2025-08-21,301.415,305.0,297.8,300.28,-0.013502414665396367,7.199999999999989,2.388733142013499,313.8457142857143,353.43746666666664,0.025082922204327035
COIN,2025-08-22,300.59,322.26,297.19,319.85,0.06517250566138277,25.069999999999993,8.340264147177216,312.8228571428571,351.19713333333334,0.03759575308858533
COIN,2025-08-25,312.175,315.59,305.1,306.0,-0.043301547600437806,10.489999999999952,3.360294706494739,310.1242857142857,348.26346666666666,0.04068533902297115
COIN,2025-08-26,304.0,309.2,300.37,308.48,0.008104575163398797,8.829999999999984,2.90460526315789,308.82857142857137,345.6121333333333,0.04048099871469186
COIN,2025-08-27,307.21,312.41,306.69,308.894,0.0013420643153525535,5.720000000000027,1.8619185573386372,307.13771428571425,342.6352666666667,0.04013216799514847
COIN,2025-08-28,312.56,315.95,306.0,308.47,-0.0013726391577693065,9.949999999999989,3.1833887893524406,308.052,339.22593333333333,0.032532089914801054
COIN,2025-08-29,306.19,308.22,301.5,304.54,-0.012740298894544089,6.720000000000027,2.194715699402341,308.07342857142856,335.38460000000003,0.03300131629156281
COIN,2025-09-02,299.97,310.41,295.4,303.56,-0.0032179680830104473,15.010000000000048,5.003833716705019,308.54200000000003,331.71559999999994,0.032497622158717356
COIN,2025-09-03,305.01,308.371,301.15,302.31,-0.004117802081960775,7.221000000000004,2.3674633618569896,306.0362857142857,328.31126666666665,0.01681811090523113
COIN,2025-09-04,301.96,307.771,300.01,306.8,0.014852303926433219,7.761000000000024,2.5702079745661757,306.1505714285714,325.2776,0.008929600823638915
COIN,2025-09-05,313.85,315.74,292.56,299.07,-0.02519556714471971,23.180000000000007,7.3856938027720265,304.80628571428576,322.0232666666667,0.012357608635275867
COIN,2025-09-08,301.88,306.6,297.15,302.13,0.010231718326813022,9.450000000000045,3.130382933616022,303.84000000000003,319.0389333333334,0.013448669098815433
COIN,2025-09-09,303.77,319.391,303.6,318.78,0.05510872803097988,15.790999999999997,5.198340849985185,305.3128571428571,317.01526666666666,0.02586014404275595
COIN,2025-09-10,321.4,328.669,312.53,315.34,-0.01079114122592384,16.13900000000001,5.021468574984446,306.85571428571427,315.14526666666666,0.02564704473708214
COIN,2025-09-11,319.0,326.0,315.53,323.95,0.027303862497621623,10.470000000000027,3.282131661442015,309.7685714285714,313.3609333333334,0.02654292057024452
COIN,2025-09-12,328.025,329.49,319.8,323.04,-0.0028090754746101787,9.689999999999998,2.9540431369560243,312.73,311.5421666666667,0.02643435372937128
COIN,2025-09-15,322.87,328.44,320.965,327.02,0.012320455671124275,7.475000000000023,2.3151732895592723,315.61857142857144,311.94916666666666,0.02637117887557673
COIN,2025-09-16,332.25,333.6,321.3,327.91,0.0027215460828085014,12.300000000000011,3.702031602708807,319.73857142857145,312.27383333333336,0.022007960445528378
COIN,2025-09-17,325.96,328.49,311.3,320.5,-0.02259766399316898,17.189999999999998,5.273653208982696,322.36285714285714,313.0241666666667,0.02595063373084548
COIN,2025-09-18,325.82,351.89,323.52,342.94,0.0700156006240249,28.370000000000005,8.707261678227244,325.81428571428575,314.3361666666667,0.0305864374556006
COIN,2025-09-19,342.76,349.7,337.66,342.62,-0.0009331078322738495,12.039999999999964,3.5126619208775716,329.7114285714286,315.39716666666664,0.029634436674837
COIN,2025-09-22,333.435,336.2,328.19,331.95,-0.03114237347498694,8.009999999999991,2.402267308470914,330.8542857142857,316.11083333333335,0.03276690250985566
COIN,2025-09-23,333.38,335.677,317.7,320.07,-0.03578852236782648,17.977000000000032,5.392345071689973,330.42999999999995,316.1254666666666,0.03610033160065135
COIN,2025-09-24,323.76,327.318,320.76,321.77,0.005311338144780686,6.557999999999993,2.0255744996293528,329.67999999999995,316.0971333333334,0.03577238199101444
COIN,2025-09-25,314.33,317.99,304.36,306.69,-0.04686577368928113,13.629999999999995,4.336207170807748,326.6485714285714,315.4198,0.039454265705264245
COIN,2025-09-26,308.58,314.237,303.4,312.59,0.01923766669927285,10.837000000000046,3.5118931881521958,325.5185714285714,315.0098,0.0401877449445499
COIN,2025-09-29,318.01,334.38,316.35,333.99,0.06846028343836985,18.029999999999973,5.669633030407841,324.23999999999995,315.5578,0.039719115133128195
COIN,2025-09-30,329.995,338.1,329.662,337.41,0.010239827539746837,8.438000000000045,2.557008439521825,323.49571428571426,316.1138,0.040044009388980555
COIN,2025-10-01,343.26,349.865,340.5,346.17,0.025962478883257756,9.365000000000009,2.7282526364854656,325.52714285714285,317.58380000000005,0.03879771775144436
COIN,2025-10-02,354.76,376.13,353.4,372.07,0.07481873068145695,22.730000000000018,6.407148494757024,332.9557142857143,319.8398,0.04108849235085259
COIN,2025-10-03,373.35,383.5,370.03,380.02,0.02136694707985054,13.470000000000027,3.607874648453201,341.27714285714285,322.49780000000004,0.04041479031983719
COIN,2025-10-06,390.325,392.85,380.5015,386.07,0.015920214725540838,12.348500000000001,3.1636456798821504,352.6171428571428,324.7051333333333,0.026415458466729946
COIN,2025-10-07,386.84,388.0,363.01,375.78,-0.026653197606651746,24.99000000000001,6.460035156653916,361.64428571428573,327.0311333333333,0.034929802899995
COIN,2025-10-08,378.62,390.49,375.635,387.27,0.030576401085741667,14.855000000000018,3.92345887697428,369.2557142857143,329.65746666666666,0.030059461061088016
COIN,2025-10-09,384.26,392.155,381.8,387.0,-0.0006971880083661564,10.354999999999961,2.694789985947005,376.34000000000003,332.261,0.031025991604580014
COIN,2025-10-10,387.66,402.16,351.63,357.01,-0.07749354005167963,50.53000000000003,13.034617964195435,377.8885714285714,333.879,0.04787892996645707
COIN,2025-10-13,363.2,364.895,341.84,356.99,-5.60208397523132e-05,23.055000000000007,6.347742290748901,375.7342857142857,335.6273333333333,0.03688967928196865
COIN,2025-10-14,340.85,353.5,334.77,341.4,-0.043670691055771926,18.730000000000018,5.495085814874583,370.21714285714285,336.88866666666667,0.03724510257976138
COIN,2025-10-15,345.81,347.8285,333.1,336.21,-0.015202108963093153,14.728499999999997,4.25913073653162,363.0942857142857,338.01866666666666,0.03477262799329172
COIN,2025-10-16,338.485,342.6999,328.71,330.25,-0.017727015853186923,13.989900000000034,4.133093046959255,356.59000000000003,338.80033333333336,0.034609683998570895
COIN,2025-10-17,319.41,336.3,317.775,336.02,0.01747161241483708,18.525000000000034,5.799755799755809,349.2685714285714,340.032,0.03180013930742429
COIN,2025-10-20,342.21,354.06,338.75,343.78,0.023093863460508235,15.310000000000002,4.473861079454138,343.0942857142857,341.4203333333333,0.03524503015347968
COIN,2025-10-21,342.28,344.79,335.5,338.62,-0.01500959916225486,9.29000000000002,2.714152156129491,340.46714285714285,342.0816666666667,0.022888592590142136
COIN,2025-10-22,320.33,320.33,310.4801,320.33,-0.05401334829602511,9.849899999999991,3.074922735928571,335.22999999999996,342.248,0.028451933161779096
COIN,2025-10-23,323.0,328.39,318.5,322.76,0.007585927012768057,9.889999999999986,3.0619195046439587,332.5671428571428,342.2083333333333,0.026365095010994856
COIN,2025-10-24,334.995,356.88,333.0,354.46,0.09821539224191356,23.879999999999995,7.128464603949311,335.1742857142857,343.2556666666667,0.04741946188562308
COIN,2025-10-27,362.82,373.25,357.3,361.43,0.01966371381820231,15.949999999999989,4.396119287801111,339.62857142857143,344.4026666666667,0.04605690756636936
COIN,2025-10-28,363.23,368.125,354.07,355.22,-0.017181750269761764,14.055000000000007,3.8694491093797336,342.37142857142857,345.313,0.04744524032616422
COIN,2025-10-29,357.425,360.0,345.21,348.56,-0.018748944316198446,14.79000000000002,4.137931034482764,343.05428571428564,346.24833333333333,0.04799276693377783
COIN,2025-10-30,343.47,344.215,328.22,328.785,-0.05673341748909799,15.994999999999948,4.656884152909991,341.6492857142857,345.7765,0.05292927372474792
COIN,2025-10-31,336.0,361.4,334.43,343.43,0.044542786319327066,26.96999999999997,8.026785714285706,344.94928571428574,345.8035,0.0501420792914496
COIN,2025-11-03,340.87,342.8,325.8801,330.42,-0.037882537926214876,16.919899999999984,4.963739842168564,346.04357142857145,345.75249999999994,0.05349819346764176
COIN,2025-11-04,319.0,325.45,306.85,307.32,-0.06991102233520985,18.599999999999966,5.830721003134785,339.3092857142857,345.32750000000004,0.040633977433499655
COIN,2025-11-05,315.885,324.14,310.8401,319.3,0.03898216842379276,13.29989999999998,4.2103613656868735,333.29071428571433,345.24516666666665,0.04423121105161244
COIN,2025-11-06,316.5,316.6,294.72,295.22,-0.07541497024741617,21.879999999999995,6.913112164296997,324.7192857142858,344.86283333333336,0.049498531106179335
COIN,2025-11-07,290.2,310.93,283.65,309.14,0.047151277013752324,27.28000000000003,9.40041350792558,319.08785714285716,344.7478333333334,0.05664226535836769
COIN,2025-11-10,323.02,324.79,311.66,317.93,0.028433719350456244,13.129999999999995,4.0647637917156825,317.5371428571429,344.2125,0.055471435552823675
COIN,2025-11-11,312.2,317.0899,303.59,304.01,-0.04378322272198287,13.499900000000025,4.324119154388221,311.9057142857143,343.09916666666663,0.052714233126017404
COIN,2025-11-12,309.23,311.5,301.46,304.0,-3.289365481395912e-05,10.04000000000002,3.2467742457070856,308.13142857142856,341.6935,0.052039696916070015
COIN,2025-11-13,301.66,303.96,279.83,283.16,-0.06855263157894731,24.129999999999995,7.999071802691771,304.68,338.72983333333326,0.05178380117330737
COIN,2025-11-14,269.52,292.76,268.16,284.0,0.0029665206950133527,24.599999999999966,9.127337488869088,299.63714285714286,335.52916666666664,0.04767921882936963
COIN,2025-11-17,274.92,277.83,258.22,263.95,-0.07059859154929582,19.609999999999957,7.132984140840956,295.17,331.45849999999996,0.04669688112163664
COIN,2025-11-18,261.75,271.0,261.0,261.67,-0.008637999621140313,10.0,3.8204393505253105,288.3885714285714,327.65483333333333,0.03835353732741699
COIN,2025-11-19,261.865,262.8199,247.02,257.29,-0.01673864027209848,15.799900000000008,6.033605101865468,279.7257142857143,323.3221666666667,0.03146027490364035
COIN,2025-11-20,259.98,263.63,236.0,238.08,-0.07466283182401179,27.629999999999995,10.627740595430415,270.3071428571429,318.3581666666667,0.035702116510019935
COIN,2025-11-21,243.915,246.13,231.23,240.41,0.009786626344086002,14.900000000000006,6.108685402701763,261.22285714285715,314.4715,0.03740028170960161
COIN,2025-11-24,244.68,257.95,243.0101,255.97,0.06472276527598697,14.939899999999994,6.105893411803169,257.33857142857147,311.1041666666667,0.04824801822944435
COIN,2025-11-25,247.755,254.37,240.74,254.12,-0.007227409462046364,13.629999999999995,5.501402595305844,253.07,308.19483333333335,0.04782690673623354
COIN,2025-11-26,256.2,266.6225,253.8432,264.97,0.04269636392255638,12.779300000000006,4.98801717408275,253.2157142857143,305.82016666666664,0.04486136665352131
COIN,2025-11-28,274.005,279.87,269.2901,272.82,0.029625995395704985,10.57990000000001,3.861206912282626,254.80857142857144,303.9058333333333,0.045753904263320606
COIN,2025-12-01,260.525,265.9,252.2,259.84,-0.04757715709991939,13.699999999999989,5.258612417234427,255.17285714285714,301.36650000000003,0.049720517035089985
COIN,2025-12-02,267.68,272.55,263.21,263.26,0.013161945812808051,9.340000000000032,3.4892408846383858,258.77000000000004,298.6825,0.03627182704404069
COIN,2025-12-03,268.0,277.5923,264.13,276.92,0.05188786750740726,13.462300000000027,5.0232462686567265,263.9857142857143,296.62583333333333,0.03866936068726915
COIN,2025-12-04,273.6,284.24,271.26,274.05,-0.01036400404448945,12.980000000000018,4.744152046783632,266.56857142857143,295.0831666666666,0.03474846489970489
COIN,2025-12-05,270.425,273.57,265.01,269.73,-0.015763546798029493,8.560000000000002,3.165387815475641,268.79857142857145,293.3155,0.03560589034590757
COIN,2025-12-08,272.805,276.63,269.5201,274.2,0.01657212768323868,7.109899999999982,2.6062205604735915,270.1171428571428,290.6401666666667,0.032751728224740276
COIN,2025-12-09,270.63,284.74,266.83,277.36,0.011524434719183185,17.910000000000025,6.617891586298646,270.7657142857143,287.8378333333333,0.03119435463862584
COIN,2025-12-10,273.2,279.443,270.76,275.09,-0.00818430920103852,8.682999999999993,3.178257686676425,272.94428571428574,285.1668333333334,0.023099135967170736
COIN,2025-12-11,266.9,271.16,258.72,269.02,-0.022065505834454102,12.439999999999998,4.660921693518171,273.76714285714286,282.51550000000003,0.02559282746251755
COIN,2025-12-12,271.66,278.2,263.16,267.46,-0.005798825366143845,15.039999999999964,5.536332179930782,272.4157142857143,280.4713333333333,0.014053045572670779
COIN,2025-12-15,267.99,268.5827,246.8,250.42,-0.06371046137740222,21.782699999999977,8.128176424493443,269.04,277.371,0.026490731755798462
COIN,2025-12-16,253.56,257.0,250.32,252.59,0.008665442057343764,6.680000000000007,2.634484934532263,266.59142857142854,274.77666666666664,0.027574471509054406
COIN,2025-12-17,254.78,259.55,243.7,244.19,-0.0332554732966468,15.850000000000023,6.221053457885243,262.3042857142857,272.6723333333333,0.02627375182126696
COIN,2025-12-18,253.095,255.41,239.1,239.18,-0.020516810680208053,16.310000000000002,6.444220549596002,256.85,270.00166666666667,0.023275360381339944
COIN,2025-12-19,244.575,247.0,240.85,245.13,0.024876661928254773,6.150000000000006,2.514566084023308,252.57,268.332,0.028909558614769362
COIN,2025-12-22,251.68,254.87,247.43,247.9,0.011300126463509308,7.439999999999998,2.9561347743165918,249.55285714285714,266.29066666666665,0.030447180764077125
COIN,2025-12-23,243.25,245.1999,238.8,242.3,-0.022589753933037526,6.399900000000002,2.6309969167523133,245.95857142857145,263.7696666666667,0.03061120030831998
COIN,2025-12-24,240.28,240.99,237.14,239.73,-0.010606685926537462,3.8500000000000227,1.6022973197935837,244.43142857142857,261.627,0.02128291819025866
COIN,2025-12-26,240.4,240.49,232.8057,236.9,-0.011804947232302965,7.6843000000000075,3.1964642262895206,242.19000000000003,259.39033333333333,0.02031336028631686
COIN,2025-12-29,234.36,239.89,232.78,233.77,-0.013212325875896935,7.109999999999985,3.0337941628264145,240.70142857142858,257.74399999999997,0.017538116414716483
COIN,2025-12-30,233.65,236.06,231.52,231.6,-0.00928262822432313,4.539999999999992,1.9430772523004458,239.6185714285714,255.99733333333333,0.016478768309761915
COIN,2025-12-31,231.22,232.39,225.47,226.14,-0.023575129533678796,6.9199999999999875,2.992820690251703,236.9057142857143,254.73700000000002,0.011527511398047946
COIN,2026-01-02,230.595,238.49,225.91,236.53,0.04594498982930939,12.580000000000013,5.455452199744146,235.28142857142856,253.899,0.023800220343581605
COIN,2026-01-05,247.105,258.88,246.53,254.88,0.07758001099226308,12.349999999999994,4.997875397098397,237.07857142857142,253.81866666666667,0.03822118726009089
COIN,2026-01-06,255.21,258.35,245.7426,250.5,-0.017184557438794656,12.607400000000013,4.940010187688575,238.61714285714285,254.2326666666667,0.03882702852040344
COIN,2026-01-07,248.28,248.9399,240.25,245.93,-0.018243512974051912,8.689899999999994,3.5000402771064905,239.90714285714284,254.41666666666666,0.039416435205901414
COIN,2026-01-08,244.615,250.38,242.25,245.59,-0.0013825072175008835,8.129999999999995,3.3235901314310223,241.59571428571425,254.07066666666665,0.03870236277352872
COIN,2026-01-09,246.07,246.9,237.15,240.78,-0.019585488008469376,9.75,3.9622871540618525,242.90714285714284,253.62600000000003,0.03964011815854445
COIN,2026-01-12,239.63,248.0,238.04,242.98,0.009136971509261516,9.960000000000008,4.1564077953511696,245.31285714285713,252.893,0.037407207325009635
COIN,2026-01-13,245.5,255.51,244.65,252.69,0.03996213680138294,10.859999999999985,4.423625254582478,247.62142857142857,252.222,0.036530990632347715
COIN,2026-01-14,256.92,263.07,253.0,255.86,0.012545015631801881,10.069999999999993,3.919508018060094,247.76142857142858,252.08933333333334,0.021785074791546233
COIN,2026-01-15,250.59,251.2,237.4301,239.28,-0.06480106308137268,13.769899999999978,5.494991819306428,246.15857142857143,251.29,0.032911242989608305
COIN,2026-01-16,239.485,243.19,236.14,241.15,0.007815112002674818,7.050000000000011,2.9438169405181998,245.47571428571428,250.09766666666664,0.0327759794918726
COIN,2026-01-20,232.64,234.9,225.96,227.87,-0.055069458843043706,8.939999999999998,3.842847317744153,242.94428571428574,248.55833333333334,0.038328381459739026
COIN,2026-01-21,228.76,231.45,222.4,226.93,-0.004125159081932672,9.049999999999983,3.956111208253184,240.96571428571428,247.13166666666666,0.038128862449407296
COIN,2026-01-22,228.525,230.75,223.02,223.18,-0.016524919578724706,7.72999999999999,3.3825620829230894,238.13714285714286,245.431,0.03745778516596871
COIN,2026-01-23,222.745,222.745,215.72,216.95,-0.027914687696030227,7.025000000000006,3.153830613481787,233.03142857142856,243.41733333333332,0.02996462991169892
COIN,2026-01-26,212.175,215.64,210.89,213.48,-0.015994468771606374,4.75,2.2387180393543065,226.97714285714284,241.3636666666667,0.026337353328293674
COIN,2026-01-27,213.48,213.555,207.77,210.83,-0.012413340828180575,5.784999999999997,2.709855724189618,222.91285714285712,239.424,0.01986763151886511
COIN,2026-01-28,213.28,214.39,206.8,209.52,-0.0062135369729166,7.589999999999975,3.5587021755438744,218.39428571428576,237.49266666666665,0.01741565150966842
COIN,2026-01-29,206.815,207.0,194.21,199.32,-0.04868270332187863,12.789999999999992,6.184270966806079,214.31571428571428,235.78933333333333,0.015295149480188758
COIN,2026-01-30,198.7,198.96,190.96,194.88,-0.02227573750752554,8.0,4.026170105686965,209.73714285714283,233.86566666666664,0.013855937208394464
COIN,2026-02-02,189.805,190.9399,185.08,187.86,-0.03602216748768461,5.859899999999982,3.0873264666368017,204.6914285714286,231.988,0.014642603836229394
COIN,2026-02-03,188.68,188.68,174.05,179.66,-0.043649526242946934,14.629999999999995,7.753868984524059,199.3642857142857,230.004,0.016406434491616433
COIN,2026-02-04,176.11,176.75,164.42,168.58,-0.06167204720026709,12.330000000000013,7.001306001930619,192.95000000000002,227.4523333333333,0.02019452732833651
COIN,2026-02-05,160.43,165.0,145.16,146.06,-0.13358642780875551,19.840000000000003,12.366764320887617,183.69714285714286,224.05766666666668,0.04091786279748627
COIN,2026-02-06,154.555,165.52,151.59,165.115,0.13046008489661798,13.930000000000007,9.012972728155031,177.35357142857146,221.48483333333334,0.07969502212332114
COIN,2026-02-09,160.095,167.57,159.01,167.25,0.01293038185507056,8.560000000000002,5.346825322464788,172.77214285714285,219.06883333333334,0.08078263591895929
COIN,2026-02-10,162.56,167.92,161.86,162.51,-0.02834080717488796,6.059999999999974,3.727854330708645,168.14785714285716,216.58916666666667,0.08081893364305075
COIN,2026-02-11,157.7,158.1,148.85,153.2,-0.05728878222878597,9.25,5.865567533291059,163.19642857142858,213.9035,0.08179092893019795
COIN,2026-02-12,153.095,153.2,139.36,140.89,-0.08035248041775456,13.839999999999975,9.040138476109588,157.65785714285715,210.87983333333332,0.08425924537052472
COIN,2026-02-13,153.7,167.65,146.16,164.28,0.16601604088295852,21.49000000000001,13.98178269355889,157.04357142857143,208.81783333333334,0.11039443558347715
GOOGL,2023-01-03,89.585,91.05,88.52,89.12,,2.530000000000001,2.824133504492941,89.12,89.12,
GOOGL,2023-01-04,90.35,90.65,87.271,88.08,-0.011669658886894196,3.379000000000005,3.7399003873824075,88.6,88.6,
GOOGL,2023-01-05,87.47,87.57,85.9,86.2,-0.021344232515894568,1.6699999999999875,1.9092260203498201,87.8,87.8,0.0068409566181547084
GOOGL,2023-01-06,86.79,87.69,84.86,87.34,0.013225058004640466,2.8299999999999983,3.2607443253831065,87.685,87.685,0.017834330896269346
GOOGL,2023-01-09,88.36,90.05,87.86,88.02,0.007785665216395676,2.1899999999999977,2.4784970574920755,87.752,87.752,0.016240452895132762
GOOGL,2023-01-10,85.98,88.67,85.83,88.42,0.004544421722335823,2.8400000000000034,3.303093742730871,87.86333333333334,87.86333333333334,0.014463757562941616
GOOGL,2023-01-11,89.18,91.6,89.01,91.52,0.03505994118977607,2.589999999999989,2.9042386185243205,88.38571428571429,88.38571428571429,0.01974920856936161
GOOGL,2023-01-12,91.48,91.87,89.75,91.13,-0.0042613636363636465,2.1200000000000045,2.3174464363795413,88.67285714285715,88.72875,0.01833696314899455
GOOGL,2023-01-13,90.85,92.19,90.1299,92.12,0.010863601448480198,2.0600999999999914,2.267583929554201,89.25,89.10555555555555,0.017207087838911107
GOOGL,2023-01-17,92.06,92.25,90.05,91.29,-0.00900998697351274,2.200000000000003,2.3897458179448217,89.97714285714287,89.324,0.01425197921473872
GOOGL,2023-01-18,92.14,92.7999,90.64,91.12,-0.0018621973929237035,2.1598999999999933,2.3441502062079373,90.51714285714286,89.48727272727272,0.014523959077754186
GOOGL,2023-01-19,90.72,93.605,90.63,93.05,0.021180860403863022,2.9750000000000085,3.2793209876543306,91.23571428571428,89.78416666666668,0.01561528329942663
GOOGL,2023-01-20,95.1,98.3,95.02,98.02,0.053412144008597506,3.280000000000001,3.4490010515247125,92.60714285714286,90.4176923076923,0.022967365344602645
GOOGL,2023-01-23,97.95,100.04,97.5,99.79,0.018057539277698487,2.5400000000000063,2.593159775395616,93.78857142857143,91.08714285714287,0.021340531442614007
GOOGL,2023-01-24,98.1,99.61,97.2,97.7,-0.020943982362962243,2.4099999999999966,2.456676860346582,94.72714285714285,91.528,0.024271056610214087
GOOGL,2023-01-25,95.57,96.162,93.76,95.22,-0.025383828045035917,2.402000000000001,2.5133410065920283,95.16999999999999,91.75875,0.027735846178111655
GOOGL,2023-01-26,96.5,97.57,95.38,97.52,0.02415458937198056,2.1899999999999977,2.2694300518134694,96.05999999999999,92.09764705882354,0.027763541147537808
GOOGL,2023-01-27,97.31,100.32,97.31,99.37,0.01897046759639065,3.009999999999991,3.0932072757167717,97.23857142857142,92.50166666666667,0.027419232640924968
GOOGL,2023-01-30,97.48,98.29,96.395,96.94,-0.02445406058166455,1.8950000000000102,1.9439885104636951,97.79428571428572,92.73526315789474,0.030356275992578164
GOOGL,2023-01-31,96.87,98.88,96.82,98.84,0.019599752424179995,2.0600000000000023,2.1265613709094686,97.91142857142857,93.0405,0.023523927434498243
GOOGL,2023-02-01,98.71,101.19,97.58,100.43,0.016086604613516853,3.6099999999999994,3.657177590922905,98.00285714285714,93.39238095238095,0.02330247363580908
GOOGL,2023-02-02,105.8,107.85,105.61,107.74,0.0727870158319226,2.239999999999995,2.1172022684309972,99.43714285714285,94.04454545454546,0.03328469632826101
GOOGL,2023-02-03,102.93,107.81,102.58,104.78,-0.02747354742899566,5.230000000000004,5.081123093364425,100.80285714285715,94.5113043478261,0.03370909055171055
GOOGL,2023-02-06,102.4,104.36,101.88,102.9,-0.01794235541133804,2.480000000000004,2.421875000000004,101.57142857142857,94.86083333333333,0.03535992684768228
GOOGL,2023-02-07,103.22,108.18,103.12,107.64,0.04606413994169101,5.060000000000002,4.902150745979464,102.75285714285715,95.37200000000001,0.03810823175439666
GOOGL,2023-02-08,102.05,103.14,98.035,99.37,-0.07683017465626163,5.105000000000004,5.002449779519847,103.10000000000001,95.52576923076923,0.04982205179415385
GOOGL,2023-02-09,100.0,100.03,93.63,95.01,-0.04387642145516757,6.400000000000006,6.400000000000006,102.55285714285715,95.50666666666666,0.05235208796873726
GOOGL,2023-02-10,95.45,96.75,94.25,94.57,-0.0046310914640564915,2.5,2.619172341540073,101.71571428571428,95.47321428571429,0.05157713343820083
GOOGL,2023-02-13,94.74,95.2,93.84,94.61,0.0004229671143070046,1.3599999999999994,1.4355077052987117,99.84,95.44344827586207,0.03838890513171531
GOOGL,2023-02-14,94.43,94.845,92.26,94.68,0.000739879505337715,2.5849999999999937,2.73747749655829,98.39714285714287,95.41799999999999,0.03867814939135532
GOOGL,2023-02-15,94.49,97.12,94.15,96.94,0.02386987748204472,2.969999999999999,3.143189755529684,97.5457142857143,95.67866666666667,0.041072233506413335
GOOGL,2023-02-16,95.37,97.68,94.74,95.51,-0.014751392613987946,2.940000000000012,3.0827304183705695,95.81285714285714,95.92633333333335,0.03353213929815502
GOOGL,2023-02-17,94.85,95.5599,93.21,94.35,-0.012145325096848625,2.349900000000005,2.477490774907755,95.09571428571428,96.19800000000001,0.020492793194596605
GOOGL,2023-02-21,93.0,93.1,91.72,91.79,-0.027133015368309366,1.3799999999999955,1.4838709677419306,94.63571428571427,96.34633333333335,0.01597762776359526
GOOGL,2023-02-22,91.7,92.11,90.61,91.65,-0.0015252206122671197,1.5,1.6357688113413305,94.21857142857144,96.46733333333333,0.016026280800561326
GOOGL,2023-02-23,91.92,91.94,89.76,90.89,-0.008292416803055147,2.1799999999999926,2.371627502175797,93.68714285714286,96.54966666666668,0.015930999667256637
GOOGL,2023-02-24,89.44,89.89,88.575,89.13,-0.019364066453955386,1.3149999999999977,1.4702593917710172,92.89428571428572,96.47000000000001,0.016401633692008387
GOOGL,2023-02-27,89.87,90.16,89.335,89.87,0.00830247952429053,0.8250000000000028,0.9179926560587547,91.88428571428572,96.42800000000001,0.011652467826134211
GOOGL,2023-02-28,89.33,91.23,89.32,90.06,0.0021141649048626032,1.9100000000000108,2.138139482816535,91.10571428571428,96.35933333333334,0.012395408774256541
GOOGL,2023-03-01,89.98,91.03,89.67,90.36,0.0033311125916055673,1.3599999999999994,1.5114469882196038,90.53571428571429,96.32833333333333,0.012960875549608833
GOOGL,2023-03-02,89.66,92.275,89.59,92.0,0.01814962372731288,2.6850000000000023,2.9946464421146577,90.5657142857143,96.35766666666667,0.011964600555731236
GOOGL,2023-03-03,92.48,93.73,92.45,93.65,0.017934782608695743,1.2800000000000011,1.3840830449827002,90.85142857142856,96.37766666666668,0.013595600662227082
GOOGL,2023-03-06,94.015,95.97,94.0,95.13,0.015803523758675775,1.9699999999999989,2.0954103068659244,91.45714285714284,96.28133333333334,0.013256537673682152
GOOGL,2023-03-07,94.98,95.67,93.53,93.86,-0.013350152423000083,2.1400000000000006,2.2531059170351657,92.13285714285713,96.08366666666667,0.01135048296338989
GOOGL,2023-03-08,94.12,95.955,94.0,94.25,0.0041551246537396835,1.9549999999999983,2.077135571610708,92.75857142857141,95.96866666666666,0.011407845578352326
GOOGL,2023-03-09,94.05,95.53,91.9,92.32,-0.020477453580901916,3.6299999999999955,3.8596491228070127,93.08142857142857,95.87200000000001,0.015456920129150929
GOOGL,2023-03-10,92.17,92.79,90.395,90.63,-0.01830589254766024,2.3950000000000102,2.5984593685581103,93.12,95.64233333333333,0.017552571279173618
GOOGL,2023-03-13,90.09,92.57,89.42,91.11,0.005296259516716306,3.1499999999999915,3.496503496503487,92.99285714285715,95.36699999999999,0.016010174926386827
GOOGL,2023-03-14,92.56,94.36,92.44,93.97,0.03139062671495996,1.9200000000000017,2.0743301642178062,93.03857142857143,95.26800000000001,0.019192829644309854
GOOGL,2023-03-15,93.22,96.93,92.64,96.11,0.022773225497499272,4.290000000000006,4.602016734606314,93.17857142857143,95.17699999999999,0.02026134310782468
GOOGL,2023-03-16,96.2,101.19,95.5,100.32,0.043803974612423247,5.689999999999998,5.914760914760913,94.10142857142857,95.17333333333333,0.024322635324255704
GOOGL,2023-03-17,100.26,102.835,100.1,101.62,0.012958532695374947,2.7349999999999994,2.727907440654298,95.15428571428572,94.96933333333332,0.024209136046735465
GOOGL,2023-03-20,100.12,101.75,99.87,101.22,-0.003936233024995128,1.8799999999999955,1.8777467039552493,96.42571428571429,94.85066666666667,0.021243003259954683
GOOGL,2023-03-21,101.25,105.1,101.22,104.92,0.03655404070341839,3.8799999999999955,3.8320987654320944,98.46714285714286,94.91799999999999,0.017347734674771163
GOOGL,2023-03-22,104.27,106.59,103.33,103.37,-0.014773160503240512,3.260000000000005,3.126498513474638,100.21857142857142,94.77566666666667,0.021570766998919248
GOOGL,2023-03-23,105.06,106.3,104.46,105.6,0.021572990229273392,1.8400000000000034,1.7513801637159752,101.88000000000001,94.98333333333333,0.02089357422802799
GOOGL,2023-03-24,104.99,105.49,103.84,105.44,-0.0015151515151514694,1.6499999999999915,1.571578245547187,103.21285714285715,95.331,0.02177204147965558
GOOGL,2023-03-27,104.615,104.76,101.927,102.46,-0.028262518968133588,2.8329999999999984,2.708024661855373,103.51857142857143,95.59400000000001,0.02210341303433754
GOOGL,2023-03-28,102.44,102.45,99.74,101.03,-0.013956666016006203,2.710000000000008,2.6454509957048105,103.4342857142857,95.80799999999999,0.022466731720635454
GOOGL,2023-03-29,102.28,102.49,100.65,101.39,0.003563298030287987,1.8399999999999892,1.7989831834180574,103.45857142857142,96.03166666666668,0.022460862811237832
GOOGL,2023-03-30,100.91,101.155,99.78,100.89,-0.004931452805996606,1.375,1.3626003369339015,102.88285714285713,96.16333333333334,0.015847848680971176
GOOGL,2023-03-31,101.3,103.89,101.04,103.73,0.02814946971949661,2.8499999999999943,2.8134254689042395,102.9342857142857,96.43733333333333,0.019526084701933163
GOOGL,2023-04-03,102.39,104.53,101.93,104.36,0.00607345994408548,2.5999999999999943,2.539310479539012,102.75714285714285,96.771,0.01753682223111963
GOOGL,2023-04-04,104.33,105.58,104.04,104.72,0.003449597546952843,1.539999999999992,1.4760854979392235,102.65428571428572,97.202,0.017638765312707926
GOOGL,2023-04-05,105.78,106.1,103.66,104.47,-0.0023873185637891536,2.4399999999999977,2.306674229532991,102.94142857142856,97.62933333333332,0.013049691529342454
GOOGL,2023-04-06,105.26,109.17,104.33,108.42,0.03780989757825215,4.840000000000003,4.598137944138327,103.99714285714286,98.21366666666667,0.01621993715693397
GOOGL,2023-04-10,106.98,107.59,105.12,106.44,-0.018262313226342086,2.469999999999999,2.308842774350345,104.71857142857142,98.79066666666667,0.019487446465671347
GOOGL,2023-04-11,106.55,106.73,104.68,105.35,-0.010240511086057946,2.049999999999997,1.923979352416703,105.35571428571428,99.30666666666666,0.02012784020782522
GOOGL,2023-04-12,106.58,106.75,104.34,104.64,-0.006739439962031302,2.4099999999999966,2.2612122349408863,105.48571428571428,99.79266666666668,0.018048193401373466
GOOGL,2023-04-13,105.84,107.49,105.84,107.43,0.026662844036697386,1.6499999999999915,1.5589569160997652,105.92428571428572,100.36166666666666,0.02045646519891205
GOOGL,2023-04-14,106.89,108.94,106.84,108.87,0.013404077073443155,2.0999999999999943,1.9646365422396803,106.51714285714286,100.92399999999999,0.02072944230007579
GOOGL,2023-04-17,104.658,106.16,104.52,105.97,-0.02663727381280434,1.6400000000000006,1.5670087332072087,106.7314285714286,101.33466666666666,0.02407263470542331
GOOGL,2023-04-18,106.49,106.54,104.07,104.5,-0.013871850523733076,2.470000000000013,2.319466616583729,106.17142857142858,101.647,0.018683494173359436
GOOGL,2023-04-19,103.58,104.98,103.07,104.18,-0.003062200956937766,1.9100000000000108,1.843985325352395,105.84857142857143,101.991,0.01775889544635116
GOOGL,2023-04-20,103.91,106.25,103.868,105.29,0.010654636206565593,2.382000000000005,2.292368395727076,105.84,102.359,0.01807781060989901
GOOGL,2023-04-21,105.47,106.0,104.78,105.41,0.0011397093741094544,1.2199999999999989,1.1567270313833307,105.95000000000002,102.79533333333332,0.017827548076559244
GOOGL,2023-04-24,105.49,106.63,104.7,105.97,0.0053125889384308955,1.9299999999999926,1.8295573040098518,105.74142857142856,103.30666666666667,0.014199151161630076
GOOGL,2023-04-25,105.825,106.69,103.84,103.85,-0.02000566197980569,2.8499999999999943,2.6931254429482583,105.02428571428571,103.73133333333334,0.013821027914929842
GOOGL,2023-04-26,104.92,106.35,102.63,103.71,-0.0013480982185845036,3.719999999999999,3.545558520777734,104.70142857142858,104.056,0.010667732235882571
GOOGL,2023-04-27,104.45,108.37,103.54,107.59,0.03741201427056229,4.829999999999998,4.6242221158449,105.14285714285714,104.43866666666668,0.017438787625045245
GOOGL,2023-04-28,107.04,107.35,105.09,107.34,-0.0023236360256528865,2.259999999999991,2.111360239162921,105.5942857142857,104.67266666666666,0.01738898060248311
GOOGL,2023-05-01,106.84,107.99,106.82,107.2,-0.0013042668157257076,1.1700000000000017,1.0950954698614768,105.86714285714287,104.85866666666668,0.01725972806028992
GOOGL,2023-05-02,107.14,107.2,103.71,105.32,-0.017537313432835933,3.490000000000009,3.257420197871952,105.8542857142857,104.99533333333332,0.01890581044493175
GOOGL,2023-05-03,105.53,107.49,104.96,105.41,0.0008545385491833812,2.530000000000001,2.397422533876624,105.77428571428572,105.01166666666668,0.01877279674479705
GOOGL,2023-05-04,105.485,105.6,103.97,104.69,-0.006830471492268231,1.6299999999999955,1.5452433995354746,105.89428571428572,105.05566666666667,0.017088718672140676
GOOGL,2023-05-05,104.82,105.88,104.11,105.57,0.008405769414461695,1.769999999999996,1.6886090440755543,106.16,105.05466666666666,0.017236241630834828
GOOGL,2023-05-08,105.18,107.96,105.16,107.77,0.02083925357582639,2.799999999999997,2.662103061418518,106.18571428571428,105.13233333333332,0.012016256060893371
GOOGL,2023-05-09,108.39,110.15,107.19,107.35,-0.0038971884568990145,2.960000000000008,2.7308792324015205,106.18714285714285,105.29533333333332,0.012088034034915398
GOOGL,2023-05-10,107.97,112.94,107.93,111.75,0.04098742431299485,5.009999999999991,4.640177827174206,106.83714285714284,105.65266666666666,0.019549385068116362
GOOGL,2023-05-11,115.395,117.92,114.41,116.57,0.043131991051454044,3.510000000000005,3.041726244637987,108.44428571428571,106.15866666666666,0.020727510054837427
GOOGL,2023-05-12,116.68,118.03,116.11,117.51,0.008063824311572487,1.9200000000000017,1.6455262255742213,110.17285714285713,106.71266666666666,0.020089289196072287
GOOGL,2023-05-15,116.11,118.48,116.01,116.51,-0.008509914049868117,2.469999999999999,2.1272930841443447,111.86142857142856,107.13866666666667,0.020412235972488982
GOOGL,2023-05-16,116.49,120.75,116.43,119.51,0.025748862758561586,4.319999999999993,3.7084728302858556,113.85285714285713,107.64366666666668,0.02044959626276675
GOOGL,2023-05-17,119.61,121.67,118.89,120.84,0.0111287758346581,2.780000000000001,2.324220382911129,115.72,108.181,0.02055808192645403
GOOGL,2023-05-18,120.95,123.31,120.83,122.83,0.0164680569347897,2.480000000000004,2.050434063662674,117.93142857142858,108.79299999999999,0.01850135886627837
GOOGL,2023-05-19,123.55,125.97,122.15,122.76,-0.0005698933485304147,3.819999999999993,3.0918656414407066,119.50428571428571,109.271,0.01709941370923737
GOOGL,2023-05-22,122.94,126.43,122.74,125.05,0.018654284783316877,3.690000000000012,3.001464128843348,120.71571428571428,109.89133333333334,0.011718811351976034
GOOGL,2023-05-23,124.16,124.625,122.21,122.56,-0.019912035185925547,2.4150000000000063,1.945070876288665,121.43714285714286,110.465,0.016386084245176548
GOOGL,2023-05-24,121.12,121.91,119.86,120.9,-0.013544386422976507,2.049999999999997,1.6925363276089802,122.06428571428572,111.007,0.01722545237832088
GOOGL,2023-05-25,124.52,125.32,121.96,123.48,0.021339950372208483,3.3599999999999994,2.6983617089624152,122.63142857142859,111.54199999999999,0.01642023596426407
GOOGL,2023-05-26,123.17,125.26,122.45,124.61,0.009151279559442838,2.8100000000000023,2.2813996914833172,123.17,112.06666666666666,0.016309744371542697
GOOGL,2023-05-30,125.64,125.66,122.0,123.67,-0.007543535831795234,3.6599999999999966,2.9130850047755468,123.28999999999999,112.65666666666667,0.015895976069456415
GOOGL,2023-05-31,122.75,124.06,122.5,122.87,-0.0064688283334680685,1.5600000000000023,1.2708757637474561,123.30571428571429,113.26899999999999,0.01615245249951359
GOOGL,2023-06-01,122.815,124.42,122.62,123.72,0.006917880686904798,1.7999999999999972,1.4656190204779524,123.11571428571429,113.92033333333333,0.014440856223883289
GOOGL,2023-06-02,123.99,126.15,123.76,124.67,0.0076786291626254055,2.3900000000000006,1.9275748044197116,123.41714285714285,114.56633333333335,0.012139836707800871
GOOGL,2023-06-05,124.01,127.43,123.84,126.01,0.010748375711879365,3.5900000000000034,2.894927828400938,124.14714285714285,115.253,0.010085853278941608
GOOGL,2023-06-06,126.01,128.29,125.36,127.31,0.010316641536386006,2.9299999999999926,2.3252122847393,124.69428571428571,115.96433333333333,0.007913614729487367
GOOGL,2023-06-07,126.97,129.04,122.12,122.5,-0.03778179247506086,6.9199999999999875,5.450106324328572,124.39285714285714,116.586,0.017406001644727876
GOOGL,2023-06-08,122.225,123.225,121.24,122.14,-0.0029387755102040503,1.9849999999999994,1.6240539987727547,124.17428571428572,117.20033333333335,0.017261423935994585
GOOGL,2023-06-09,122.25,123.755,121.91,122.23,0.0007368593417389491,1.8449999999999989,1.5092024539877291,124.08285714285715,117.68833333333332,0.017140369246282094
GOOGL,2023-06-12,122.785,124.05,121.66,123.64,0.011535629550846638,2.3900000000000006,1.9464918353219045,124.07142857142857,118.23166666666667,0.01756238164276741
GOOGL,2023-06-13,124.98,125.16,123.18,123.83,0.0015367195082496288,1.9799999999999898,1.5842534805568809,123.95142857142858,118.786,0.017268243096669526
GOOGL,2023-06-14,123.1,124.05,121.45,123.67,-0.0012920939998384284,2.5999999999999943,2.112103980503651,123.61714285714287,119.39766666666668,0.016504911522835664
GOOGL,2023-06-15,123.14,125.46,122.4,125.09,0.011482170291905902,3.059999999999988,2.484976449569586,123.3,120.05366666666666,0.016661543337496653
GOOGL,2023-06-16,125.93,126.108,123.28,123.53,-0.0124710208649772,2.828000000000003,2.245692051139524,123.44714285714285,120.68166666666666,0.008397497848922738
GOOGL,2023-06-20,122.93,124.57,122.14,123.1,-0.0034809358050676975,2.4299999999999926,1.9767347270804463,123.58428571428571,121.266,0.008444691421329503
GOOGL,2023-06-21,122.4,122.66,120.1,120.55,-0.020714865962631945,2.5600000000000023,2.0915032679738577,123.3442857142857,121.69200000000001,0.01183231928660904
GOOGL,2023-06-22,120.0,123.24,118.83,123.15,0.021567814184985545,4.409999999999997,3.674999999999997,123.27428571428571,122.21866666666668,0.014119527016257223
GOOGL,2023-06-23,121.38,122.788,121.06,122.34,-0.006577344701583443,1.7279999999999944,1.423628274839343,123.06142857142856,122.57166666666667,0.014258582019154309
GOOGL,2023-06-26,121.22,122.0,118.265,118.34,-0.03269576589831613,3.7349999999999994,3.0811747236429627,122.3,122.63066666666667,0.01845373418622042
GOOGL,2023-06-27,117.08,119.08,116.1,118.33,-8.450228156164918e-05,2.980000000000004,2.5452681926887633,121.3342857142857,122.65799999999999,0.017080959370918015
GOOGL,2023-06-28,117.09,120.39,116.85,120.18,0.015634243218118904,3.5400000000000063,3.0233153984114836,120.85571428571428,122.78033333333333,0.01899081058621173
GOOGL,2023-06-29,119.24,120.06,118.295,119.1,-0.008986520219670613,1.7650000000000006,1.4802079838980213,120.28428571428572,122.76666666666667,0.019090854803938795
GOOGL,2023-06-30,120.17,121.08,119.69,119.7,0.005037783375315019,1.3900000000000006,1.1566946825330786,120.16285714285713,122.72866666666667,0.01790109629105631
GOOGL,2023-07-03,119.24,120.19,118.818,119.9,0.001670843776107045,1.3719999999999999,1.150620597115062,119.69857142857144,122.63100000000001,0.015105512180812778
GOOGL,2023-07-05,119.24,122.61,119.23,121.75,0.015429524603836509,3.3799999999999955,2.8346192552834584,119.61428571428573,122.59733333333334,0.016624125307680537
GOOGL,2023-07-06,119.795,120.3,118.4,120.11,-0.013470225872689978,1.8999999999999915,1.5860428231562183,119.86714285714285,122.43266666666666,0.011103612955662989
GOOGL,2023-07-07,120.1,121.05,119.4,119.48,-0.005245191907418123,1.6499999999999915,1.3738551207327157,120.03142857142858,122.33,0.011444792196570283
GOOGL,2023-07-10,118.3,118.305,116.135,116.45,-0.025359892869099454,2.1700000000000017,1.8343195266272205,119.49857142857142,122.18166666666666,0.013307086981137707
GOOGL,2023-07-11,116.29,117.71,115.35,117.14,0.00592528982395879,2.3599999999999994,2.029409235531859,119.21857142857142,121.97033333333334,0.013643116405328861
GOOGL,2023-07-12,118.8,120.33,118.414,118.93,0.015280860508792848,1.9159999999999968,1.6127946127946102,119.10857142857144,121.781,0.01503775669301448
GOOGL,2023-07-13,120.93,124.83,120.45,124.54,0.0471706045573026,4.3799999999999955,3.621930042173154,119.77142857142857,121.81,0.023658423391579083
GOOGL,2023-07-14,124.8,126.775,123.49,125.42,0.007066002890637524,3.285000000000011,2.632211538461547,120.29571428571428,121.89500000000001,0.02329210074917109
GOOGL,2023-07-17,125.94,127.1,124.195,124.65,-0.006139371711050834,2.905000000000001,2.306653962204225,120.94428571428573,121.92599999999999,0.022501848983916745
GOOGL,2023-07-18,124.6,124.68,122.96,123.76,-0.007139991977537119,1.720000000000013,1.3804173354735259,121.5557142857143,121.89566666666666,0.022663862400908404
GOOGL,2023-07-19,124.6,125.18,121.8,122.03,-0.013978668390433158,3.3800000000000097,2.712680577849125,122.35285714285715,121.763,0.02039608424821732
GOOGL,2023-07-20,121.42,124.09,118.22,119.2,-0.023191018601983138,5.8700000000000045,4.834458902981391,122.64714285714287,121.49266666666668,0.023375390934025124
GOOGL,2023-07-21,120.62,120.99,118.73,120.02,0.006879194630872387,2.259999999999991,1.873652793898185,122.80285714285715,121.41000000000001,0.02283258383557393
GOOGL,2023-07-24,121.66,123.0,120.98,121.53,0.01258123646058995,2.019999999999996,1.660364951504189,122.37285714285714,121.38966666666666,0.012882036390009738
GOOGL,2023-07-25,121.36,123.145,121.02,122.21,0.005595326256891298,2.125,1.7509887936717206,121.91428571428573,121.389,0.01269316968762095
GOOGL,2023-07-26,130.07,130.98,128.32,129.27,0.0577694133049671,2.6599999999999966,2.045052663950178,122.57428571428571,121.57666666666667,0.026288492969271864
GOOGL,2023-07-27,131.67,133.24,128.79,129.4,0.0010056470952271024,4.450000000000017,3.3796612743981296,123.38,121.76233333333333,0.02581157413405384
GOOGL,2023-07-28,130.78,133.74,130.57,132.58,0.024574961360123604,3.170000000000016,2.4239180302798715,124.88714285714286,122.05933333333333,0.024764295388660762
GOOGL,2023-07-31,132.73,133.525,131.775,132.72,0.001055966209081216,1.75,1.3184660589165977,126.81857142857143,122.31366666666668,0.02028374757694042
GOOGL,2023-08-01,130.775,132.63,130.68,131.55,-0.008815551537070476,1.9499999999999886,1.491110686293243,128.46571428571428,122.581,0.02219096525267761
GOOGL,2023-08-02,129.45,130.09,127.56,128.38,-0.0240973014063095,2.530000000000001,1.9544225569718048,129.4442857142857,122.757,0.02635487671450675
GOOGL,2023-08-03,127.97,129.385,127.42,128.45,0.0005452562704471031,1.9649999999999892,1.535516136594506,130.3357142857143,123.02033333333334,0.026505329994545558
GOOGL,2023-08-04,129.28,131.51,127.91,128.11,-0.0026469443363174028,3.5999999999999943,2.7846534653465302,130.17000000000002,123.18566666666666,0.014501295520708904
GOOGL,2023-08-07,129.16,131.61,129.02,131.53,0.026695808289750822,2.5900000000000034,2.005264787860021,130.4742857142857,123.492,0.017984212801269703
GOOGL,2023-08-08,130.62,131.51,129.545,131.4,-0.0009883676727742152,1.9650000000000034,1.5043638033991757,130.3057142857143,123.92733333333334,0.015114726429999966
GOOGL,2023-08-09,131.66,132.04,129.0,129.66,-0.01324200913242013,3.039999999999992,2.3089776697554245,129.8685714285714,124.305,0.015716519346737796
GOOGL,2023-08-10,131.32,132.05,129.45,129.69,0.00023137436372056008,2.6000000000000227,1.9798964361864322,129.60285714285715,124.62200000000001,0.015550920696909025
GOOGL,2023-08-11,128.66,129.93,128.17,129.56,-0.0010023903153674185,1.7600000000000193,1.3679465257267367,129.77142857142857,124.97066666666666,0.012139536108661315
GOOGL,2023-08-14,129.39,131.37,128.96,131.33,0.013661623958011848,2.4099999999999966,1.8625859803694234,130.18285714285713,125.35833333333333,0.012974504506650835
GOOGL,2023-08-15,131.1,131.42,129.28,129.78,-0.011802330008375939,2.1399999999999864,1.6323417238748945,130.42142857142858,125.68766666666667,0.014081570985193035
GOOGL,2023-08-16,128.7,130.281,127.865,128.7,-0.008321775312066682,2.416000000000011,1.877233877233886,130.01714285714286,125.91933333333333,0.009190202387146974
GOOGL,2023-08-17,129.8,131.99,129.29,129.92,0.009479409479409506,2.700000000000017,2.0801232665639575,129.8057142857143,126.24633333333333,0.010361642306572471
GOOGL,2023-08-18,128.51,129.25,126.382,127.46,-0.01893472906403937,2.867999999999995,2.231732939070886,129.49142857142857,126.51233333333333,0.011581884628737467
GOOGL,2023-08-21,127.175,128.725,126.56,128.37,0.007139494743449104,2.164999999999992,1.7023786121486078,129.30285714285714,126.90966666666667,0.012123539389682067
GOOGL,2023-08-22,128.51,130.278,128.32,129.08,0.005530887278959229,1.9579999999999984,1.5236168391564848,129.2342857142857,127.30766666666666,0.0124071662250903
GOOGL,2023-08-23,130.18,133.41,129.87,132.37,0.025488069414316694,3.539999999999992,2.719311722230751,129.38285714285715,127.75566666666667,0.015152671085833123
GOOGL,2023-08-24,133.95,134.25,129.57,129.78,-0.019566367001586538,4.680000000000007,3.493840985442335,129.38285714285715,127.93033333333332,0.016490339220767144
GOOGL,2023-08-25,129.54,130.76,127.25,129.88,0.0007705347511173244,3.509999999999991,2.7095877721167136,129.55142857142857,128.079,0.016067577645554887
GOOGL,2023-08-28,131.31,132.54,130.14,131.01,0.008700338774253025,2.4000000000000057,1.8277358921635865,129.70714285714286,128.29100000000003,0.01600498658617911
GOOGL,2023-08-29,132.24,136.57,132.24,134.57,0.027173498206243707,4.329999999999984,3.2743496672716152,130.72285714285712,128.65133333333333,0.015773762700987203
GOOGL,2023-08-30,134.78,136.275,134.07,135.88,0.00973471055955999,2.2050000000000125,1.6359994064401338,131.79571428571427,129.113,0.015783653393177957
GOOGL,2023-08-31,136.01,138.0,135.79,136.17,0.0021342360906682067,2.210000000000008,1.6248805234909256,132.8085714285714,129.67866666666666,0.015933101623832845
GOOGL,2023-09-01,137.455,137.455,134.85,135.66,-0.0037453183520598232,2.605000000000018,1.8951656905896606,133.2785714285714,130.2,0.01426035615344377
GOOGL,2023-09-05,135.44,136.42,134.58,135.77,0.0008108506560520201,1.839999999999975,1.358535144713508,134.1342857142857,130.67466666666667,0.01026252988584984
GOOGL,2023-09-06,136.02,136.53,133.665,134.46,-0.009648670545776006,2.865000000000009,2.1063078958976686,134.78857142857143,131.083,0.01186448544836507
GOOGL,2023-09-07,133.59,135.58,132.95,135.26,0.00594972482522671,2.630000000000024,1.9687102328018742,135.3957142857143,131.28266666666667,0.011767541402857282
GOOGL,2023-09-08,134.91,136.66,134.85,136.38,0.008280348957563355,1.8100000000000023,1.3416351641835313,135.65428571428572,131.51533333333333,0.006891633565038989
GOOGL,2023-09-11,136.54,137.48,135.785,136.92,0.003959524857017005,1.6949999999999932,1.2413944631609735,135.80285714285714,131.66,0.00610216038122136
GOOGL,2023-09-12,136.26,136.87,135.19,135.34,-0.011539585159216936,1.6800000000000068,1.2329370321444348,135.68428571428572,131.74733333333333,0.007698009980559158
GOOGL,2023-09-13,135.09,136.9,134.15,136.71,0.01012265405645052,2.75,2.0356799170923088,135.83428571428573,131.91933333333333,0.008563791707389124
GOOGL,2023-09-14,137.6,138.695,136.24,138.1,0.010167507863360292,2.454999999999984,1.7841569767441747,136.16714285714286,132.24333333333334,0.009210797263617
GOOGL,2023-09-15,137.98,138.52,136.48,137.4,-0.005068790731354023,2.0400000000000205,1.4784751413248447,136.58714285714285,132.54166666666666,0.008326718709698385
GOOGL,2023-09-18,136.61,139.16,136.61,138.21,0.005895196506550127,2.549999999999983,1.8666276260888535,137.00857142857143,132.87833333333336,0.008323660093188898
GOOGL,2023-09-19,137.42,138.41,136.62,138.04,-0.0012300123001230956,1.789999999999992,1.302576044243918,137.24571428571429,133.09533333333334,0.008113871115204334
GOOGL,2023-09-20,138.08,138.08,133.62,133.74,-0.03115039119095897,4.460000000000008,3.2300115874855213,136.79142857142858,133.17333333333332,0.014702771881447623
GOOGL,2023-09-21,131.44,132.23,130.07,130.44,-0.024674742036787878,2.1599999999999966,1.6433353621424198,136.09142857142857,133.19933333333333,0.016645737159915176
GOOGL,2023-09-22,130.76,132.025,129.6,130.25,-0.0014566084023305281,2.4250000000000114,1.8545426736004984,135.16857142857143,133.218,0.01540608651056143
GOOGL,2023-09-25,129.83,131.17,128.96,131.11,0.006602687140115249,2.2099999999999795,1.7022259878302237,134.17,133.26966666666667,0.01479914957726359
GOOGL,2023-09-26,129.77,130.365,127.22,128.565,-0.01941118145069043,3.1450000000000102,2.423518532788788,132.90785714285715,133.1775,0.015419014951860148
GOOGL,2023-09-27,128.57,130.895,128.57,130.54,0.015361879205071372,2.325000000000017,1.8083534261491927,131.81214285714285,133.20283333333333,0.01728133399344879
GOOGL,2023-09-28,129.84,133.3,129.79,132.31,0.013559062356365947,3.5100000000000193,2.7033271719038963,130.9935714285714,133.32316666666668,0.01905870888949056
GOOGL,2023-09-29,133.28,134.05,130.36,130.86,-0.01095911117829329,3.6899999999999977,2.7686074429771894,130.58214285714286,133.3545,0.015855721956983294
GOOGL,2023-10-02,131.21,134.42,131.17,134.17,0.025294207550053294,3.25,2.4769453547747884,131.115,133.57816666666665,0.015717177164974973
GOOGL,2023-10-03,133.94,134.26,131.84,132.43,-0.012968621897592514,2.4199999999999875,1.8067791548454437,131.42642857142857,133.7135,0.016954175900090723
GOOGL,2023-10-04,132.79,135.57,132.53,135.24,0.021218757079211725,3.039999999999992,2.2893290157391313,132.01642857142858,133.91883333333334,0.018383841776404643
GOOGL,2023-10-05,135.07,135.49,133.45,135.07,-0.0012570245489501586,2.0400000000000205,1.5103279780854524,132.94571428571427,134.00883333333334,0.015486685057905809
GOOGL,2023-10-06,134.01,138.155,134.01,137.58,0.01858295698526713,4.14500000000001,3.093052757256929,133.95142857142858,134.26883333333333,0.01581474291136433
GOOGL,2023-10-09,136.94,138.94,135.61,138.42,0.0061055385957260455,3.329999999999984,2.4317219220096273,134.82428571428574,134.5535,0.015599137732878748
GOOGL,2023-10-10,138.5,139.72,137.33,138.06,-0.002600780234070066,2.3899999999999864,1.725631768953059,135.85285714285715,134.7885,0.014299114476353987
GOOGL,2023-10-11,138.58,141.11,138.58,140.55,0.018035636679704536,2.530000000000001,1.8256602684370047,136.7642857142857,134.98783333333333,0.013022517443475212
GOOGL,2023-10-12,141.05,141.22,138.26,138.97,-0.011241551049448684,2.960000000000008,2.0985466146756524,137.69857142857146,135.09083333333334,0.012596477062589883
GOOGL,2023-10-13,139.38,140.0,136.615,137.36,-0.011585234223213559,3.384999999999991,2.428612426460031,138.00142857142856,135.1305,0.012517121318035581
GOOGL,2023-10-16,138.17,139.63,137.99,139.095,0.0126310425160161,1.6399999999999864,1.1869436201780317,138.57642857142858,135.245,0.012953981446791761
GOOGL,2023-10-17,138.63,139.9,137.18,139.72,0.00449333189546719,2.719999999999999,1.9620572747601521,138.88214285714284,135.37666666666667,0.011356457074293523
GOOGL,2023-10-18,139.445,140.72,137.38,137.96,-0.012596621815058606,3.3400000000000034,2.395209580838326,138.8164285714286,135.49333333333334,0.012449060129409176
GOOGL,2023-10-19,138.5,139.66,137.38,137.75,-0.0015221803421282543,2.280000000000001,1.6462093862815892,138.77214285714288,135.57633333333334,0.012424062836394089
GOOGL,2023-10-20,137.33,137.87,135.08,135.6,-0.015607985480943776,2.789999999999992,2.031602708803606,138.065,135.55033333333333,0.010532538571705087
GOOGL,2023-10-23,135.04,137.66,133.95,136.5,0.006637168141592875,3.710000000000008,2.7473341232227546,137.71214285714285,135.53633333333335,0.010943805583261603
GOOGL,2023-10-24,137.83,139.36,137.42,138.81,0.01692307692307704,1.9400000000000261,1.407531016469583,137.91928571428573,135.652,0.012231267889911517
GOOGL,2023-10-25,128.16,128.31,125.07,125.61,-0.09509401339961099,3.240000000000009,2.5280898876404567,135.99285714285716,135.282,0.037550867045000165
GOOGL,2023-10-26,123.27,124.33,121.27,122.28,-0.02651062813470262,3.0600000000000023,2.4823558043319562,133.50142857142856,134.75466666666665,0.036852222146707574
GOOGL,2023-10-27,122.88,123.31,120.206,122.17,-0.0008995747464835002,3.103999999999999,2.526041666666666,131.24571428571429,134.24699999999999,0.037412384731412084
GOOGL,2023-10-30,123.21,125.4,122.75,124.46,0.018744372595563386,2.6500000000000057,2.15079944809675,129.34714285714284,133.78866666666667,0.03949809752178819
GOOGL,2023-10-31,125.06,125.37,122.685,124.08,-0.0030531897798489194,2.6850000000000023,2.146969454661764,127.70142857142856,133.32333333333332,0.03968094283623332
GOOGL,2023-11-01,124.07,126.49,123.715,126.45,0.01910058027079309,2.7749999999999915,2.2366406061094475,126.26571428571428,133.08033333333336,0.04091151763763411
GOOGL,2023-11-02,128.42,128.98,126.93,127.49,0.008224594701462973,2.049999999999983,1.5963245600373641,124.64857142857143,132.982,0.04007706436197733
GOOGL,2023-11-03,128.02,129.525,127.86,129.1,0.012628441446387972,1.6650000000000063,1.3005780346820857,125.14714285714285,132.94366666666667,0.01603311747431393
GOOGL,2023-11-06,129.05,130.34,128.67,130.25,0.008907823392718894,1.670000000000016,1.2940720650910622,126.28571428571429,132.915,0.008698370497273802
GOOGL,2023-11-07,130.71,131.91,129.88,130.97,0.005527831094049862,2.030000000000001,1.5530563843623295,127.54285714285713,132.99516666666668,0.007755894156210633
GOOGL,2023-11-08,130.97,132.21,130.78,131.84,0.006642742612812169,1.4300000000000068,1.0918530961288897,128.59714285714287,133.0385,0.0067711067260668705
GOOGL,2023-11-09,131.96,132.55,130.065,130.24,-0.012135922330097082,2.4850000000000136,1.8831464080024352,129.47714285714284,132.9695,0.00958922757928033
GOOGL,2023-11-10,130.105,132.8,129.41,132.59,0.018043611793611802,3.390000000000015,2.605587794473706,130.3542857142857,133.02716666666666,0.009372531274562371
GOOGL,2023-11-13,131.78,132.59,131.25,132.09,-0.003771023455765854,1.3400000000000034,1.0168462589163783,131.01142857142858,132.95783333333333,0.010141057340214922
GOOGL,2023-11-14,134.19,135.7,133.32,133.62,0.01158301158301156,2.3799999999999955,1.7736045905059956,131.65714285714287,132.9975,0.010019023609121058
GOOGL,2023-11-15,134.87,135.03,133.57,134.62,0.007483909594372173,1.460000000000008,1.0825239119151835,132.28142857142856,132.97683333333333,0.009939918935691709
GOOGL,2023-11-16,135.19,137.22,134.32,136.93,0.01715941167731394,2.9000000000000057,2.145129077594501,133.13285714285715,133.03883333333334,0.011003485175030019
GOOGL,2023-11-17,136.0,136.06,133.65,135.31,-0.011830862484481175,2.4099999999999966,1.7720588235294092,133.62857142857143,132.96316666666667,0.012981384346150057
GOOGL,2023-11-20,133.69,136.66,133.62,136.25,0.006947010568324474,3.039999999999992,2.2739172712992684,134.48714285714286,132.89083333333332,0.010919367232356925
GOOGL,2023-11-21,136.29,137.18,135.96,136.97,0.005284403669724824,1.2199999999999989,0.8951500476924198,135.11285714285717,132.8545,0.009667651379031306
GOOGL,2023-11-22,137.47,139.42,137.47,138.49,0.011097320581149317,1.9499999999999886,1.4184913071942886,136.02714285714288,132.78583333333333,0.00911550678812316
GOOGL,2023-11-24,138.03,138.13,135.99,136.69,-0.012997328326955104,2.1399999999999864,1.550387596899215,136.46571428571428,132.70983333333334,0.011417609053786984
GOOGL,2023-11-27,136.03,138.42,136.0,136.41,-0.002048430755724695,2.4199999999999875,1.7790193339704385,136.72142857142856,132.67816666666667,0.011404750996838908
GOOGL,2023-11-28,136.08,137.25,135.422,137.2,0.005791364269481569,1.828000000000003,1.3433274544385676,136.76,132.615,0.009532865904758558
GOOGL,2023-11-29,137.57,138.288,134.84,134.99,-0.016107871720116518,3.4480000000000075,2.506360398342667,136.71428571428572,132.45733333333334,0.010526757141834606
GOOGL,2023-11-30,135.05,135.55,131.28,132.53,-0.01822357211645309,4.27000000000001,3.161791928915224,136.18285714285713,132.27633333333333,0.011857351199539495
GOOGL,2023-12-01,131.86,132.11,130.665,131.86,-0.005055459141326435,1.4450000000000216,1.0958592446534365,135.45285714285714,132.08,0.011147290386211135
GOOGL,2023-12-04,129.88,130.03,127.9,129.27,-0.019642044592749874,2.1299999999999955,1.6399753618724942,134.1357142857143,131.869,0.009517600992798048
GOOGL,2023-12-05,128.95,132.14,128.25,130.99,0.013305484644542398,3.8899999999999864,3.0166731291198037,133.32142857142858,131.68533333333332,0.012688151810065627
GOOGL,2023-12-06,131.44,131.84,129.875,130.02,-0.007405145430948945,1.9650000000000034,1.4949786975045674,132.40857142857143,131.39233333333334,0.01257129874612687
GOOGL,2023-12-07,135.04,138.56,134.7,136.93,0.05314566989693881,3.8600000000000136,2.858412322274892,132.37,131.76966666666667,0.026010459378992698
GOOGL,2023-12-08,134.2,136.4,134.025,134.99,-0.014167822975242772,2.375,1.7697466467958272,132.37,132.19333333333333,0.025819826096032738
GOOGL,2023-12-11,132.38,133.335,131.36,133.29,-0.012593525446329523,1.9749999999999943,1.4919172080374636,132.47857142857146,132.564,0.025228299053617974
GOOGL,2023-12-12,131.81,133.0,131.26,132.52,-0.005776877485182519,1.740000000000009,1.3200819361201799,132.57285714285715,132.83266666666665,0.02525901356341092
GOOGL,2023-12-13,133.38,133.5,131.57,132.57,0.00037730153939019573,1.9300000000000068,1.4469935522567152,133.0442857142857,133.11566666666667,0.023614666472726243
GOOGL,2023-12-14,133.38,133.72,129.685,131.94,-0.004752206381534285,4.034999999999997,3.0251911830859175,133.18,133.29866666666666,0.023393691436366423
GOOGL,2023-12-15,131.62,133.51,131.18,132.6,0.005002273760800424,2.329999999999984,1.7702476827229783,133.54857142857142,133.469,0.023095780436545678
GOOGL,2023-12-18,132.63,137.148,132.43,135.8,0.024132730015083093,4.717999999999989,3.5572645706099597,133.38714285714286,133.69233333333335,0.013001223505832727
GOOGL,2023-12-19,136.84,137.47,136.08,136.65,0.006259204712812938,1.3899999999999864,1.015784858228578,133.62428571428572,133.90566666666666,0.011821080596408422
GOOGL,2023-12-20,138.97,141.695,138.065,138.34,0.012367361873399263,3.6299999999999955,2.612074548463694,134.34571428571428,134.15133333333333,0.010436857286359888
GOOGL,2023-12-21,139.49,140.685,139.18,140.42,0.01503541997975999,1.5049999999999955,1.0789303892752133,135.4742857142857,134.43733333333336,0.009667289527518849
GOOGL,2023-12-22,140.77,141.99,140.71,141.49,0.007619997151403046,1.2800000000000011,0.9092846487177673,136.74857142857144,134.81233333333333,0.009039467750092019
GOOGL,2023-12-26,141.59,142.68,141.19,141.52,0.00021202911866557983,1.490000000000009,1.052334204392972,138.11714285714285,135.10999999999999,0.007864233334522953
GOOGL,2023-12-27,141.59,142.08,139.886,140.37,-0.008126059920859241,2.194000000000017,1.549544459354486,139.22714285714287,135.38600000000002,0.010427458222232523
GOOGL,2023-12-28,140.78,141.14,139.75,140.23,-0.0009973641091401975,1.3899999999999864,0.9873561585452382,139.85999999999999,135.60633333333334,0.008099757825749473
GOOGL,2023-12-29,139.63,140.36,138.78,139.69,-0.0038508165157241647,1.5800000000000125,1.1315619852467325,140.29428571428573,135.77533333333332,0.008642827176454404
GOOGL,2024-01-02,138.55,139.45,136.48,138.17,-0.010881237024840784,2.969999999999999,2.1436304583182957,140.27,135.81666666666666,0.008984165709273021
GOOGL,2024-01-03,137.25,139.63,137.08,138.92,0.0054280958239849575,2.549999999999983,1.857923497267747,140.0557142857143,135.937,0.006730451493759624
GOOGL,2024-01-04,138.42,139.16,136.35,136.39,-0.018211920529801362,2.8100000000000023,2.030053460482591,139.32714285714286,135.94166666666666,0.00787270786680682
GOOGL,2024-01-05,136.745,137.156,135.15,135.73,-0.00483906444754012,2.0060000000000002,1.4669640571867346,138.5,135.90033333333332,0.007517016674630343
GOOGL,2024-01-08,136.29,139.01,136.26,138.84,0.022913136373683196,2.75,2.017756255044391,138.28142857142856,135.912,0.013090858382639799
GOOGL,2024-01-09,138.5,141.485,138.15,140.95,0.015197349467012344,3.335000000000008,2.407942238267154,138.3842857142857,136.054,0.014543176231725618
GOOGL,2024-01-10,141.0,143.0,140.91,142.28,0.00943597020219955,2.0900000000000034,1.4822695035461015,138.75428571428571,136.24966666666668,0.014697865181125553
GOOGL,2024-01-11,143.49,145.22,140.635,142.08,-0.0014056789429293115,4.585000000000008,3.1953446233187037,139.31285714285713,136.41233333333332,0.01363425902914996
GOOGL,2024-01-12,142.67,143.195,141.82,142.65,0.004011824324324342,1.375,0.963762528912876,139.8457142857143,136.66766666666666,0.013621317937902817
GOOGL,2024-01-16,142.0,144.35,141.45,142.49,-0.0011216263582194408,2.9000000000000057,2.0422535211267645,140.71714285714285,136.99966666666666,0.010072774861683773
GOOGL,2024-01-17,141.345,141.84,138.9,141.47,-0.0071583970804969255,2.9399999999999977,2.0800169797304453,141.53714285714287,137.32,0.01052858719391622
GOOGL,2024-01-18,142.05,144.21,141.99,143.48,0.014207959284654015,2.219999999999999,1.562829989440337,142.2,137.79366666666664,0.00851743946742042
GOOGL,2024-01-19,144.74,146.45,144.38,146.38,0.020211876219682123,2.069999999999993,1.4301506148956702,142.9757142857143,138.30666666666667,0.009675822843208108
GOOGL,2024-01-22,147.1,148.39,145.84,145.99,-0.002664298401420906,2.549999999999983,1.7335146159075343,143.50571428571428,138.839,0.009923682987773373
GOOGL,2024-01-23,145.89,147.182,145.5,147.04,0.0071922734433864655,1.681999999999988,1.1529234354650684,144.21428571428572,139.176,0.009712517533496282
GOOGL,2024-01-24,148.54,149.855,148.1,148.7,0.011289445048966229,1.7549999999999955,1.1814999326780635,145.07857142857142,139.63299999999998,0.009980635813051338
GOOGL,2024-01-25,150.065,153.05,149.54,151.87,0.021318090114324173,3.5100000000000193,2.3389864392096884,146.4185714285714,140.25233333333333,0.010877688624757428
GOOGL,2024-01-26,151.1,152.535,151.01,152.185,0.002074142358596154,1.5250000000000057,1.0092653871608244,147.9492857142857,140.90783333333331,0.008953177164464178
GOOGL,2024-01-29,152.06,153.78,151.43,153.51,0.008706508525807344,2.3499999999999943,1.5454425884519232,149.38214285714284,141.60583333333335,0.00881574126140457
GOOGL,2024-01-30,152.8,153.62,151.185,151.46,-0.01335417888085455,2.4350000000000023,1.5935863874345562,150.10785714285717,142.25650000000002,0.011019165418394318
GOOGL,2024-01-31,143.62,144.0,139.87,140.1,-0.07500330120163745,4.1299999999999955,2.8756440607157745,149.26642857142858,142.5065,0.03243892743052239
GOOGL,2024-02-01,142.12,143.06,140.79,141.16,0.007566024268379712,2.2700000000000102,1.5972417675204125,148.4264285714286,142.68516666666665,0.03246340016686728
GOOGL,2024-02-02,139.26,142.62,136.5,142.38,0.0086426749787476,6.1200000000000045,4.394657475226199,147.52357142857142,142.87616666666665,0.03225211231317165
GOOGL,2024-02-05,142.82,145.47,142.78,143.68,0.009130495856159548,2.6899999999999977,1.8834897073239025,146.35357142857143,143.05416666666667,0.0308475196340509
GOOGL,2024-02-06,144.65,145.36,143.19,144.1,0.002923162583518879,2.170000000000016,1.5001728309713211,145.19857142857143,143.17683333333335,0.030892901831199387
GOOGL,2024-02-07,144.76,145.615,143.925,145.54,0.009993060374739793,1.6899999999999977,1.1674495717048894,144.06,143.31183333333334,0.031007901020971965
GOOGL,2024-02-08,145.83,146.33,145.105,145.91,0.0025422564243506862,1.2250000000000227,0.8400192004388827,143.26714285714286,143.45816666666667,0.031060490682069817
GOOGL,2024-02-09,146.68,149.44,146.18,149.0,0.02117743814680284,3.259999999999991,2.2225252249795413,144.53857142857143,143.74583333333334,0.006190820008127615
GOOGL,2024-02-12,148.42,149.335,147.37,147.53,-0.009865771812080482,1.9650000000000034,1.3239455598975902,145.44857142857143,143.98916666666668,0.009445496845383755
GOOGL,2024-02-13,144.92,146.67,143.69,145.14,-0.01620009489595342,2.9799999999999898,2.056306927960247,145.84285714285713,144.17083333333332,0.012590016324911862
GOOGL,2024-02-14,146.08,146.52,144.094,145.94,0.005511919525974962,2.426000000000016,1.6607338444687954,146.1657142857143,144.4298333333333,0.012359637024351272
GOOGL,2024-02-15,143.14,143.52,140.46,142.77,-0.021721255310401477,3.0600000000000023,2.1377672209026146,145.9757142857143,144.55816666666666,0.015309611812247057
GOOGL,2024-02-16,142.99,143.19,140.14,140.52,-0.015759613364152103,3.0500000000000114,2.133016294845801,145.25857142857143,144.69583333333333,0.015259231432811023
GOOGL,2024-02-20,139.655,142.08,139.49,141.12,0.004269854824935804,2.5900000000000034,1.8545701908273986,144.5742857142857,144.8755,0.015412900512850701
GOOGL,2024-02-21,141.45,142.69,140.675,142.55,0.010133219954648665,2.0149999999999864,1.4245316366207046,143.65285714285713,144.99916666666667,0.012644423514765947
GOOGL,2024-02-22,144.93,145.0,142.8,144.09,0.010803226937916355,2.1999999999999886,1.5179741944386866,143.16142857142856,145.1038333333333,0.013995829173684221
GOOGL,2024-02-23,143.67,144.68,143.43,143.96,-0.0009022138940939506,1.25,0.8700494188069884,142.99285714285716,145.15983333333332,0.012784132353959279
GOOGL,2024-02-26,142.14,142.44,137.39,137.57,-0.044387329813837306,5.050000000000011,3.5528352328690107,141.79714285714286,145.0095,0.02022982797887426
GOOGL,2024-02-27,138.02,139.25,137.09,138.88,0.009522424947299601,2.1599999999999966,1.564990581075204,141.24142857142857,144.88383333333334,0.020202096057240312
GOOGL,2024-02-28,137.9,138.01,135.41,136.38,-0.018001152073732762,2.5999999999999943,1.8854242204495968,140.65,144.68016666666665,0.02044035934685586
GOOGL,2024-02-29,137.28,138.86,136.4,138.46,0.015251503152954982,2.460000000000008,1.7919580419580479,140.27,144.57983333333334,0.021577823386294572
GOOGL,2024-03-01,138.43,138.87,136.92,137.14,-0.009533439260436372,1.950000000000017,1.4086541934551882,139.49714285714285,144.3685,0.02092757567341451
GOOGL,2024-03-04,135.66,135.66,131.91,133.35,-0.027635992416508603,3.75,2.7642636001769127,137.96285714285713,143.93416666666664,0.021034364789386664
GOOGL,2024-03-05,131.88,133.24,130.665,132.67,-0.00509936257967758,2.575000000000017,1.9525326053988605,136.35,143.49016666666665,0.02076286011594892
GOOGL,2024-03-06,133.12,133.58,130.85,131.4,-0.009572623803421942,2.730000000000018,2.0507812500000133,135.46857142857144,142.96883333333332,0.014885287141116772
GOOGL,2024-03-07,132.795,134.94,131.61,134.38,0.02267884322678837,3.329999999999984,2.5076245340562404,134.82571428571427,142.4915,0.017784678009524272
GOOGL,2024-03-08,134.21,138.085,134.0,135.41,0.00766483107605298,4.085000000000008,3.043737426421286,134.68714285714285,141.94283333333334,0.01718714361656074
GOOGL,2024-03-11,136.13,139.095,136.13,137.67,0.016690052433350422,2.9650000000000034,2.178065084845371,134.5742857142857,141.45899999999997,0.017419379039892262
GOOGL,2024-03-12,137.03,139.375,137.03,138.5,0.006028909711629282,2.344999999999999,1.711304093994015,134.76857142857142,140.9586666666667,0.017092145529504128
GOOGL,2024-03-13,139.0,141.09,138.99,139.79,0.009314079422382715,2.0999999999999943,1.5107913669064708,135.6885714285714,140.56966666666668,0.011308330121612847
GOOGL,2024-03-14,141.19,143.585,140.455,143.1,0.023678374704914518,3.1299999999999955,2.2168708832070227,137.17857142857142,140.66966666666667,0.011484665622595994
GOOGL,2024-03-15,142.5,143.18,140.03,141.18,-0.013417190775681265,3.1500000000000057,2.210526315789478,138.57571428571427,140.67033333333333,0.012660118554750405
GOOGL,2024-03-18,148.61,152.15,147.17,147.68,0.046040515653775316,4.980000000000018,3.3510530919857464,140.4757142857143,140.847,0.01827686669314177
GOOGL,2024-03-19,148.16,148.791,146.08,147.03,-0.004401408450704247,2.7109999999999843,1.8297786177105726,142.13571428571427,140.9586666666667,0.01947239487622384
GOOGL,2024-03-20,148.0,148.86,146.735,148.74,0.011630279534788901,2.125,1.435810810810811,143.71714285714285,141.11333333333332,0.01936246957526863
GOOGL,2024-03-21,149.47,150.37,146.9,147.6,-0.007664380798709236,3.469999999999999,2.3215360941995042,145.01714285714286,141.182,0.020630164792946087
GOOGL,2024-03-22,149.12,151.58,148.98,150.77,0.021476964769647777,2.6000000000000227,1.7435622317596717,146.58571428571432,141.34400000000002,0.0211364134516708
GOOGL,2024-03-25,149.94,150.375,147.82,150.07,-0.004642833454931439,2.555000000000007,1.7040149393090616,147.58142857142857,141.37966666666668,0.02102632167909592
GOOGL,2024-03-26,150.22,152.256,149.98,150.67,0.003998134204038051,2.2760000000000105,1.515111170283591,148.93714285714285,141.48433333333332,0.01915441589032126
GOOGL,2024-03-27,151.18,151.635,148.9,150.87,0.0013274042609678904,2.734999999999985,1.80910173303346,149.39285714285714,141.6753333333333,0.010380443576238024
GOOGL,2024-03-28,150.85,151.43,150.17,150.93,0.00039769337840533936,1.2600000000000193,0.8352668213457206,149.95000000000002,141.84166666666667,0.009951797667226866
GOOGL,2024-04-01,150.69,155.74,150.61,155.49,0.030212681375472172,5.1299999999999955,3.404340035835155,150.91428571428574,142.26566666666665,0.014033437232458437
GOOGL,2024-04-02,153.5,154.7,152.15,154.56,-0.005981092031641988,2.549999999999983,1.6612377850162754,151.90857142857143,142.73366666666666,0.013763217949948305
GOOGL,2024-04-03,153.6,155.08,152.73,154.92,0.0023291925465838137,2.3500000000000227,1.5299479166666816,152.50142857142856,143.19366666666667,0.0121402774686102
GOOGL,2024-04-04,153.5,154.77,150.45,150.53,-0.028337206300025786,4.320000000000022,2.8143322475570174,152.56714285714287,143.45966666666666,0.017188571245725634
GOOGL,2024-04-05,150.03,153.42,149.6,152.5,0.013087092273965206,3.819999999999993,2.546157435179626,152.82857142857142,143.73999999999998,0.01782282356837917
GOOGL,2024-04-08,152.78,155.27,152.61,154.85,0.015409836065573668,2.6599999999999966,1.741065584500587,153.39714285714285,144.103,0.018533026860283304
GOOGL,2024-04-09,156.085,158.56,155.19,156.6,0.011301259283177378,3.3700000000000045,2.1590799884678247,154.20714285714283,144.73733333333334,0.018649992857348405
GOOGL,2024-04-10,156.21,156.61,154.68,156.14,-0.002937420178799499,1.9300000000000068,1.2355162921708,154.29999999999998,145.31266666666667,0.015198066489427517
GOOGL,2024-04-11,156.91,159.68,156.46,159.41,0.020942743691559018,3.219999999999999,2.052131795296666,154.99285714285716,146.08033333333333,0.016571465897984944
GOOGL,2024-04-12,157.96,160.223,157.14,157.73,-0.010538862053823483,3.083000000000027,1.951759939225137,155.3942857142857,146.72266666666667,0.01754312315149081
GOOGL,2024-04-15,158.86,159.24,154.59,154.86,-0.01819565079566332,4.650000000000006,2.927105627596629,156.01285714285717,147.31333333333333,0.014748528331720079
GOOGL,2024-04-16,154.19,155.65,153.43,154.4,-0.0029704248999096183,2.219999999999999,1.439782087035475,156.28428571428572,148.015,0.014371242609458193
GOOGL,2024-04-17,155.62,157.08,154.58,155.47,0.006930051813471394,2.5,1.6064773165402904,156.37285714285716,148.775,0.013360451724758008
GOOGL,2024-04-18,155.34,156.94,154.62,156.01,0.003473338907827861,2.319999999999993,1.4934981331273292,156.28857142857143,149.59533333333334,0.012627597037565814
GOOGL,2024-04-19,156.2,156.36,152.3,154.11,-0.012178706493173319,4.060000000000002,2.599231754161333,155.99857142857144,150.25300000000001,0.013388591278829591
GOOGL,2024-04-22,154.31,157.64,154.06,156.28,0.01408085133995196,3.579999999999984,2.320005184369117,155.5514285714286,150.94866666666667,0.011575054443721785
GOOGL,2024-04-23,156.96,158.97,156.28,158.26,0.012669567443050811,2.6899999999999977,1.7138124362894989,155.62714285714287,151.63500000000002,0.012281635130676217
GOOGL,2024-04-24,157.49,159.565,157.165,159.13,0.0054972829521040545,2.4000000000000057,1.523906279763798,156.23714285714286,152.32266666666666,0.009112183488389169
GOOGL,2024-04-25,151.33,156.49,150.87,156.0,-0.01966945264877773,5.6200000000000045,3.713738188065819,156.46571428571428,152.863,0.012699307621680042
GOOGL,2024-04-26,174.37,174.71,169.65,171.95,0.1022435897435896,5.060000000000002,2.9018753225898966,158.82,153.82466666666667,0.04037606595035905
GOOGL,2024-04-29,169.058,169.55,165.21,166.15,-0.03373073567897633,4.340000000000003,2.5671662979569163,160.26857142857145,154.657,0.04441717751388056
GOOGL,2024-04-30,165.612,168.1,162.6,162.78,-0.020282876918447212,5.5,3.321015385358549,161.50714285714284,155.16033333333334,0.045185858279167844
GOOGL,2024-05-01,164.3,167.12,163.09,163.86,0.006634721710283786,4.030000000000001,2.4528301886792456,162.59,155.72133333333332,0.0451253192157421
GOOGL,2024-05-02,164.785,166.73,163.89,166.62,0.016843647015745145,2.8400000000000034,1.7234578390023385,163.78428571428572,156.31733333333332,0.04523057372157477
GOOGL,2024-05-03,167.56,167.96,163.05,167.24,0.003721041891729726,4.909999999999997,2.93029362616376,164.94285714285715,156.97200000000004,0.045253367409789004
GOOGL,2024-05-06,167.46,168.14,166.03,168.1,0.00514231045204494,2.109999999999985,1.2600023886301117,166.67142857142858,157.54966666666667,0.04367212490509028
GOOGL,2024-05-07,168.5,171.76,168.39,171.25,0.0187388459250446,3.3700000000000045,2.0000000000000027,166.57142857142858,158.25566666666666,0.01943832337347323
GOOGL,2024-05-08,169.0,170.15,168.735,169.38,-0.010919708029197062,1.414999999999992,0.837278106508871,167.03285714285715,158.87933333333334,0.014102891039509369
GOOGL,2024-05-09,169.39,170.69,168.18,169.96,0.0034242531585784164,2.509999999999991,1.481787590766864,168.05857142857144,159.51566666666668,0.009821295575551853
GOOGL,2024-05-10,168.025,169.85,166.19,168.65,-0.007707695928453773,3.6599999999999966,2.1782472846302614,168.74285714285716,160.10633333333334,0.011130695110964933
GOOGL,2024-05-13,164.26,169.28,164.0,169.14,0.0029054254372959942,5.280000000000001,3.2144161694873987,169.10285714285715,160.56133333333335,0.009633175993744275
GOOGL,2024-05-14,169.77,171.25,168.8,170.34,0.00709471443774401,2.4499999999999886,1.443128939152965,169.54571428571427,161.08733333333333,0.00980560440241492
GOOGL,2024-05-15,170.63,172.65,170.51,172.51,0.012739227427497779,2.140000000000015,1.2541757018109447,170.1757142857143,161.67366666666666,0.010519484173771073
GOOGL,2024-05-16,173.29,175.115,172.69,174.18,0.00968059822618983,2.4250000000000114,1.3993883086156222,170.59428571428572,162.462,0.008782624390753583
GOOGL,2024-05-17,174.18,176.265,173.69,176.06,0.010793432081754428,2.5749999999999886,1.478355723963709,171.54857142857145,163.24733333333333,0.006902954895425741
GOOGL,2024-05-20,176.192,178.77,176.08,176.92,0.004884698398273324,2.6899999999999977,1.5267435524881934,172.54285714285717,163.983,0.006849458391151952
GOOGL,2024-05-21,176.9,178.15,175.81,177.85,0.005256613158489687,2.3400000000000034,1.3227812323346542,173.85714285714286,164.69133333333332,0.0035612218225737555
GOOGL,2024-05-22,176.644,177.15,175.21,176.38,-0.008265392184425124,1.9399999999999977,1.0982541156223804,174.89142857142858,165.36599999999999,0.006933403269771419
GOOGL,2024-05-23,177.07,178.25,172.95,173.55,-0.016044903050232318,5.300000000000011,2.9931665443045192,175.35,165.83733333333333,0.010785297880919194
GOOGL,2024-05-24,174.98,175.77,173.65,174.99,0.008297320656871277,2.1200000000000045,1.211567036232715,175.70428571428573,166.41266666666664,0.010213098338708622
GOOGL,2024-05-28,174.45,177.27,174.365,176.4,0.008057603291616644,2.905000000000001,1.6652335912869025,176.02142857142854,167.13066666666666,0.010028710936055113
GOOGL,2024-05-29,175.43,176.836,174.72,175.9,-0.0028344671201814275,2.116000000000014,1.2061791027760438,175.99857142857144,167.84733333333332,0.00930047044571226
GOOGL,2024-05-30,175.2,175.22,171.79,172.11,-0.021546333143831697,3.430000000000007,1.9577625570776296,175.3114285714286,168.40200000000002,0.011935097282895511
GOOGL,2024-05-31,171.86,173.06,169.44,172.5,0.002265992679100437,3.6200000000000045,2.1063656464564207,174.54714285714286,168.95166666666668,0.011602915266070697
GOOGL,2024-06-03,172.54,174.525,171.16,173.17,0.003884057971014432,3.365000000000009,1.9502724006027643,174.08857142857144,169.58700000000002,0.01181686498627927
GOOGL,2024-06-04,173.28,173.845,171.89,173.79,0.003580296818155526,1.9550000000000125,1.1282317636195824,174.12285714285713,170.1706666666667,0.010317245267325512
GOOGL,2024-06-05,175.2,176.645,173.934,175.41,0.009321595028482621,2.7110000000000127,1.5473744292237517,174.18285714285713,170.74233333333333,0.010456825627285152
GOOGL,2024-06-06,175.895,177.15,175.75,176.73,0.007525226611937663,1.4000000000000057,0.7959293896927175,174.23000000000002,171.329,0.010393506399605873
GOOGL,2024-06-07,177.05,177.87,174.3,174.46,-0.012844451988909489,3.569999999999993,2.016379553798358,174.02428571428572,171.94433333333333,0.01152578951299864
GOOGL,2024-06-10,174.97,177.06,172.76,175.05,0.0033818640376017672,4.300000000000011,2.457564153854953,174.44428571428574,172.0476666666667,0.00720107802422241
GOOGL,2024-06-11,176.22,176.84,173.77,176.62,0.008968866038274736,3.069999999999993,1.742140506185446,175.03285714285715,172.39666666666665,0.007607500422889803
GOOGL,2024-06-12,178.25,180.41,176.11,177.79,0.00662439134865811,4.299999999999983,2.41234221598877,175.69285714285712,172.897,0.007706277984122544
GOOGL,2024-06-13,176.11,176.74,174.88,175.06,-0.015355194330389677,1.8600000000000136,1.0561580830163044,175.87428571428572,173.27033333333335,0.010580983862526682
GOOGL,2024-06-14,174.22,177.062,174.15,176.79,0.00988232605963657,2.912000000000006,1.6714498909424902,176.07142857142858,173.60933333333335,0.010655557821380038
GOOGL,2024-06-17,175.46,178.36,174.81,177.24,0.002545392838961602,3.5500000000000114,2.0232531631141066,176.1442857142857,173.94266666666667,0.01032146369757571
GOOGL,2024-06-18,177.14,177.385,174.104,175.09,-0.012130444594899648,3.2809999999999775,1.8522072936660143,176.23428571428573,174.17566666666667,0.01017052218001134
GOOGL,2024-06-20,175.37,177.29,174.99,176.33,0.0070820720772175605,2.299999999999983,1.3115128015053787,176.41714285714286,174.345,0.010434387543817668
GOOGL,2024-06-21,177.0,180.85,176.61,179.51,0.018034367379345495,4.239999999999981,2.3954802259886896,176.82999999999998,174.68266666666668,0.012017943904677081
GOOGL,2024-06-24,180.16,180.89,178.67,179.19,-0.001782630494122861,2.219999999999999,1.2322380106571929,177.03,174.99033333333333,0.01194331515431966
GOOGL,2024-06-25,179.62,184.28,179.42,183.997,0.02682627378759994,4.860000000000014,2.705712058790788,178.30671428571426,175.5019,0.01281796627173298
GOOGL,2024-06-26,182.63,184.51,182.48,183.88,-0.0006358799328251008,2.030000000000001,1.1115369873514764,179.31957142857144,175.99323333333334,0.013066339716224395
GOOGL,2024-06-27,184.18,186.05,184.02,185.41,0.008320643898194424,2.030000000000001,1.1021826474101428,180.48671428571427,176.49556666666666,0.013015774008635118
GOOGL,2024-06-28,184.32,185.13,181.96,182.07,-0.01801413084515402,3.1699999999999875,1.7198350694444378,181.48385714285715,176.81423333333333,0.014524269402653214
GOOGL,2024-07-01,183.03,183.88,181.3,182.99,0.005053001592794093,2.579999999999984,1.409604982789698,182.4352857142857,177.1079,0.014512101653435892
GOOGL,2024-07-02,182.05,185.57,181.56,185.24,0.012295753866331527,4.009999999999991,2.2026915682504757,183.25385714285713,177.4139,0.013825272270083844
GOOGL,2024-07-03,184.85,186.09,184.0,185.82,0.0031310732023319687,2.0900000000000034,1.1306464701109025,184.20100000000002,177.71056666666667,0.013570751475242789
GOOGL,2024-07-05,185.855,190.86,185.8,190.6,0.025723818749327387,5.060000000000002,2.722552527508005,185.1442857142857,178.1355666666667,0.01328238950919567
GOOGL,2024-07-08,189.895,190.17,187.78,189.03,-0.008237145855194083,2.3899999999999864,1.25859027357223,185.88000000000002,178.55723333333336,0.01411638935482952
GOOGL,2024-07-09,190.31,191.33,188.72,188.98,-0.00026450827910917685,2.6100000000000136,1.3714465871472932,186.39000000000001,179.07156666666666,0.014055207651825429
GOOGL,2024-07-10,189.15,191.75,189.03,191.18,0.011641443538998875,2.719999999999999,1.4380121596616435,187.6914285714286,179.61123333333336,0.010830940537599079
GOOGL,2024-07-11,189.845,190.86,185.08,185.54,-0.029500993827806354,5.780000000000001,3.044589006821355,188.0557142857143,179.9159,0.017631456821429678
GOOGL,2024-07-12,185.08,187.11,184.49,185.01,-0.002856526894470246,2.6200000000000045,1.4156040631078475,188.02285714285716,180.21956666666668,0.017094891000083254
GOOGL,2024-07-15,184.92,188.24,184.92,186.55,0.008323874385168573,3.3200000000000216,1.7953709712308146,188.12714285714284,180.7009,0.017366544539185163
GOOGL,2024-07-16,187.36,188.68,183.374,183.89,-0.014258911819887587,5.306000000000012,2.8319812126387762,187.16857142857143,181.08056666666664,0.014011807856060645
GOOGL,2024-07-17,182.965,183.55,179.9,180.97,-0.01587905813257917,3.6500000000000057,1.9949170606400162,186.01714285714283,181.34056666666666,0.014589854374810666
GOOGL,2024-07-18,181.93,182.5,176.47,177.76,-0.017737746587832226,6.030000000000001,3.3144616061122414,184.41428571428574,181.4729,0.01491351909640115
GOOGL,2024-07-19,178.88,180.29,177.13,177.66,-0.0005625562556255126,3.1599999999999966,1.7665474060822879,182.4828571428571,181.5479,0.012700716186091997
GOOGL,2024-07-22,180.59,182.7,180.23,181.67,0.02257120342226715,2.469999999999999,1.3677390774682976,181.93,181.71256666666667,0.01470748802521395
GOOGL,2024-07-23,182.05,183.61,181.54,181.79,0.0006605383387461305,2.0700000000000216,1.137050260917342,181.47,181.95690000000002,0.014769731822719253
GOOGL,2024-07-24,173.6,176.19,171.82,172.63,-0.050387810110567144,4.3700000000000045,2.517281105990786,179.48142857142855,181.87623333333335,0.022371389266456473
GOOGL,2024-07-25,172.52,173.42,167.19,167.23,-0.031280773909517445,6.22999999999999,3.6111755158822105,177.10142857142856,181.56323333333333,0.023696019098074367
GOOGL,2024-07-26,167.15,168.09,164.078,166.99,-0.0014351491957184104,4.0120000000000005,2.4002393060125637,175.10428571428568,181.20323333333332,0.02405317282018007
GOOGL,2024-07-29,168.83,170.43,167.99,169.53,0.015210491646206359,2.4399999999999977,1.4452407747438236,173.9285714285714,181.0189,0.025719238360668986
GOOGL,2024-07-30,170.24,171.23,168.44,170.3,0.004541968973043264,2.789999999999992,1.6388627819548824,172.87714285714287,180.80256666666665,0.025985324108287945
GOOGL,2024-07-31,173.24,174.245,170.01,171.52,0.007163828537874339,4.235000000000014,2.4445855460632724,171.42714285714285,180.6119,0.023744335114830064
GOOGL,2024-08-01,170.25,174.05,168.88,170.74,-0.004547574626865725,5.170000000000016,3.036710719530112,169.84857142857143,180.46689999999998,0.023510650339707416
GOOGL,2024-08-02,166.44,168.51,164.67,166.66,-0.023895982195150545,3.8400000000000034,2.3071377072819055,168.99571428571429,180.14456666666666,0.01687226578665491
GOOGL,2024-08-05,155.41,164.4,154.93,159.2,-0.04476179047161888,9.469999999999999,6.093558973039057,167.84857142857143,179.46756666666667,0.02071759917496485
GOOGL,2024-08-06,159.33,160.57,156.41,158.3,-0.005653266331658191,4.159999999999997,2.610933283123076,166.60714285714286,178.77123333333333,0.02059593563550658
GOOGL,2024-08-07,161.25,162.98,158.47,158.91,0.003853442830069387,4.509999999999991,2.7968992248061957,165.09,177.93499999999997,0.01889300190995949
GOOGL,2024-08-08,160.51,163.69,160.23,162.03,0.019633754955635352,3.460000000000008,2.155628932776779,163.90857142857143,177.20666666666665,0.021396781597331115
GOOGL,2024-08-09,160.01,163.79,159.06,163.67,0.01012158242300809,4.72999999999999,2.9560652459221237,162.78714285714287,176.482,0.021746833936836903
GOOGL,2024-08-12,164.35,164.9,161.84,162.29,-0.008431600171075915,3.0600000000000023,1.8618801338606648,161.57999999999998,175.82266666666666,0.02173932823942557
GOOGL,2024-08-13,163.41,164.73,162.97,164.16,0.011522583030377787,1.759999999999991,1.0770454684535773,161.22285714285712,175.19500000000002,0.021273403344005768
GOOGL,2024-08-14,162.4,163.22,157.71,160.37,-0.023087231968810906,5.509999999999991,3.392857142857137,161.39000000000001,174.36599999999999,0.014506155603122746
GOOGL,2024-08-15,160.5,161.635,159.61,161.3,0.005799089605287744,2.0249999999999773,1.26168224299064,161.81857142857143,173.54866666666666,0.014256350409173314
GOOGL,2024-08-16,161.47,165.06,161.13,162.96,0.010291382517048975,3.930000000000007,2.433888648046081,162.39714285714285,172.62733333333335,0.014542453538617552
GOOGL,2024-08-19,165.28,166.69,164.26,166.67,0.022766323024054902,2.430000000000007,1.4702323330106526,163.06,171.882,0.0151502538260759
GOOGL,2024-08-20,166.9,168.64,166.84,167.195,0.0031499370012599837,1.799999999999983,1.0784901138406129,163.5635714285714,171.15583333333333,0.01491890789347413
GOOGL,2024-08-21,165.15,166.85,164.67,165.85,-0.008044498938365341,2.180000000000007,1.3200121102028501,164.07214285714284,170.3115,0.01486948320210304
GOOGL,2024-08-22,167.26,167.59,163.31,163.82,-0.012239975881820908,4.280000000000001,2.5588903503527454,164.02357142857142,169.5875,0.01535716254791379
GOOGL,2024-08-23,164.72,166.18,163.83,165.62,0.010987669393236477,2.3499999999999943,1.4266634288489524,164.77357142857142,168.94116666666665,0.011903647484879253
GOOGL,2024-08-26,166.38,167.55,164.455,166.16,0.0032604757879481916,3.094999999999999,1.860199543214328,165.46785714285716,168.26149999999998,0.011902287298402535
GOOGL,2024-08-27,165.835,166.443,164.46,164.68,-0.008907077515647455,1.983000000000004,1.1957668767148093,165.7135714285714,167.62116666666668,0.012491688242025302
GOOGL,2024-08-28,165.035,165.6,161.528,162.85,-0.01111246052951187,4.072000000000003,2.467355409458601,165.16785714285714,167.01716666666664,0.008978501572237082
GOOGL,2024-08-29,164.31,165.97,160.25,161.78,-0.006570463616825228,5.719999999999999,3.481224514636966,164.3942857142857,166.4845,0.008561699027196999
GOOGL,2024-08-30,162.56,163.66,161.693,163.31,0.009457287674619952,1.9669999999999845,1.210014763779518,164.03142857142856,166.00616666666664,0.009865190028866686
GOOGL,2024-09-03,161.72,161.74,156.48,157.39,-0.03625007654154688,5.260000000000019,3.2525352461043897,163.11285714285714,165.19683333333333,0.016135225870987882
GOOGL,2024-09-04,156.655,158.96,155.962,156.45,-0.005972425185844066,2.998000000000019,1.9137595352845544,161.80285714285714,164.35216666666665,0.014412295586046137
GOOGL,2024-09-05,156.3,159.45,155.98,157.28,0.0053052093320551386,3.469999999999999,2.220089571337171,160.53428571428572,163.84049999999996,0.014696790671565187
GOOGL,2024-09-06,157.3,157.83,150.55,150.85,-0.040882502543235,7.280000000000001,4.62809917355372,158.5585714285714,163.2945,0.019357013485198558
GOOGL,2024-09-09,152.47,153.4,147.215,148.71,-0.014186277759363541,6.185000000000002,4.056535711943335,156.53857142857143,162.68516666666667,0.019360730634449812
GOOGL,2024-09-10,150.45,151.27,148.34,148.66,-0.0003362248671912038,2.930000000000007,1.9474908607510846,154.66428571428574,161.9895,0.019828942314216016
GOOGL,2024-09-11,149.92,151.5,147.52,151.31,0.017825911475850997,3.9799999999999898,2.654749199573099,152.95000000000002,161.3565,0.021508032923993718
GOOGL,2024-09-12,153.73,154.82,152.65,154.695,0.02237129072764521,2.1699999999999875,1.4115657321277484,152.565,160.79566666666668,0.021286901676627515
GOOGL,2024-09-13,155.43,158.38,155.21,157.46,0.017873880862342206,3.1699999999999875,2.0395033133886553,152.7092857142857,160.353,0.022470439189462017
GOOGL,2024-09-16,157.31,158.25,156.6,158.06,0.003810491553410289,1.6500000000000057,1.0488843684444762,152.8207142857143,160.06633333333335,0.022431315502056764
GOOGL,2024-09-17,159.02,160.55,158.375,159.32,0.00797165633303809,2.1750000000000114,1.3677524839642883,154.03071428571428,160.0703333333333,0.012778813310894302
GOOGL,2024-09-18,159.86,160.5,158.595,159.79,0.0029500376600553047,1.9050000000000011,1.1916677092455905,155.61357142857145,160.12,0.008891812327000115
GOOGL,2024-09-19,163.71,163.79,161.34,162.14,0.01470680267851554,2.4499999999999886,1.4965487752733422,157.53928571428574,160.22766666666666,0.007602318800608793
GOOGL,2024-09-20,163.5,163.73,162.06,163.54,0.008634513383495745,1.6699999999999875,1.0214067278287384,159.2864285714286,160.278,0.007317852377945944
GOOGL,2024-09-23,164.35,165.49,161.67,161.835,-0.010425583954995599,3.8200000000000216,2.3243078795254166,160.30642857142857,160.2168333333333,0.00921728185219167
GOOGL,2024-09-24,163.03,163.216,160.73,162.32,0.0029968795378008117,2.4860000000000184,1.5248727228117638,161.00071428571428,160.21783333333332,0.007758126604984879
GOOGL,2024-09-25,161.47,162.81,161.3,161.49,-0.005113356333169006,1.509999999999991,0.9351582337276219,161.4907142857143,160.12883333333332,0.008558771773775745
GOOGL,2024-09-26,163.64,164.08,162.28,162.75,0.007802340702210531,1.8000000000000114,1.0999755560987603,161.9807142857143,160.20816666666667,0.00854294383638456
GOOGL,2024-09-27,162.81,165.7,162.626,163.95,0.007373271889400845,3.073999999999984,1.8880904121368367,162.57500000000002,160.29649999999998,0.008694080387561297
GOOGL,2024-09-30,163.32,166.15,163.26,165.83,0.011466910643489037,2.890000000000015,1.769532206710761,163.10214285714284,160.39216666666664,0.008075344628670223
GOOGL,2024-10-01,167.685,169.16,164.58,167.02,0.007176023638665985,4.579999999999984,2.7313116856009687,163.59928571428574,160.40383333333332,0.00793071746564547
GOOGL,2024-10-02,166.42,167.52,164.73,165.86,-0.0069452760148485115,2.7900000000000205,1.6764811921644158,164.17428571428573,160.35933333333332,0.007000411818036247
GOOGL,2024-10-03,164.41,166.64,163.923,165.87,6.029181237177106e-05,2.7169999999999845,1.6525758773797121,164.68142857142857,160.35999999999999,0.0071250330671997295
GOOGL,2024-10-04,168.06,168.23,165.48,167.06,0.0071742931211189465,2.75,1.6363203617755562,165.47714285714287,160.468,0.006214844173489576
GOOGL,2024-10-07,167.72,168.48,162.75,163.03,-0.024123069555848198,5.72999999999999,3.416408299546857,165.5171428571429,160.38166666666666,0.012371361522847431
GOOGL,2024-10-08,163.94,164.725,162.87,164.38,0.008280684536588367,1.8549999999999898,1.131511528608021,165.57857142857142,160.32233333333335,0.012462106984032896
GOOGL,2024-10-09,163.39,164.84,159.74,161.85,-0.015391166808614187,5.099999999999994,3.121366056674212,165.01,160.228,0.01263515263507059
GOOGL,2024-10-10,160.87,163.07,160.395,162.08,0.001421068890948618,2.674999999999983,1.662833343693655,164.30428571428573,160.20233333333334,0.012004123044242402
GOOGL,2024-10-11,162.13,163.9,161.24,163.24,0.007156959526159801,2.6599999999999966,1.6406587306482434,163.93,160.251,0.01263674317438525
GOOGL,2024-10-14,163.64,166.22,163.4,164.95,0.010475373682920619,2.819999999999993,1.7232950378880427,163.79857142857142,160.30566666666667,0.013529263831323754
GOOGL,2024-10-15,165.785,167.68,164.625,165.46,0.0030918460139437443,3.055000000000007,1.842748137648163,163.57,160.57466666666667,0.013216877466233559
GOOGL,2024-10-16,164.53,165.8,163.74,165.16,-0.0018131270397679922,2.0600000000000023,1.252051297635691,163.8742857142857,160.86499999999998,0.008720727694701098
GOOGL,2024-10-17,165.73,166.37,162.76,162.93,-0.013502058609832779,3.6100000000000136,2.1782417184577407,163.66714285714286,161.05333333333334,0.009870369343742755
GOOGL,2024-10-18,163.19,164.71,163.08,163.42,0.0030074265021786672,1.6299999999999955,0.9988357129726058,163.89142857142858,161.47233333333332,0.007674057300122397
GOOGL,2024-10-21,162.95,164.5,162.62,164.09,0.004099865377554801,1.8799999999999955,1.1537281374654773,164.17857142857142,161.985,0.0077414677019659655
GOOGL,2024-10-22,162.98,165.77,162.98,165.14,0.006398927417880396,2.7900000000000205,1.7118664866854956,164.45000000000002,162.53433333333334,0.007658707817915688
GOOGL,2024-10-23,164.76,165.82,161.925,162.78,-0.014290904686932171,3.894999999999982,2.3640446710366483,164.14000000000001,162.91666666666666,0.008583021939769255
GOOGL,2024-10-24,162.83,163.33,161.01,162.72,-0.00036859565057134613,2.3200000000000216,1.4247988699871161,163.74857142857144,163.18416666666664,0.008346798549065764
GOOGL,2024-10-25,163.67,165.59,163.42,165.27,0.015671091445427887,2.170000000000016,1.32583857762572,163.7642857142857,163.4445,0.010792797772873022
GOOGL,2024-10-28,168.75,168.75,163.95,166.72,0.008773522115326449,4.800000000000011,2.844444444444451,164.3057142857143,163.73316666666668,0.009275643508062635
GOOGL,2024-10-29,167.73,170.38,167.09,169.68,0.01775431861804222,3.289999999999992,1.9614857210993812,165.2,164.0785,0.010748594337314064
GOOGL,2024-10-30,180.68,182.02,174.06,174.52,0.02852428099952853,7.960000000000008,4.405578924064649,166.69,164.5695,0.013780127900427592
GOOGL,2024-10-31,173.13,176.82,171.0,171.02,-0.020055008022003218,5.819999999999993,3.3616357650320534,167.53,164.86549999999997,0.017667036143480815
GOOGL,2024-11-01,170.07,172.32,168.88,171.29,0.0015787627178107666,3.4399999999999977,2.0226965367201726,168.74571428571429,165.1238333333333,0.015661838697924643
GOOGL,2024-11-04,169.93,170.73,168.011,169.25,-0.011909626948449992,2.718999999999994,1.6000706173130077,169.67857142857142,165.37099999999998,0.017153718137481656
GOOGL,2024-11-05,169.43,170.53,168.87,169.74,0.0028951255539144682,1.6599999999999966,0.9797556513014203,170.31714285714287,165.61833333333334,0.01659429342736131
GOOGL,2024-11-06,173.785,176.94,173.53,176.51,0.039884529280075354,3.4099999999999966,1.9621946658227098,171.71571428571428,166.119,0.021535879244389586
GOOGL,2024-11-07,177.41,181.08,177.19,180.73,0.02390799388136644,3.890000000000015,2.192661067583572,173.2942857142857,166.71833333333333,0.022100429365844425
GOOGL,2024-11-08,180.645,180.9,178.08,178.35,-0.013168815359929198,2.819999999999993,1.5610728223864447,173.84142857142857,167.19833333333335,0.021657387697701064
GOOGL,2024-11-11,178.58,180.545,178.47,180.36,0.011269974768713276,2.0749999999999886,1.161944226677113,175.1757142857143,167.68266666666668,0.01911301705972696
GOOGL,2024-11-12,179.82,182.49,179.39,181.59,0.006819693945442351,3.1000000000000227,1.7239461683906256,176.64714285714285,168.16833333333335,0.01893141366830411
GOOGL,2024-11-13,180.46,180.96,178.54,178.94,-0.014593314609835373,2.420000000000016,1.3410173999778432,178.03142857142856,168.60433333333333,0.019434773202757546
GOOGL,2024-11-14,178.28,178.82,174.322,175.58,-0.01877724376886103,4.4979999999999905,2.522997531972173,178.8657142857143,168.928,0.021971234400197288
GOOGL,2024-11-15,173.73,174.14,171.22,172.49,-0.017598815354823993,2.9199999999999875,1.6807690093823677,178.29142857142855,169.109,0.016949776081630227
GOOGL,2024-11-18,173.42,175.438,172.9,175.3,0.016290799466635697,2.5379999999999825,1.4634990197208988,177.5157142857143,169.518,0.01506150325896766
GOOGL,2024-11-19,173.72,178.87,173.56,178.12,0.01608670849971472,5.310000000000002,3.056642873589686,177.48285714285717,169.976,0.016191174974472484
GOOGL,2024-11-20,177.34,177.675,173.78,175.98,-0.012014372333258527,3.8950000000000102,2.1963460020300047,176.85714285714286,170.447,0.01586119581620009
GOOGL,2024-11-21,173.9,174.13,163.7,167.63,-0.04744857370155697,10.430000000000007,5.997699827487065,174.86285714285717,170.632,0.02207860139271099
GOOGL,2024-11-22,165.85,166.46,163.9,164.76,-0.0171210403865657,2.5600000000000023,1.543563460958699,172.83714285714288,170.68266666666668,0.022164793774287372
GOOGL,2024-11-25,166.09,168.63,165.607,167.65,0.017540665210002526,3.022999999999996,1.8200975374796775,171.70428571428573,170.77266666666668,0.024325911069466223
GOOGL,2024-11-26,167.63,169.82,167.58,169.12,0.008768267223381976,2.2399999999999807,1.336276322853893,171.22285714285718,170.89466666666667,0.024330405493479788
GOOGL,2024-11-27,169.0,169.483,168.02,169.23,0.0006504257332071717,1.4629999999999939,0.8656804733727773,170.3557142857143,171.03033333333335,0.02299246406498558
GOOGL,2024-11-29,168.5,169.43,167.16,168.95,-0.0016545529752407528,2.2700000000000102,1.3471810089020833,169.04571428571427,171.23100000000002,0.021216776874160657
GOOGL,2024-12-02,168.765,172.075,168.57,171.49,0.01503403373779233,3.5049999999999955,2.0768524279323293,168.4042857142857,171.5,0.0226361127598706
GOOGL,2024-12-03,171.49,172.68,170.85,171.34,-0.0008746865706455997,1.8300000000000125,1.0671176161875402,168.93428571428572,171.74166666666667,0.011806205552555857
GOOGL,2024-12-04,171.145,174.91,171.135,174.37,0.017684136804015482,3.7750000000000057,2.2057319816529875,170.30714285714288,172.04933333333335,0.00876235312158342
GOOGL,2024-12-05,175.36,176.06,172.33,172.64,-0.009921431438894457,3.7299999999999898,2.127052919708023,171.01999999999998,172.37800000000001,0.009933932878565317
GOOGL,2024-12-06,172.03,175.08,171.86,174.71,0.01199026876737741,3.219999999999999,1.8717665523455205,171.81857142857143,172.7776666666667,0.010248340141120834
GOOGL,2024-12-09,173.96,176.26,173.65,175.37,0.0037776887413427662,2.609999999999985,1.500344906875135,172.6957142857143,173.11433333333335,0.01010955017316962
GOOGL,2025-01-27,192.41,196.88,190.73,191.81,0.0937446541597764,6.150000000000006,3.1962995686294926,175.96142857142857,173.95066666666665,0.034438788996133306
GOOGL,2025-01-28,192.745,195.48,190.68,195.3,0.018195088890047506,4.799999999999983,2.490336973721748,179.36285714285714,174.8046666666667,0.03440224410809788
GOOGL,2025-01-29,195.555,196.785,193.43,195.41,0.0005632360471068409,3.3549999999999898,1.7156298739485,182.8014285714286,175.501,0.03426622862456229
GOOGL,2025-01-30,198.0,201.4,197.67,200.87,0.027941251727137795,3.730000000000018,1.8838383838383932,186.58714285714285,176.496,0.03439801557973987
GOOGL,2025-01-31,202.0,205.48,201.8,204.02,0.01568178423856237,3.6799999999999784,1.8217821782178112,191.07,177.58700000000002,0.031840831309661775
GOOGL,2025-02-03,200.69,203.75,200.1,201.23,-0.0136751298892267,3.6500000000000057,1.8187253973790452,194.85857142857142,178.653,0.03486322220322035
GOOGL,2025-02-04,203.39,207.05,202.81,206.38,0.025592605476320696,4.240000000000009,2.0846649294458968,199.28857142857143,179.8743333333333,0.03404402393529948
GOOGL,2025-02-05,191.07,192.75,188.03,191.33,-0.07292373291985654,4.719999999999999,2.4702988433558377,199.22,180.36833333333334,0.035396802409941114
GOOGL,2025-02-06,189.5,192.1,188.72,191.6,0.0014111744107039303,3.3799999999999955,1.7836411609498657,198.6914285714286,180.73066666666668,0.03453231151032238
GOOGL,2025-02-07,191.05,191.18,183.24,185.34,-0.03267223382045925,7.939999999999998,4.155980109918868,197.25285714285715,180.96366666666665,0.036327036829956555
GOOGL,2025-02-10,187.35,188.2,185.86,186.47,0.0060969029891011495,2.339999999999975,1.2489991993594745,195.1957142857143,181.16733333333332,0.03367148055308928
GOOGL,2025-02-11,185.03,186.94,184.28,185.32,-0.006167211883949197,2.6599999999999966,1.4376047127492821,192.52428571428572,181.29166666666666,0.031849909961713906
GOOGL,2025-02-12,183.22,185.11,181.83,183.61,-0.009227282538311954,3.280000000000001,1.7901975766837688,190.0071428571429,181.44733333333335,0.03188299406830312
GOOGL,2025-02-13,184.32,186.28,183.14,186.14,0.013779205925603,3.140000000000015,1.703559027777786,187.1157142857143,181.79933333333335,0.02976981050470882
GOOGL,2025-02-14,185.055,186.4,184.32,185.23,-0.004888793381325862,2.0800000000000125,1.1239901650860622,186.24428571428572,182.224,0.014721381140421388
GOOGL,2025-02-18,185.6,185.96,181.74,183.77,-0.007882092533606722,4.219999999999999,2.2737068965517233,185.1257142857143,182.50633333333334,0.01451451229782249
GOOGL,2025-02-19,184.07,185.46,183.59,185.27,0.008162376884148559,1.8700000000000045,1.0159178573368852,185.1157142857143,182.74466666666666,0.009154832667111383
GOOGL,2025-02-20,184.8,185.31,182.72,184.56,-0.00383224483186706,2.5900000000000034,1.4015151515151532,184.84285714285713,183.03066666666666,0.008812260944247854
GOOGL,2025-02-21,185.15,185.34,179.08,179.66,-0.026549631556133546,6.259999999999991,3.3810423980556252,184.03428571428572,183.43166666666667,0.013005596464218273
GOOGL,2025-02-24,182.05,183.12,178.885,179.32,-0.0018924635422464808,4.235000000000014,2.3262839879154154,183.42142857142858,183.91699999999997,0.012841436863525329
GOOGL,2025-02-25,178.04,178.54,174.694,175.46,-0.02152576399732309,3.8460000000000036,2.1601887216355897,181.8957142857143,184.17733333333334,0.01191493788538024
GOOGL,2025-02-26,175.07,176.08,171.581,172.73,-0.015559101789581753,4.499000000000024,2.5698292111726877,180.10999999999999,184.2976666666667,0.012080609617897056
GOOGL,2025-02-27,173.99,174.49,167.94,168.5,-0.024489087014415545,6.550000000000011,3.764584171504116,177.92857142857142,184.27333333333334,0.013203953782217597
GOOGL,2025-02-28,168.68,170.61,166.77,170.25,0.010385756676557945,3.8400000000000034,2.2764998814322994,175.78285714285715,184.31666666666666,0.013790285294867387
GOOGL,2025-03-03,171.925,173.24,165.93,167.01,-0.019030837004405332,7.310000000000002,4.251854006107315,173.2757142857143,184.16733333333335,0.013497447709033853
GOOGL,2025-03-04,166.29,173.295,165.8,170.93,0.02347164840428717,7.494999999999976,4.50718624090443,172.02857142857144,184.15366666666665,0.018219584413652026
GOOGL,2025-03-05,170.52,173.78,169.06,173.01,0.012168724039080203,4.719999999999999,2.768003753225427,171.12714285714287,184.10833333333332,0.01959328286905719
GOOGL,2025-03-06,170.53,174.81,170.53,172.38,-0.00364140801109758,4.280000000000001,2.50982231865361,170.68714285714285,184.09966666666665,0.01818552284786857
GOOGL,2025-03-07,171.272,174.97,170.27,173.83,0.008411648683142037,4.699999999999989,2.74417301135036,170.84428571428572,184.0703333333333,0.017536628724118066
GOOGL,2025-03-10,168.26,168.46,163.69,165.88,-0.04573433814646499,4.77000000000001,2.834898371567818,170.47,183.754,0.023511709258378286
GOOGL,2025-03-11,164.91,166.72,161.37,164.04,-0.011092355919942176,5.349999999999994,3.244193802680247,169.58285714285714,182.82833333333335,0.023023020721458374
GOOGL,2025-03-12,166.58,167.64,163.56,167.11,0.018714947573762686,4.079999999999984,2.449273622283578,169.59714285714287,181.88866666666667,0.023619117073484294
GOOGL,2025-03-13,166.0,166.12,162.11,162.76,-0.02603075818323275,4.009999999999991,2.415662650602404,168.43,180.80033333333333,0.022935789400546722
GOOGL,2025-03-14,163.27,166.49,162.45,165.44,0.01646596215286311,4.0400000000000205,2.4744288601702826,167.34857142857143,179.61933333333334,0.023574952501462434
GOOGL,2025-03-17,165.03,166.3,163.67,164.22,-0.007374274661508751,2.630000000000024,1.5936496394595066,166.18285714285713,178.29266666666666,0.023551499502421604
GOOGL,2025-03-18,163.675,164.25,156.72,160.67,-0.021617342589209665,7.530000000000001,4.600580418512297,164.30285714285714,176.9406666666667,0.023078206785836015
GOOGL,2025-03-19,161.76,165.87,161.0,163.89,0.02004107798593391,4.8700000000000045,3.010633036597431,164.01857142857145,175.52433333333335,0.019699415692294418
GOOGL,2025-03-20,161.57,164.89,160.96,162.8,-0.006650802367441422,3.9299999999999784,2.4323822491799088,163.8414285714286,174.57333333333332,0.019410476306289094
GOOGL,2025-03-21,161.205,164.24,160.97,163.99,0.007309582309582341,3.2700000000000102,2.0284730622499367,163.3957142857143,173.653,0.017907981194085727
GOOGL,2025-03-24,167.065,168.32,165.14,167.582,0.021903774620403604,3.180000000000007,1.9034507527010487,164.08457142857142,173.06106666666665,0.016546197835117876
GOOGL,2025-03-25,168.98,170.63,168.57,170.56,0.017770404936090944,2.0600000000000023,1.2190791809681634,164.816,172.53073333333336,0.016712601418398084
GOOGL,2025-03-26,169.0,169.6,164.84,165.06,-0.03224671669793622,4.759999999999991,2.816568047337273,164.93599999999998,171.85539999999997,0.02158694275749665
GOOGL,2025-03-27,164.63,165.38,162.0,162.24,-0.017084696474009453,3.3799999999999955,2.053088744457265,165.16028571428572,171.14306666666667,0.020853410041570083
GOOGL,2025-03-28,160.49,161.82,153.63,154.33,-0.048754930966469434,8.189999999999998,5.10312168982491,163.79457142857146,170.08273333333332,0.026221852644450587
GOOGL,2025-03-31,153.11,155.54,150.662,154.54,0.0013607205339207784,4.877999999999986,3.1859447456077237,162.61457142857145,169.05973333333336,0.026476909393054596
GOOGL,2025-04-01,153.62,158.1,153.62,157.07,0.016371166041154295,4.47999999999999,2.916286941804446,161.626,168.1697333333333,0.02750090305048525
GOOGL,2025-04-02,155.15,158.405,154.71,157.04,-0.00019099764436236732,3.694999999999993,2.3815662262326733,160.11999999999998,167.22873333333334,0.02493830106737418
GOOGL,2025-04-03,150.97,152.78,150.39,150.72,-0.04024452368823228,2.390000000000015,1.5830959793336523,157.28571428571428,166.10073333333332,0.02420051201118979
GOOGL,2025-04-04,148.09,151.05,145.38,145.6,-0.03397027600849256,5.670000000000016,3.828752785468307,154.50571428571428,164.9654,0.024386508362713687
GOOGL,2025-04-07,141.5,152.8,140.72,146.75,0.007898351648351731,12.080000000000013,8.537102473498242,152.29285714285714,163.87973333333332,0.026217190593162302
GOOGL,2025-04-08,151.22,152.23,143.03,144.7,-0.013969335604770095,9.199999999999989,6.083851342415017,150.91714285714286,162.85440000000003,0.02136435251785445
GOOGL,2025-04-09,144.415,159.55,143.91,158.56,0.0957843814789221,15.640000000000015,10.829899941141859,151.49142857142857,162.38206666666665,0.0453329598022451
GOOGL,2025-04-10,156.54,157.72,149.96,152.81,-0.03626387487386473,7.759999999999991,4.957199437843357,150.88285714285715,161.85906666666668,0.04736057176943899
GOOGL,2025-04-11,152.94,157.67,152.94,157.033,0.027635625940710673,4.72999999999999,3.0927160978161305,150.88185714285714,161.41849999999997,0.048781534609518576
GOOGL,2025-04-14,160.02,161.72,157.56,159.07,0.012971795737201752,4.159999999999997,2.5996750406199203,152.07471428571426,161.15383333333335,0.04530902242766639
GOOGL,2025-04-15,159.125,159.47,155.21,156.31,-0.017350851826239966,4.259999999999991,2.677140612725839,153.60471428571427,160.66649999999998,0.04308855927390966
GOOGL,2025-04-16,153.1,155.89,151.51,153.34,-0.01900070372976781,4.3799999999999955,2.860875244937946,154.54614285714283,160.01083333333332,0.044580528703065656
GOOGL,2025-04-17,154.29,154.68,148.5,151.22,-0.013825485848441454,6.180000000000007,4.005444293214082,155.47757142857145,159.3055,0.04456922132389552
GOOGL,2025-04-21,148.88,148.945,146.1,147.67,-0.02347573072344933,2.844999999999999,1.9109349811929064,153.92185714285714,158.4335,0.02223039978028378
GOOGL,2025-04-22,148.89,152.19,148.54,151.47,0.02573305342994514,3.6500000000000057,2.4514742427295357,153.73042857142858,157.95316666666665,0.02232666421965471
GOOGL,2025-04-23,155.61,157.525,153.81,155.25,0.024955436720142554,3.7150000000000034,2.387378703168179,153.47571428571428,157.66016666666664,0.02176886111004304
GOOGL,2025-04-24,156.15,159.59,155.79,159.033,0.02436714975845411,3.8000000000000114,2.4335574767851496,153.47042857142858,157.39093333333332,0.023390786979254383
GOOGL,2025-04-25,165.07,166.1,161.04,161.96,0.018404985128872786,5.060000000000002,3.0653662082752784,154.27757142857143,157.36426666666665,0.022816270865759738
GOOGL,2025-04-28,162.425,163.15,158.6,160.61,-0.008335391454680097,4.550000000000011,2.8012929044174304,155.31614285714286,157.20326666666668,0.021222881786247844
GOOGL,2025-04-29,160.325,160.74,157.56,160.16,-0.0028018180686135707,3.180000000000007,1.9834710743801696,156.5932857142857,157.06793333333334,0.019795549855717586
GOOGL,2025-04-30,157.8,159.27,155.4,158.8,-0.00849150849150837,3.8700000000000045,2.4524714828897367,158.1832857142857,157.0056,0.016269420151406127
GOOGL,2025-05-01,160.45,161.95,158.91,161.3,0.015743073047858935,3.039999999999992,1.8946712371455232,159.58757142857144,156.91926666666666,0.015112347848853352
GOOGL,2025-05-02,163.405,164.97,161.88,164.03,0.01692498450092983,3.0900000000000034,1.8910070071295269,160.84185714285715,156.96026666666666,0.01397167907942819
GOOGL,2025-05-05,163.0,165.39,162.72,164.21,0.0010973602389807713,2.6699999999999875,1.6380368098159432,161.5814285714286,156.96759999999998,0.012058203283963955
GOOGL,2025-05-06,162.17,164.8,161.19,163.23,-0.0059679678460509145,3.6100000000000136,2.226059073811441,161.76285714285717,156.82253333333335,0.010885941571422551
GOOGL,2025-05-07,164.08,165.0,147.84,151.38,-0.07259694909024073,17.159999999999997,10.458313018039977,160.44428571428574,156.1832,0.030199080463185164
GOOGL,2025-05-08,155.0,155.93,152.9,154.28,0.019157088122605304,3.030000000000001,1.95483870967742,159.6042857142857,155.82386666666667,0.03192201616544569
GOOGL,2025-05-09,154.17,155.035,152.23,152.75,-0.009917033964220945,2.805000000000007,1.8194201206460445,158.74,155.50753333333333,0.031953455037769384
GOOGL,2025-05-12,157.485,159.1,156.25,158.448,0.037302782324059036,2.8499999999999943,1.8096961615391907,158.3325714285714,155.6448,0.03517203712114801
GOOGL,2025-05-13,158.79,160.57,156.16,159.53,0.006828738766030407,4.409999999999997,2.777252975628186,157.68971428571427,155.81113333333332,0.03446656229424278
GOOGL,2025-05-14,159.96,167.0,159.61,165.37,0.036607534632984384,7.389999999999986,4.619904976244052,157.85542857142858,156.0878,0.037706993400982554
GOOGL,2025-05-15,165.93,166.205,162.373,163.93,-0.008707746265949057,3.832000000000022,2.3094075815102886,157.9554285714286,156.3174666666667,0.037813081801374056
GOOGL,2025-05-16,167.725,169.25,165.64,166.152,0.013554565973281196,3.6100000000000136,2.152332687434797,160.06571428571428,156.83186666666668,0.01922918030525248
GOOGL,2025-05-19,164.51,166.64,164.22,166.54,0.0023352111319756563,2.4199999999999875,1.4710351954288416,161.81714285714287,157.5298666666667,0.019460898990269156
GOOGL,2025-05-20,166.43,168.5,162.9,163.98,-0.015371682478683812,5.599999999999994,3.364777984738325,163.42142857142858,158.10420000000002,0.02052485158306062
GOOGL,2025-05-21,163.69,173.14,163.65,168.56,0.0279302353945603,9.48999999999998,5.797544138310209,164.86599999999999,158.89953333333332,0.01869913703054202
GOOGL,2025-05-22,171.85,176.77,170.71,170.87,0.013704318936877069,6.060000000000002,3.5263311027058495,166.48600000000002,159.30986666666666,0.018745051775182105
GOOGL,2025-05-23,169.23,169.96,167.89,168.47,-0.014045765786855569,2.0700000000000216,1.2231873781244589,166.92885714285714,159.83186666666668,0.016394724506630994
GOOGL,2025-05-27,170.16,173.17,170.0,172.9,0.02629548287528949,3.1699999999999875,1.8629525152797293,168.2102857142857,160.36076666666668,0.017603541143172072
GOOGL,2025-05-28,173.16,175.265,171.911,172.36,-0.003123192596876767,3.353999999999985,1.9369369369369283,169.09714285714287,160.80376666666663,0.017817743756379678
GOOGL,2025-05-29,174.0,174.419,170.63,171.86,-0.0029009050823857185,3.7890000000000157,2.1775862068965606,169.85714285714286,161.3221,0.018075372555919938
GOOGL,2025-05-30,171.35,172.205,167.44,171.61,-0.0014546724077737494,4.765000000000015,2.780857893201059,170.94714285714286,161.9311,0.01617245274351127
GOOGL,2025-06-02,167.84,169.87,167.39,169.03,-0.015034088922557087,2.480000000000018,1.4775977121067791,171.01428571428573,162.52476666666664,0.014838924748922134
GOOGL,2025-06-03,167.49,168.475,165.28,166.18,-0.01686091226409514,3.194999999999993,1.9075765717356217,170.3442857142857,163.14176666666665,0.01479996484983056
GOOGL,2025-06-04,166.735,168.215,166.36,168.05,0.011252858346371353,1.8549999999999898,1.1125438570186161,170.28428571428572,163.69443333333336,0.014990013670139819
GOOGL,2025-06-05,170.34,170.93,167.59,168.22,0.0010116036893781377,3.3400000000000034,1.9607843137254923,169.61571428571432,164.1267666666667,0.009602622926744185
GOOGL,2025-06-06,170.83,174.5,170.83,173.68,0.032457496136012454,3.6699999999999875,2.1483346016507565,169.80428571428573,164.61499999999998,0.016791529084518062
GOOGL,2025-06-09,174.54,176.47,174.373,176.06,0.013703362505757655,2.0970000000000084,1.2014437951186023,170.40428571428575,165.085,0.017279683437509737
GOOGL,2025-06-10,176.2,181.105,174.91,178.619,0.014534817675792233,6.194999999999993,3.515891032917136,171.40557142857142,165.6853,0.01755747694812425
GOOGL,2025-06-11,179.77,180.37,176.75,177.35,-0.007104507359239509,3.6200000000000045,2.0136841519719666,172.59414285714288,166.2583,0.016186520154285896
GOOGL,2025-06-12,176.18,176.72,174.745,175.7,-0.009303636876233479,1.9749999999999943,1.1210126007492305,173.95414285714287,166.82163333333335,0.01449332338861335
GOOGL,2025-06-13,172.44,177.13,172.385,174.67,-0.005862265224815033,4.7450000000000045,2.751681744374858,174.89985714285714,167.2673,0.015290369181736598
GOOGL,2025-06-16,174.73,176.94,174.65,176.77,0.012022671323066447,2.289999999999992,1.3105934870943696,176.1212857142857,167.69196666666667,0.015301982166865088
GOOGL,2025-06-17,175.7,177.365,174.58,175.95,-0.004638796175821858,2.7849999999999966,1.5850882185543522,176.4455714285714,168.08330000000004,0.010886056270154529
GOOGL,2025-06-18,176.01,176.56,173.2,173.32,-0.014947428246660954,3.3600000000000136,1.908982444179316,176.05414285714284,168.41963333333334,0.011095868139929976
GOOGL,2025-06-20,173.945,174.34,165.46,166.64,-0.03854142626355883,8.879999999999995,5.105061944867629,174.34285714285713,168.9283,0.01515719419244789
GOOGL,2025-06-23,166.27,167.34,162.0,165.19,-0.008701392222755566,5.340000000000003,3.2116437120346446,172.6057142857143,169.29196666666667,0.015122404245963667
GOOGL,2025-06-24,166.92,168.22,166.13,166.77,0.009564743628549088,2.0900000000000034,1.2520968128444785,171.32999999999998,169.75930000000002,0.01684937221164571
GOOGL,2025-06-25,167.63,172.36,167.55,170.68,0.023445463812436174,4.810000000000002,2.8694147825568233,170.76000000000002,170.1670333333333,0.020509960942678207
GOOGL,2025-06-26,172.43,173.69,169.94,173.54,0.01675650339817203,3.75,2.1747955692164935,170.29857142857142,170.63403333333332,0.021159967238841258
GOOGL,2025-06-27,173.54,178.68,171.73,178.535,0.028782989512504242,6.950000000000017,4.004840382620731,170.66785714285714,171.07286666666667,0.02414112417452672
GOOGL,2025-06-30,180.78,181.23,174.58,176.2,-0.01307866804828195,6.649999999999977,3.6785042593207082,171.0792857142857,171.48186666666666,0.02392751374068812
GOOGL,2025-07-01,175.735,176.08,173.53,175.87,-0.00187287173666284,2.5500000000000114,1.4510484536375858,172.39785714285716,171.8058,0.016176970517487
GOOGL,2025-07-02,175.54,178.86,175.07,178.62,0.01563654972422812,3.7900000000000205,2.159052067904763,174.3164285714286,172.20846666666665,0.014563646717215176
GOOGL,2025-07-03,178.5,179.67,177.07,179.53,0.005094614264919972,2.5999999999999943,1.4565826330532181,176.13928571428573,172.7268,0.014750209046148826
GOOGL,2025-07-07,179.06,179.297,175.685,176.79,-0.01526207319111017,3.6119999999999948,2.0172009382329916,177.01214285714286,173.0011333333333,0.016337368710227135
GOOGL,2025-07-08,177.85,177.95,172.81,174.36,-0.013745121330391852,5.139999999999986,2.8900759066629105,177.12928571428571,173.11746666666667,0.016787528889859224
GOOGL,2025-07-09,175.25,179.44,172.77,176.601,0.012852718513420403,6.6699999999999875,3.8059914407988518,176.853,173.3885,0.013017237335283455
GOOGL,2025-07-10,175.63,178.429,174.38,177.62,0.005770069252156063,4.049000000000007,2.3054147924614283,177.05585714285715,173.54583333333332,0.012138448803341513
GOOGL,2025-07-11,180.25,181.43,180.19,180.19,0.014469091318545235,1.240000000000009,0.6879334257975085,177.673,173.80683333333334,0.01298833774888055
GOOGL,2025-07-14,181.01,183.67,179.68,181.56,0.007603085631832984,3.9899999999999807,2.204298105077057,178.093,174.13016666666667,0.01206390228685697
GOOGL,2025-07-15,182.81,184.22,181.6,182.0,0.0024234412866270816,2.6200000000000045,1.433181992232375,178.44585714285714,174.47650000000002,0.012006479364885041
GOOGL,2025-07-16,183.235,184.327,182.03,182.97,0.005329670329670355,2.296999999999997,1.253581466422898,179.32871428571428,174.94116666666667,0.009280914518750684
GOOGL,2025-07-17,182.14,184.06,180.48,183.58,0.003333879871017187,3.5800000000000125,1.9655210277808348,180.64585714285718,175.5211666666667,0.004618581983623858
GOOGL,2025-07-18,185.4,186.42,183.71,185.06,0.00806188037912614,2.7099999999999795,1.4617044228694605,181.8542857142857,176.08816666666664,0.003987274955455434
GOOGL,2025-07-21,186.25,190.285,186.15,190.1,0.027234410461471903,4.134999999999991,2.2201342281879146,183.63714285714286,176.8175,0.00865844255817115
GOOGL,2025-07-22,191.495,191.645,187.46,191.34,0.006522882693319243,4.185000000000002,2.1854356510613866,185.23000000000002,177.40616666666668,0.00845973180387028
GOOGL,2025-07-23,191.5,192.53,189.18,190.23,-0.005801191596111699,3.3499999999999943,1.7493472584856367,186.46857142857144,177.87849999999997,0.010093887701412172
GOOGL,2025-07-24,197.03,197.95,191.0,192.181,0.010256005887609776,6.949999999999989,3.527381617012632,187.923,178.33056666666667,0.00997039600839443
GOOGL,2025-07-25,191.98,194.33,191.26,193.18,0.005198224590360123,3.0700000000000216,1.5991249088446826,189.38157142857145,178.85823333333332,0.009976052110405125
GOOGL,2025-07-28,193.65,194.05,190.84,192.58,-0.003105911585050136,3.210000000000008,1.6576297443842023,190.6672857142857,179.42090000000002,0.010728289347903666
GOOGL,2025-07-29,192.43,195.92,192.08,195.75,0.016460691660608484,3.839999999999975,1.9955308423842306,192.19442857142855,180.12356666666668,0.01133135595192042
GOOGL,2025-07-30,195.6,197.6,194.685,196.53,0.003984674329502003,2.914999999999992,1.490286298568503,193.11300000000003,180.78223333333335,0.007576488544764465
GOOGL,2025-07-31,195.71,195.99,191.09,191.94,-0.023355212944588644,4.900000000000006,2.5037044606816234,193.19871428571426,181.3152333333333,0.012948073890864198
GOOGL,2025-08-01,189.025,190.83,187.82,189.07,-0.014952589350838874,3.0100000000000193,1.5923819600582034,193.03300000000004,181.84023333333334,0.014103121051290538
GOOGL,2025-08-04,190.29,195.27,190.12,195.04,0.031575606918072596,5.150000000000006,2.70639550160282,193.4414285714286,182.7869,0.018501700197968474
GOOGL,2025-08-05,194.71,197.86,193.885,194.67,-0.0018970467596390872,3.9750000000000227,2.041497611832994,193.6542857142857,183.7695666666667,0.018508124648581765
GOOGL,2025-08-06,194.5,196.63,193.67,196.09,0.007294395643910212,2.960000000000008,1.5218508997429345,194.1557142857143,184.74689999999998,0.018518147447887337
GOOGL,2025-08-07,197.06,197.54,194.33,196.52,0.002192870620633336,3.2099999999999795,1.6289454988328325,194.2657142857143,185.60823333333335,0.017512890065173647
GOOGL,2025-08-08,197.22,202.61,197.17,201.439,0.025030531243639187,5.440000000000026,2.758340939052848,194.96699999999996,186.53820000000002,0.019826172491112834
GOOGL,2025-08-11,200.935,201.475,199.07,201.0,-0.002179319794081591,2.405000000000001,1.1969044715952926,196.26128571428572,187.28703333333337,0.01631489100943515
GOOGL,2025-08-12,201.365,204.5,200.59,203.34,0.01164179104477614,3.9099999999999966,1.941747572815532,198.29985714285718,188.19169999999997,0.013230985380212766
GOOGL,2025-08-13,204.13,204.53,197.51,201.96,-0.006786662732369386,7.02000000000001,3.4389849605643517,199.28842857142857,189.06136666666666,0.0107742326723764
GOOGL,2025-08-14,201.5,204.435,201.225,202.94,0.004852446028916546,3.210000000000008,1.5930521091811454,200.46985714285714,189.87203333333335,0.01034309119713698
GOOGL,2025-08-15,203.85,206.44,201.28,203.9,0.004730462205577934,5.159999999999997,2.531272994849152,201.58557142857143,190.68436666666668,0.010335280248865956
GOOGL,2025-08-18,204.2,205.265,202.49,203.5,-0.0019617459538989745,2.7749999999999773,1.3589618021547392,202.58271428571427,191.5747,0.010679798907815485
GOOGL,2025-08-19,203.03,203.44,199.96,201.57,-0.009484029484029488,3.4799999999999898,1.7140324090035903,202.60142857142858,192.4817,0.007370706452006715
GOOGL,2025-08-20,200.73,201.28,196.595,199.32,-0.011162375353475196,4.685000000000002,2.3339809694614666,202.3614285714286,193.239,0.008528107029743083
GOOGL,2025-08-21,199.745,202.48,199.43,199.751,0.002162351996789047,3.049999999999983,1.5269468572429763,201.8487142857143,193.97670000000002,0.006715045131199524
GOOGL,2025-08-22,202.73,208.54,201.3,206.09,0.031734509464283134,7.239999999999981,3.571252404676161,202.43871428571427,194.84003333333337,0.014223455863805334
GOOGL,2025-08-25,206.43,210.52,205.28,208.49,0.011645397641806943,5.240000000000009,2.538390737780366,203.23157142857144,195.73770000000002,0.014599136187751256
GOOGL,2025-08-26,207.51,207.85,205.7,207.14,-0.0064751307017124615,2.1500000000000057,1.0360946460411575,203.69442857142855,196.57569999999998,0.015105140629547197
GOOGL,2025-08-27,205.7,208.91,205.65,207.48,0.001641401950371657,3.259999999999991,1.5848322800194417,204.26299999999998,197.3927,0.014994658430235248
GOOGL,2025-08-28,207.25,212.22,206.9,211.64,0.020050125313283207,5.319999999999993,2.5669481302774395,205.70157142857144,198.3280333333333,0.015095248108062087
GOOGL,2025-08-29,210.51,214.645,210.2,212.91,0.006000756000756002,4.445000000000022,2.111538644244939,207.64299999999997,199.25636666666668,0.012866751881140294
GOOGL,2025-09-02,208.44,211.675,206.195,211.35,-0.007327039594194784,5.480000000000018,2.6290539243907207,209.29999999999998,199.9647,0.014203680621889285
GOOGL,2025-09-03,226.21,231.31,224.79,230.63,0.09122308966169856,6.52000000000001,2.8822775297290173,212.80571428571426,201.27436666666665,0.03426874400273224
GOOGL,2025-09-04,229.65,232.37,226.11,232.3,0.0072410354247063324,6.259999999999991,2.7258872196821207,216.20714285714286,202.6767,0.0344166983748696
GOOGL,2025-09-05,232.2,235.76,231.9,235.049,0.011833835557468753,3.859999999999985,1.6623600344530514,220.19414285714285,204.10563333333332,0.03308962274647725
GOOGL,2025-09-08,235.47,238.13,233.67,234.04,-0.004292721943084277,4.460000000000008,1.8940841720813724,223.98842857142859,205.4676333333333,0.033669413099474965
GOOGL,2025-09-09,234.165,240.47,233.229,239.619,0.02383780550333281,7.2409999999999854,3.092264001879011,227.98542857142857,207.0356,0.033741614042150855
GOOGL,2025-09-10,238.9,241.66,237.85,239.17,-0.0018738080035389792,3.8100000000000023,1.5948095437421526,231.73685714285713,208.4829333333333,0.034348142843655095
GOOGL,2025-09-11,239.88,242.25,236.25,240.37,0.005017351674541093,6.0,2.5012506253126565,235.88257142857142,209.94426666666666,0.03317375314826533
GOOGL,2025-09-12,240.37,242.075,238.0,240.781,0.00170986395972883,4.074999999999989,1.6953030744269202,237.3327142857143,211.57229999999998,0.00949349637149801
GOOGL,2025-09-15,244.66,252.41,244.66,251.709,0.04538564089359198,7.75,3.167661244175591,240.10542857142855,213.66026666666667,0.017637702511179153
GOOGL,2025-09-16,252.08,253.04,249.47,251.16,-0.0021810900682931456,3.569999999999993,1.4162170739447766,242.40699999999998,215.53093333333334,0.018393880242660372
GOOGL,2025-09-17,251.22,251.6,246.28,249.52,-0.006529702181876096,5.319999999999993,2.117665790940209,244.61842857142855,217.35926666666666,0.018693632080964768
GOOGL,2025-09-18,251.68,253.99,249.8,252.07,0.010219621673613233,4.189999999999998,1.6648124602670047,246.39714285714285,219.2252666666667,0.017610370326584347
GOOGL,2025-09-19,253.25,256.0,251.81,254.72,0.010512952751219995,4.189999999999998,1.6544916090819337,248.6185714285714,221.16526666666667,0.017140125667745705
GOOGL,2025-09-22,254.43,255.78,250.3,252.479,-0.008797895728643201,5.47999999999999,2.1538340604488426,250.34842857142857,222.86659999999998,0.0184427937487057
GOOGL,2025-09-23,253.04,254.36,250.48,251.66,-0.003243834140661317,3.880000000000024,1.5333544103699115,251.90257142857143,224.55526666666665,0.0187800081966111
GOOGL,2025-09-24,251.66,252.35,246.44,247.14,-0.017960740681872367,5.909999999999997,2.348406580306762,251.24985714285714,226.0152666666667,0.010219949376545622
GOOGL,2025-09-25,244.4,246.49,240.74,245.757,-0.005596018451080265,5.75,2.3527004909983633,250.478,227.47516666666667,0.010279695612501551
GOOGL,2025-09-26,247.065,249.42,245.97,246.54,0.003186074048755483,3.4499999999999886,1.3963936615870272,250.05228571428572,228.92849999999999,0.010387930383904469
GOOGL,2025-09-29,247.85,251.149,242.77,244.05,-0.01009978096860542,8.37899999999999,3.3806737946338474,248.90657142857143,230.26683333333332,0.009293627581581051
GOOGL,2025-09-30,242.81,243.29,239.245,243.04,-0.004138496209793119,4.0449999999999875,1.6659116181376332,247.23800000000003,231.58483333333334,0.006585523240380867
GOOGL,2025-10-01,240.75,246.3,238.61,244.9,0.007653061224489832,7.689999999999998,3.194184839044651,246.15528571428572,233.02916666666667,0.008386398563230231
GOOGL,2025-10-02,245.15,246.81,242.3,245.69,0.003225806451612856,4.509999999999991,1.839689985723023,245.30242857142858,234.57483333333332,0.008866766178207917
GOOGL,2025-10-03,244.49,246.3,241.655,245.35,-0.0013838577068664426,4.64500000000001,1.8998732054480796,245.04671428571427,236.0948,0.006112550964211353
GOOGL,2025-10-06,244.78,251.32,244.58,250.43,0.020705115141634423,6.739999999999981,2.753492932429112,245.71428571428572,237.5728,0.009802195871586145
GOOGL,2025-10-07,248.27,250.44,245.52,245.76,-0.018647925568023083,4.9199999999999875,1.9817134571232882,245.60285714285715,238.81513333333334,0.012684893685541966
GOOGL,2025-10-08,244.96,246.005,243.82,244.62,-0.004638671875,2.1850000000000023,0.8919823644676691,245.68428571428572,240.06446666666668,0.01214414447347333
GOOGL,2025-10-09,244.47,244.76,239.15,241.53,-0.012631837135148372,5.609999999999985,2.2947600932629713,245.46857142857147,241.19946666666664,0.01306232781689331
GOOGL,2025-10-10,241.43,244.09,235.84,236.57,-0.020535751252432455,8.25,3.4171395435529965,244.27857142857144,242.03046666666668,0.014302235434853155
GOOGL,2025-10-13,240.21,244.5,239.71,244.15,0.03204125628777965,4.789999999999992,1.9940885058906757,244.0585714285714,243.0718,0.020017068400410867
GOOGL,2025-10-14,241.23,247.12,240.51,245.45,0.00532459553553144,6.610000000000014,2.740123533557192,244.07285714285715,244.20846666666665,0.02014060816244443
GOOGL,2025-10-15,247.245,252.11,245.99,251.03,0.022733754328783995,6.1200000000000045,2.475277558696841,244.1585714285714,244.8884666666667,0.02049577745265
GOOGL,2025-10-16,251.765,256.96,250.101,251.383,0.0014062064295103927,6.8589999999999804,2.7243659762079644,244.96185714285713,245.52456666666666,0.018692037935238492
GOOGL,2025-10-17,250.76,254.22,247.81,253.3,0.007625813996968711,6.409999999999997,2.556229063646513,246.20185714285714,246.13293333333334,0.018386837246368522
GOOGL,2025-10-20,254.69,257.33,254.23,256.49,0.012593762337149705,3.0999999999999943,1.2171659664690386,248.339,246.88126666666668,0.01672017600245918
GOOGL,2025-10-21,254.74,254.88,244.15,250.46,-0.02350968848688062,10.72999999999999,4.212137866059507,250.3232857142857,247.24263333333334,0.017602571908211427
GOOGL,2025-10-22,254.37,256.36,249.31,251.69,0.0049109638265592,7.050000000000011,2.7715532492039197,251.40042857142856,247.65996666666666,0.014157965958353034
GOOGL,2025-10-23,252.98,255.04,251.85,253.08,0.005522666772617146,3.1899999999999977,1.2609692465807565,252.49042857142857,248.08363333333332,0.014160224503267857
GOOGL,2025-10-24,256.58,261.68,255.315,259.92,0.027027027027026973,6.365000000000009,2.4807077714553003,253.76042857142858,248.7216,0.015142111932602976
GOOGL,2025-10-27,264.815,270.14,264.28,269.27,0.03597260695598625,5.860000000000014,2.2128655854086867,256.3157142857143,249.30696666666665,0.01891076157765898
GOOGL,2025-10-28,269.69,270.73,266.5,267.47,-0.006684740223567243,4.230000000000018,1.56846749972191,258.34,249.85063333333335,0.019957348416262812
GOOGL,2025-10-29,267.75,275.336,267.67,274.57,0.026545033087822745,7.665999999999997,2.8631185807656383,260.92285714285714,250.68563333333336,0.021155976259413997
GOOGL,2025-10-30,291.59,291.59,280.06,281.48,0.025166624175984253,11.529999999999973,3.954182242189366,265.3542857142857,251.66596666666663,0.015583654667276896
GOOGL,2025-10-31,283.21,286.0,277.03,281.36,-0.0004263180332527705,8.970000000000027,3.167261043042275,269.59285714285716,252.5539666666667,0.01637956460986649
GOOGL,2025-11-03,282.175,285.53,279.8,283.89,0.008992038669320301,5.729999999999961,2.030654735536444,273.9942857142857,253.601,0.016053272002954852
GOOGL,2025-11-04,276.75,281.27,276.26,277.54,-0.02236781852125813,5.009999999999991,1.8102981029810266,276.5114285714286,254.46366666666665,0.020868633507143956
GOOGL,2025-11-05,278.87,286.415,277.34,284.31,0.024392880305541542,9.075000000000045,3.2542044680317157,278.66,255.70266666666666,0.01878452313711144
GOOGL,2025-11-06,285.33,288.35,281.14,284.75,0.0015476064858781502,7.210000000000036,2.5268986787228953,281.12857142857143,257.00243333333333,0.0179553112143316
GOOGL,2025-11-07,283.205,283.78,275.19,278.83,-0.02079016681299395,8.589999999999975,3.033138539220697,281.7371428571428,258.0787666666667,0.019171996234411702
GOOGL,2025-11-10,284.42,290.8,282.855,290.13,0.04052648567227357,7.944999999999993,2.7934041206666174,282.97285714285715,259.6147666666667,0.022760529272229223
GOOGL,2025-11-11,287.745,291.915,287.32,291.31,0.004067142315513861,4.595000000000027,1.596900033015353,284.39428571428573,261.2237666666667,0.022659815352280458
GOOGL,2025-11-12,291.675,292.005,283.69,286.75,-0.015653427620061056,8.314999999999998,2.850775692123081,284.80285714285714,262.61876666666666,0.023854747409743096
GOOGL,2025-11-13,282.34,282.84,277.24,278.62,-0.02835222319093289,5.599999999999966,1.9834242402776674,284.95714285714286,263.7164333333333,0.024942436286656506
GOOGL,2025-11-14,271.405,278.56,270.7,276.39,-0.008003732682506759,7.860000000000014,2.8960409719791507,283.8257142857143,264.7511,0.022748546533554927
GOOGL,2025-11-17,285.775,293.95,283.57,285.02,0.031223995079416644,10.379999999999995,3.632228151517801,283.8642857142857,265.9041,0.02638731839819093
GOOGL,2025-11-18,287.915,288.8,278.2,284.3,-0.002526138516595222,10.600000000000023,3.681642151329393,284.6457142857143,267.1887666666667,0.024794122455413455
GOOGL,2025-11-19,287.16,303.81,286.63,292.81,0.029933169187478015,17.180000000000007,5.982727399359244,285.0285714285714,268.7951,0.02232514336136424
GOOGL,2025-11-20,304.54,306.42,288.67,289.45,-0.011475017929715614,17.75,5.8284625993301376,284.7628571428571,270.3924333333333,0.022798256348191024
GOOGL,2025-11-21,296.415,303.92,293.845,299.75,0.03558472965969939,10.074999999999989,3.3989507953376137,286.62,272.4984333333333,0.025284406213231154
GOOGL,2025-11-24,311.13,319.48,309.595,318.38,0.06215179316096742,9.884999999999991,3.1771285314820146,292.3,274.9727666666667,0.027462803020089455
GOOGL,2025-11-25,326.21,328.83,317.65,323.44,0.01589295810038327,11.180000000000007,3.4272401213941963,299.0214285714286,277.5724333333334,0.024824568939453315
GOOGL,2025-11-26,320.68,324.5,316.79,319.98,-0.010697501855058023,7.7099999999999795,2.4042659348883557,304.0157142857143,279.87076666666667,0.027422055317596943
GOOGL,2025-11-28,323.365,326.85,316.79,320.18,0.0006250390649416016,10.060000000000002,3.1110355171400745,309.1414285714286,282.164,0.02707208851817615
GOOGL,2025-12-01,317.7,319.85,313.89,314.89,-0.01652195639952536,5.960000000000036,1.8759836323575814,312.2957142857143,284.217,0.02911347231265165
GOOGL,2025-12-02,316.74,318.38,313.91,315.66,0.0024452983581568777,4.46999999999997,1.4112521310854234,316.04,286.18933333333337,0.027783889154357266
GOOGL,2025-12-03,315.89,321.58,314.1,319.63,0.012576823164163864,7.479999999999961,2.367912881066182,318.88,288.495,0.025936341979352528
GOOGL,2025-12-04,322.225,322.36,314.7,317.62,-0.006288521102524758,7.660000000000025,2.377220886026852,318.7714285714286,290.69266666666664,0.011857041733627538
GOOGL,2025-12-05,319.49,323.16,319.165,321.27,0.011491719665008393,3.9950000000000045,1.2504303734076196,318.4614285714286,292.96566666666666,0.010937460750648236
GOOGL,2025-12-08,320.05,320.44,311.2219,313.77,-0.023344850126062244,9.218099999999993,2.8802062177784697,317.57428571428574,294.7606666666667,0.013555122494323849
GOOGL,2025-12-09,312.37,317.99,311.895,317.08,0.010549128342416392,6.095000000000027,1.9512117040689014,317.13142857142856,296.3543333333334,0.014452174712602722
GOOGL,2025-12-10,315.83,321.31,314.68,320.21,0.009871325848366252,6.6299999999999955,2.099230598739827,317.89142857142855,298.1123333333333,0.013208015314762386
GOOGL,2025-12-11,320.08,321.12,308.6,312.43,-0.024296555385528218,12.519999999999982,3.911522119470127,317.43,299.3743333333333,0.016638711846980073
GOOGL,2025-12-12,313.7,314.87,305.56,309.29,-0.01005025125628134,9.310000000000002,2.967803634045267,315.95285714285717,300.3013333333334,0.015651072150198616
GOOGL,2025-12-15,311.315,311.42,304.88,308.22,-0.003459536357463877,6.5400000000000205,2.100766105070434,314.61,301.19666666666666,0.015636154220289408
GOOGL,2025-12-16,304.945,310.77,302.59,306.38,-0.005969761858412914,8.180000000000007,2.682450933774945,312.48285714285714,301.9463333333333,0.014030225801451844
GOOGL,2025-12-17,308.01,308.09,296.12,296.74,-0.03146419479078266,11.96999999999997,3.886237459822724,310.05000000000007,302.58633333333336,0.015855297985625898
GOOGL,2025-12-18,301.72,303.96,299.2308,302.39,0.019040237244726033,4.729199999999992,1.5674134959565131,307.95142857142855,303.189,0.017711974172043402
GOOGL,2025-12-19,301.73,307.25,300.97,307.16,0.01577433116174487,6.279999999999973,2.081330991283589,306.08714285714285,303.936,0.018738683221337826
GOOGL,2025-12-22,309.875,310.13,305.3,309.78,0.008529756478707906,4.829999999999984,1.5586930213795833,305.7085714285714,304.9676666666667,0.017390017674341698
GOOGL,2025-12-23,309.625,314.94,309.32,314.35,0.014752404932532936,5.6200000000000045,1.8150989099717414,306.43142857142857,305.775,0.017781420977378476
GOOGL,2025-12-24,314.77,315.08,311.92,314.09,-0.0008271035470018839,3.159999999999968,1.0039076150840196,307.27,306.5343333333333,0.017662863024722742
GOOGL,2025-12-26,314.48,315.085,312.275,313.51,-0.0018466044764239298,2.8100000000000023,0.8935385398117535,308.2885714285714,307.4263333333333,0.01738695070868238
GOOGL,2025-12-29,311.365,314.017,310.62,313.56,0.00015948454594760797,3.3969999999999914,1.0910025211568388,310.6914285714286,308.59100000000007,0.00879890937299644
GOOGL,2025-12-30,312.5,316.95,312.46,313.85,0.0009248628651614688,4.490000000000009,1.4368000000000027,312.3285714285715,309.83966666666663,0.007568065820506564
GOOGL,2025-12-31,312.845,314.58,311.44,313.0,-0.0027083001433806375,3.1399999999999864,1.0036919241157718,313.16285714285715,310.77233333333334,0.006470608136852289
GOOGL,2026-01-02,316.9,322.5,310.33,315.15,0.0068690095846644095,12.170000000000016,3.8403281792363577,313.93,311.8006666666667,0.006248376886607224
GOOGL,2026-01-05,317.67,319.015,314.63,316.69,0.00488656195462478,4.384999999999991,1.3803632700601225,314.2642857142857,312.59666666666664,0.0035455547028957145
GOOGL,2026-01-06,316.4,320.94,311.78,314.18,-0.00792573178818401,9.160000000000025,2.895069532237682,314.27714285714285,313.421,0.004924195511687536
GOOGL,2026-01-07,314.36,326.15,314.19,322.03,0.024985677000445516,11.95999999999998,3.804555286932173,315.4942857142857,314.16366666666664,0.010494068778357865
GOOGL,2026-01-08,328.965,330.3196,321.5,325.44,0.010589075551967309,8.81959999999998,2.681014697612202,317.1914285714286,314.399,0.010616722645248036
GOOGL,2026-01-09,327.09,330.83,325.8,328.57,0.009617748279252769,5.029999999999973,1.5378030511479939,319.2942857142857,314.57,0.010517448684175637
GOOGL,2026-01-12,325.8,334.04,325.0,331.86,0.01001308701342185,9.04000000000002,2.7747084100675323,321.98857142857145,314.966,0.009705423508432535
GOOGL,2026-01-13,334.95,340.49,333.62,335.97,0.012384740553245344,6.8700000000000045,2.0510523958799833,324.96285714285716,315.49233333333336,0.009780835842614381
GOOGL,2026-01-14,335.06,336.52,330.48,335.84,-0.0003869393100576213,6.039999999999964,1.802662209753466,327.6985714285714,316.1906666666667,0.010356536408388487
GOOGL,2026-01-15,337.65,337.69,330.74,332.78,-0.009111481657932408,6.949999999999989,2.0583444395083634,330.35571428571427,316.7613333333333,0.01067419408059791
GOOGL,2026-01-16,334.41,334.59,327.7,330.0,-0.00835386741991695,6.889999999999986,2.060345085374237,331.4942857142857,317.10699999999997,0.009342587032816794
GOOGL,2026-01-20,320.87,327.73,320.43,321.99,-0.024272727272727224,7.300000000000011,2.275064667934058,331.00142857142856,317.25266666666664,0.013377006963130315
GOOGL,2026-01-21,320.92,332.4799,319.3518,328.38,0.019845336811702197,13.12809999999996,4.090770285429378,330.97428571428566,317.48966666666666,0.015218411652106212
GOOGL,2026-01-22,334.45,335.13,328.75,330.51,0.006486387721542197,6.3799999999999955,1.9076095081477038,330.7814285714286,318.04766666666666,0.014887096662800789
GOOGL,2026-01-23,332.485,333.6889,327.45,327.935,-0.007790989682611715,6.238900000000001,1.8764455539347642,329.63357142857143,318.4095,0.013900069495658023
GOOGL,2026-01-26,327.805,335.84,327.0,333.253,0.016216628295241398,8.839999999999975,2.6967251872302054,329.264,318.8442666666667,0.01578289781653844
GOOGL,2026-01-27,335.365,337.91,333.48,334.55,0.0038919379570476753,4.430000000000007,1.320948816960627,329.51685714285713,319.58160000000004,0.015429986430431758
GOOGL,2026-01-28,336.06,337.535,331.94,336.01,0.004364071140337655,5.595000000000027,1.6648812712015792,330.3754285714286,320.47226666666666,0.014903990791180136
GOOGL,2026-01-29,340.3,342.29,326.54,338.25,0.0066664682598731595,15.75,4.6282691742580075,332.6982857142857,321.4732666666667,0.008996661197184954
GOOGL,2026-01-30,340.0,340.0,332.285,338.233,-5.025868440500236e-05,7.714999999999975,2.2691176470588164,334.10585714285713,322.53503333333333,0.0072762129808738646
GOOGL,2026-02-02,336.22,344.83,335.63,343.79,0.016429502739236046,9.199999999999989,2.736303610731065,336.00300000000004,324.1033666666666,0.008629190524585674
GOOGL,2026-02-03,347.34,349.0,337.4745,339.74,-0.011780447366124713,11.525500000000022,3.3182184602982736,337.68942857142855,325.34836666666666,0.009728534897731001
GOOGL,2026-02-04,342.96,343.31,328.52,333.04,-0.019720963089421284,14.79000000000002,4.31245626312107,337.659,326.2110333333333,0.012084803211906362
GOOGL,2026-02-05,312.22,332.69,306.5,331.23,-0.005434782608695676,26.189999999999998,8.388315931074242,337.1847142857143,326.9260333333333,0.012094665142738433
GOOGL,2026-02-06,327.18,330.3,319.935,322.86,-0.02526945023095739,10.365000000000009,3.1679809279295825,335.30614285714285,327.20970000000005,0.014669007755640956
GOOGL,2026-02-09,320.93,327.7,317.26,324.32,0.0045220838753639025,10.439999999999998,3.25304583554046,333.3161428571429,327.5507,0.014390023784444757
GOOGL,2026-02-10,320.97,321.67,314.61,318.57,-0.017729403058707405,7.060000000000002,2.199582515499891,330.50714285714287,327.71936666666664,0.014739289366181855
GOOGL,2026-02-11,318.97,321.06,309.66,310.71,-0.02467275638007349,11.399999999999977,3.5740038248111032,325.7814285714286,327.6243666666667,0.01086494053205894
GOOGL,2026-02-12,312.09,316.24,307.2,309.0,-0.005503524186540432,9.04000000000002,2.896600339645622,321.39,327.46270000000004,0.011355301905270898
GOOGL,2026-02-13,307.725,308.63,303.71,305.72,-0.010614886731391548,4.920000000000016,1.5988301242992984,317.4871428571429,327.22003333333333,0.011027515963341127
META,2023-01-03,122.82,126.37,122.28,124.74,,4.090000000000003,3.3300765347663277,124.74,124.74,
META,2023-01-04,127.38,129.05,125.85,127.37,0.021083854417187853,3.200000000000017,2.5121683152771372,126.055,126.055,
META,2023-01-05,126.125,128.52,124.54,126.94,-0.0033759912067206077,3.980000000000004,3.155599603567892,126.35000000000001,126.35000000000001,0.01729572270744177
META,2023-01-06,128.97,130.33,126.04,130.02,0.024263431542461023,4.290000000000006,3.3263549662712304,127.2675,127.2675,0.015123554743891912
META,2023-01-09,131.16,132.95,129.28,129.47,-0.004230118443316555,3.6699999999999875,2.7981091796279256,127.708,127.708,0.01534530491350049
META,2023-01-10,127.27,133.44,127.15,132.99,0.0271877655055226,6.289999999999992,4.942248762473476,128.58833333333334,128.58833333333334,0.01548027246295968
META,2023-01-11,130.96,133.849,130.34,132.89,-0.0007519362358073822,3.508999999999986,2.67944410507024,129.20285714285714,129.20285714285714,0.01493871640896712
META,2023-01-12,133.44,137.678,131.76,136.71,0.028745579050342585,5.918000000000006,4.4349520383693095,130.91285714285715,130.14125,0.015248318565487523
META,2023-01-13,134.97,137.39,134.835,136.98,0.0019749835418036987,2.5549999999999784,1.8930132622064004,132.28571428571428,130.9011111111111,0.015327546861722002
META,2023-01-17,136.176,136.75,134.25,135.36,-0.011826544021024787,2.5,1.8358594759722715,133.48857142857145,131.347,0.016862628033073396
META,2023-01-18,135.81,137.25,132.8,133.02,-0.017287234042553168,4.449999999999989,3.2766364774316976,133.91714285714286,131.4990909090909,0.018007190192924835
META,2023-01-19,132.49,137.45,132.14,136.15,0.02353029619606062,5.310000000000002,4.007849649030117,134.87142857142857,131.88666666666668,0.01907167570234636
META,2023-01-20,135.89,139.94,134.61,139.37,0.023650385604113033,5.329999999999984,3.9222900875708175,135.78285714285715,132.4623076923077,0.018497185183713533
META,2023-01-23,139.29,143.76,138.66,143.27,0.02798306665709993,5.099999999999994,3.6614258022830026,137.2657142857143,133.2342857142857,0.01967669022489656
META,2023-01-24,141.69,145.0,141.36,143.14,-0.0009073776785092358,3.6399999999999864,2.5689886371656336,138.18428571428572,133.89466666666667,0.018359170332467548
META,2023-01-25,141.22,143.17,140.31,141.5,-0.011457314517255734,2.859999999999985,2.025208893924363,138.82999999999998,134.37,0.019599221424778667
META,2023-01-26,144.4,147.51,143.3,147.3,0.04098939929328638,4.2099999999999795,2.915512465373947,140.53571428571428,135.13058823529414,0.022129231260710234
META,2023-01-27,148.237,153.19,147.39,151.74,0.030142566191446063,5.800000000000011,3.9126533861316752,143.21,136.05333333333334,0.01850388915841073
META,2023-01-30,149.405,151.123,146.95,147.06,-0.03084223013048637,4.173000000000002,2.7930792142163927,144.76857142857145,136.63263157894735,0.026173181031272884
META,2023-01-31,147.95,149.88,147.52,148.97,0.012987896096831264,2.359999999999985,1.5951334910442618,146.14000000000001,137.2495,0.025643988679135823
META,2023-02-01,148.03,153.58,147.06,153.12,0.02785795797811641,6.52000000000001,4.404512598797548,147.5471428571429,138.0052380952381,0.02562927756278572
META,2023-02-02,183.38,197.16,180.16,188.77,0.23282392894461856,17.0,9.270367542807286,154.06571428571428,140.31272727272727,0.08732166552265408
META,2023-02-03,183.465,196.77,182.89,186.53,-0.011866292313397309,13.880000000000024,7.56547570381273,160.49857142857144,142.32217391304349,0.0873644685448258
META,2023-02-06,186.53,190.7,185.516,186.06,-0.002519701924623363,5.1839999999999975,2.779177612180345,166.03571428571428,144.14458333333334,0.08907530377741259
META,2023-02-07,185.575,193.78,184.4,191.62,0.029882833494571548,9.379999999999995,5.0545601508823905,171.73285714285717,146.0436,0.08907866151117903
META,2023-02-08,190.0,190.83,182.92,183.43,-0.04274084124830391,7.910000000000025,4.163157894736855,176.92857142857142,147.48153846153846,0.09068586725336042
META,2023-02-09,186.13,186.65,177.27,177.92,-0.03003870686365384,9.379999999999995,5.039488529522375,181.06428571428572,148.60888888888888,0.09384572230535562
META,2023-02-10,176.353,178.89,173.35,174.15,-0.021189298561150927,5.539999999999992,3.14142657057152,184.06857142857143,149.52107142857145,0.09576160588685922
META,2023-02-13,178.215,181.0,175.82,179.43,0.030318690783807112,5.180000000000007,2.906601576747191,182.7342857142857,150.55241379310345,0.028302548443804677
META,2023-02-14,177.16,181.506,175.88,179.48,0.0002786602017499362,5.626000000000005,3.175660419959361,181.72714285714284,151.51666666666668,0.028318116091739377
META,2023-02-15,176.415,178.19,175.33,177.16,-0.01292623133496762,2.859999999999985,1.6211773375279797,180.4557142857143,153.264,0.028430319669638
META,2023-02-16,172.75,175.85,171.79,172.44,-0.02664258297584099,4.060000000000002,2.3502170767004356,177.71571428571428,154.76633333333336,0.02401558450461166
META,2023-02-17,170.22,173.18,169.7,172.88,0.002551612154952476,3.480000000000018,2.044413112442732,176.20857142857145,156.2976666666667,0.021131661594071507
META,2023-02-21,174.31,178.17,171.88,172.08,-0.004627487274409869,6.289999999999992,3.608513567781534,175.3742857142857,157.6996666666667,0.018817849819044767
META,2023-02-22,171.07,172.755,169.69,171.12,-0.00557880055788007,3.0649999999999977,1.7916642310165418,174.94142857142856,159.08800000000002,0.017396230146130873
META,2023-02-23,172.0,173.69,169.38,172.04,0.005376344086021501,4.310000000000002,2.5058139534883734,173.8857142857143,160.38966666666667,0.010939960093295679
META,2023-02-24,168.64,170.72,167.66,170.39,-0.009590792838874762,3.0600000000000023,1.8145161290322596,172.58714285714288,161.63966666666664,0.010636965620053649
META,2023-02-27,171.875,173.12,169.06,169.54,-0.00498855566641232,4.060000000000002,2.3621818181818197,171.49857142857144,162.73399999999998,0.01036278581273495
META,2023-02-28,171.9,177.55,171.87,174.94,0.031850890645275465,5.680000000000007,3.304246655031999,171.85571428571424,163.99933333333334,0.014066431187955244
META,2023-03-01,174.59,177.85,173.05,173.42,-0.00868869326626276,4.799999999999983,2.7492983561486812,171.93285714285713,165.268,0.014641671739391952
META,2023-03-02,172.38,175.01,171.43,174.53,0.006400645830930696,3.579999999999984,2.076807054182611,172.28285714285713,166.65166666666667,0.014586675884678796
META,2023-03-03,178.92,186.62,177.05,185.25,0.06142210508222079,9.569999999999993,5.348759221998655,174.30142857142854,168.28833333333333,0.026121257238571872
META,2023-03-06,188.0,189.66,184.64,184.9,-0.0018893387314439236,5.02000000000001,2.6702127659574524,176.13857142857142,169.80599999999998,0.02655439529850869
META,2023-03-07,189.0,190.36,184.01,184.51,-0.0021092482422931935,6.350000000000023,3.3597883597883715,178.15571428571428,171.18066666666667,0.025742313037625825
META,2023-03-08,182.87,185.26,181.34,184.97,0.002493089805430726,3.9199999999999875,2.1435992781757465,180.35999999999999,172.575,0.025080051456450748
META,2023-03-09,186.35,188.93,180.3,181.69,-0.017732605287343883,8.629999999999995,4.631070566138983,181.3242857142857,173.91466666666665,0.02578899014110052
META,2023-03-10,181.01,184.77,178.8,179.51,-0.011998458913534127,5.969999999999999,3.298160322634108,182.19428571428574,174.98833333333332,0.026124905959982462
META,2023-03-13,177.96,183.78,174.82,180.9,0.007743301208846365,8.960000000000008,5.034839289728033,183.1042857142857,175.96033333333335,0.026139886960852055
META,2023-03-14,187.58,194.32,186.56,194.02,0.07252625760088449,7.759999999999991,4.136901588655502,184.35714285714286,177.52566666666664,0.030136348395887927
META,2023-03-15,192.95,197.78,190.835,197.75,0.019224822183280033,6.944999999999993,3.5993780772220747,186.19285714285712,179.15166666666667,0.030154427574077353
META,2023-03-16,198.26,205.76,196.089,204.93,0.03630847029077122,9.670999999999992,4.877938061131843,189.10999999999999,180.87866666666667,0.031061169694019782
META,2023-03-17,200.56,201.9,195.43,195.61,-0.04547894402966868,6.469999999999999,3.2259672915835655,190.62999999999997,181.10666666666665,0.038751686560343016
META,2023-03-20,198.48,199.36,193.64,197.81,0.011246868769490215,5.720000000000027,2.8819024586860276,192.93285714285713,181.4826666666667,0.03696965772542779
META,2023-03-21,203.2,203.55,197.95,202.16,0.021990799251807358,5.600000000000023,2.755905511811035,196.1685714285714,182.01933333333332,0.03536776095678445
META,2023-03-22,202.5,207.37,199.67,199.81,-0.01162445587653338,7.700000000000017,3.8024691358024776,198.87000000000003,182.29233333333332,0.03699233948859836
META,2023-03-23,202.84,207.88,202.15,204.28,0.022371252690055465,5.72999999999999,2.824886610136063,200.33571428571432,182.98733333333334,0.02764281373116536
META,2023-03-24,205.18,207.58,203.55,206.01,0.008468768357156709,4.030000000000001,1.9641290574130037,201.5157142857143,183.92366666666666,0.02719197017429019
META,2023-03-27,204.81,205.86,201.36,202.84,-0.015387602543565748,4.5,2.197158341877838,201.21714285714285,184.88,0.024537077224556093
META,2023-03-28,200.15,201.03,197.9,200.68,-0.010648787221455347,3.1299999999999955,1.5638271296527582,201.94142857142856,185.5883333333333,0.016165242789367627
META,2023-03-29,203.56,205.72,202.536,205.35,0.02327087901136138,3.1839999999999975,1.5641579878168586,203.01857142857142,186.45066666666668,0.017661281152772493
META,2023-03-30,203.38,208.09,202.82,207.84,0.01212563915266629,5.27000000000001,2.5912085750811342,203.83,187.47333333333333,0.016479320274569286
META,2023-03-31,207.24,212.17,206.77,211.94,0.019726712856042994,5.399999999999977,2.605674580196862,205.56285714285713,188.79,0.015742952980730248
META,2023-04-03,208.84,213.486,208.2,213.07,0.005331697650278411,5.286000000000001,2.531124305688566,206.81857142857143,190.12966666666665,0.014521650462733106
META,2023-04-04,213.39,216.24,212.54,214.72,0.0077439339184306455,3.700000000000017,1.7339144289798103,208.06285714285715,191.551,0.014504741659629578
META,2023-04-05,214.15,215.19,209.94,211.48,-0.015089418777943453,5.25,2.4515526500116738,209.29714285714286,192.8963333333333,0.014431635860368571
META,2023-04-06,209.25,216.94,208.65,216.1,0.021846037450349964,8.289999999999992,3.961768219832732,211.5,194.36499999999998,0.01334432351166658
META,2023-04-10,214.71,215.66,210.66,214.75,-0.006247107820453457,5.0,2.3287224628568763,212.84285714285716,195.84366666666668,0.013376584760157325
META,2023-04-11,215.48,216.02,213.41,213.85,-0.004190919674039617,2.6100000000000136,1.211249303879717,213.70142857142855,197.32066666666668,0.013649919433861216
META,2023-04-12,214.835,216.84,212.584,214.0,0.0007014262333411292,4.256,1.9810552284311216,213.99571428571429,198.62266666666667,0.011802946540687934
META,2023-04-13,215.73,221.15,215.69,220.35,0.02967289719626165,5.460000000000008,2.5309414545960265,215.03571428571428,200.18699999999998,0.015984667776614725
META,2023-04-14,217.88,222.11,217.55,221.49,0.005173587474472496,4.560000000000002,2.092895171654123,216.00285714285715,201.75233333333333,0.015938429457660098
META,2023-04-17,219.79,220.979,217.13,218.86,-0.011874125242674616,3.849000000000018,1.7512170708403558,217.05714285714288,202.87266666666667,0.015312055645637566
META,2023-04-18,219.91,220.44,216.21,217.89,-0.004432057022754399,4.22999999999999,1.9235141648856302,217.31285714285715,203.97233333333332,0.013625312307548428
META,2023-04-19,213.472,217.33,212.93,215.7,-0.010050943136444945,4.400000000000006,2.0611602458402065,217.4485714285714,205.01200000000003,0.014043924205949758
META,2023-04-20,213.48,216.75,212.77,213.07,-0.012192860454334653,3.9799999999999898,1.8643432640059914,217.33714285714288,205.94866666666667,0.014814275910014215
META,2023-04-21,210.21,213.41,209.58,212.89,-0.0008447927911015007,3.829999999999984,1.8219875362732432,217.17857142857142,206.98866666666666,0.014806138993522705
META,2023-04-24,213.675,213.92,210.71,212.79,-0.0004697261496546812,3.2099999999999795,1.5022815022814926,216.09857142857143,208.098,0.006659614452381044
META,2023-04-25,210.815,211.26,207.13,207.55,-0.02462521735043932,4.1299999999999955,1.9590636339918865,214.10714285714283,208.9863333333333,0.008401675361430322
META,2023-04-26,212.5,214.11,208.88,209.4,0.008913514815707124,5.230000000000018,2.4611764705882435,212.75571428571428,209.499,0.010671441426808547
META,2023-04-27,239.89,241.685,236.77,238.56,0.13925501432664755,4.914999999999992,2.0488557255408697,215.70857142857145,210.85933333333332,0.05612529158062648
META,2023-04-28,239.01,240.43,235.75,240.32,0.007377598926894713,4.680000000000007,1.9580770679051114,219.22571428571428,212.03900000000002,0.0552455437129559
META,2023-05-01,238.615,244.0,236.46,243.18,0.011900798934753709,7.539999999999992,3.1599019340779044,223.52714285714282,213.62466666666666,0.05387360399361287
META,2023-05-02,243.18,244.92,238.99,239.24,-0.016201990295254487,5.929999999999978,2.4385229048441395,227.29142857142855,215.00566666666666,0.05517123531172371
META,2023-05-03,239.47,241.75,232.75,237.03,-0.009237585688012029,9.0,3.75829957823527,230.75428571428571,216.168,0.055757421148790905
META,2023-05-04,236.06,238.2,232.926,233.52,-0.014808252119984822,5.274000000000001,2.234177751419131,234.46428571428572,217.29166666666666,0.05465530865728058
META,2023-05-05,232.24,234.68,229.85,232.78,-0.0031688934566632687,4.8300000000000125,2.079745091284883,237.80428571428573,218.24166666666667,0.05518462785898834
META,2023-05-08,231.415,235.62,230.27,233.27,0.002104991837786896,5.349999999999994,2.311863967331415,237.04857142857145,219.15033333333335,0.010865082733982687
META,2023-05-09,231.46,235.88,231.08,233.37,0.0004286877866850336,4.799999999999983,2.0737924479391614,236.05571428571426,220.168,0.010028390547475816
META,2023-05-10,236.17,236.75,230.72,233.08,-0.0012426618674208356,6.030000000000001,2.5532455434644543,234.61285714285717,221.248,0.007414085298135213
META,2023-05-11,233.05,238.21,232.3,235.79,0.011626909215719738,5.909999999999997,2.535936494314523,234.12000000000003,222.26266666666663,0.008434091478077757
META,2023-05-12,236.74,236.96,231.45,233.81,-0.008397302684592156,5.510000000000019,2.327447833065819,233.66000000000003,223.12833333333336,0.008319821898206962
META,2023-05-15,236.92,240.255,235.33,238.86,0.021598734014798282,4.924999999999983,2.0787607631267866,234.42285714285714,224.02566666666664,0.010109068676696602
META,2023-05-16,235.79,239.635,235.52,238.82,-0.00016746211169726966,4.114999999999981,1.7451969973281227,235.28571428571428,224.88400000000001,0.009850360574618808
META,2023-05-17,238.45,243.842,238.14,242.485,0.015346285905703194,5.702000000000027,2.391276997274073,236.60214285714284,225.80949999999999,0.010724005782940419
META,2023-05-18,241.3,247.088,241.19,246.85,0.01800111347093636,5.897999999999996,2.444260256941565,238.52785714285716,226.98850000000002,0.011350420383914832
META,2023-05-19,247.47,248.69,243.41,245.64,-0.004901762203767479,5.280000000000001,2.13359195053946,240.32214285714284,227.97316666666666,0.011922727800155542
META,2023-05-22,245.41,253.57,245.12,248.32,0.010910275199478958,8.449999999999989,3.4432174728006153,242.11214285714283,229.09216666666669,0.011885271317499918
META,2023-05-23,246.81,251.61,246.65,246.74,-0.0063627577319587125,4.960000000000008,2.0096430452574885,243.9592857142857,230.1885,0.011449035895960257
META,2023-05-24,245.28,249.589,244.952,249.21,0.01001053740779767,4.6370000000000005,1.890492498369211,245.43785714285715,231.36216666666667,0.00984207707734143
META,2023-05-25,253.4,255.62,249.17,252.69,0.013964126640182872,6.450000000000017,2.545382794001585,247.4192857142857,232.44016666666667,0.009786754854145709
META,2023-05-26,252.93,262.311,252.71,262.04,0.03700185998654493,9.60099999999997,3.7959119123868144,250.21285714285713,233.79183333333333,0.014656286234009627
META,2023-05-30,265.25,268.65,261.29,262.52,0.0018317814074184646,7.359999999999957,2.7747408105560627,252.45142857142855,235.24716666666666,0.014685770607165359
META,2023-05-31,260.0,265.0,258.45,264.72,0.008380313880847368,6.550000000000011,2.5192307692307736,255.17714285714285,236.8081666666667,0.01340414119439407
META,2023-06-01,265.9,274.0,265.89,272.61,0.02980507706255664,8.110000000000014,3.0500188040616827,258.6471428571429,238.70516666666666,0.01520674154275621
META,2023-06-02,272.66,275.35,271.12,272.61,0.0,4.230000000000018,1.5513826743930235,262.34285714285716,240.68983333333333,0.013959281389080603
META,2023-06-05,270.3,275.57,269.56,271.39,-0.004475257694141921,6.009999999999991,2.2234554199038072,265.5114285714286,242.63983333333334,0.015689709837182098
META,2023-06-06,270.14,276.57,269.69,271.12,-0.000994878219536366,6.8799999999999955,2.546827570889167,268.14428571428573,244.58416666666665,0.01643554281087566
META,2023-06-07,271.67,274.25,262.8,263.6,-0.027736795514901047,11.449999999999989,4.214672212610884,268.3671428571429,246.45250000000001,0.017057010368126
META,2023-06-08,260.62,267.65,258.88,264.58,0.0037177541729891406,8.769999999999982,3.365052566955714,268.6614285714286,248.29183333333333,0.017087705461202078
META,2023-06-09,262.48,267.949,261.7,264.95,0.0013984428150275452,6.249000000000024,2.3807528192624288,268.69428571428574,249.1715,0.016803013835282783
META,2023-06-12,267.17,271.75,265.33,271.05,0.023023211926778808,6.420000000000016,2.402964404686161,268.4714285714286,250.19583333333333,0.014902598345739579
META,2023-06-13,274.88,275.72,269.092,271.32,0.0009961261759823259,6.628000000000043,2.4112339930151494,268.28714285714284,251.13383333333334,0.014915413696419381
META,2023-06-14,271.89,274.99,268.315,273.35,0.007481940144479005,6.675000000000011,2.4550369634778817,268.56714285714287,252.27083333333334,0.015078976725725923
META,2023-06-15,272.3,283.99,271.42,281.83,0.031022498628132222,12.569999999999993,4.616232096951888,270.09714285714284,253.76416666666668,0.018739780919473165
META,2023-06-16,284.75,287.85,280.13,281.0,-0.002945037788737781,7.720000000000027,2.7111501316944784,272.5828571428571,255.34683333333336,0.01275386699324054
META,2023-06-20,278.73,284.8,276.22,284.33,0.011850533807829189,8.579999999999984,3.0782477666558976,275.4042857142857,257.06516666666664,0.012535302477149197
META,2023-06-21,283.53,284.0,278.36,281.64,-0.00946083775894202,5.639999999999986,1.9892074912707602,277.7885714285714,258.6775,0.01437281811847837
META,2023-06-22,279.08,285.26,277.79,284.88,0.011504047720494182,7.46999999999997,2.6766518560985992,279.7642857142857,260.3945,0.0130813877500059
META,2023-06-23,281.51,289.67,278.95,288.73,0.013514462229710755,10.720000000000027,3.808035238535053,282.25142857142856,262.2495,0.012945767824440277
META,2023-06-26,288.28,289.79,277.6,278.47,-0.03553492882623899,12.189999999999998,4.228527820174829,282.98285714285714,263.67216666666667,0.021298922252049206
META,2023-06-27,282.01,289.345,280.655,287.05,0.030811218443638433,8.690000000000055,3.0814510123754673,283.7285714285714,265.4468333333333,0.021252444016313574
META,2023-06-28,284.82,289.55,284.06,285.29,-0.0061313360041804765,5.490000000000009,1.9275331788498031,284.3414285714286,266.9945,0.021429878539703837
META,2023-06-29,284.5,286.57,280.69,281.53,-0.013179571663921141,5.8799999999999955,2.066783831282951,283.9414285714286,268.41816666666665,0.021670188730337953
META,2023-06-30,284.76,289.05,284.415,286.98,0.019358505310268947,4.634999999999991,1.627686472819213,284.70428571428573,269.90133333333335,0.022560940101806235
META,2023-07-03,286.7,289.4,284.85,286.02,-0.003345180848839724,4.5499999999999545,1.5870247645622444,284.8671428571429,271.207,0.02231452699842597
META,2023-07-05,287.65,298.12,286.36,294.37,0.029193762673938917,11.759999999999991,4.088301755605768,285.67285714285714,272.83133333333336,0.024486511310829163
META,2023-07-06,295.885,298.12,291.31,291.99,-0.00808506301593237,6.810000000000002,2.3015698666711737,287.6042857142857,274.28700000000003,0.01882586206011223
META,2023-07-07,292.18,296.2,288.66,290.53,-0.005000171238741191,7.539999999999964,2.580600999383929,288.1014285714285,275.74666666666667,0.015897779347258046
META,2023-07-10,295.55,298.13,287.05,294.1,0.012287887653598784,11.079999999999984,3.7489426492979137,289.36,277.243,0.015884736223524244
META,2023-07-11,293.9,300.18,291.9,298.29,0.014246854811288623,8.28000000000003,2.8172847907451617,291.7542857142857,278.763,0.014089233558307638
META,2023-07-12,301.745,309.45,300.1,309.34,0.03704448690871276,9.349999999999966,3.098642893834186,294.9485714285714,280.3396666666667,0.017547538285766266
META,2023-07-13,313.62,316.24,310.29,313.41,0.013157044029223686,5.949999999999989,1.8972004336458097,298.8614285714285,282.036,0.01638373978558799
META,2023-07-14,311.79,314.88,307.361,308.87,-0.014485817300022408,7.5190000000000055,2.4115590621892955,300.9328571428572,283.5076666666667,0.0175796223249676
META,2023-07-17,307.54,311.71,304.71,310.62,0.005665814096545541,7.0,2.2761266827079405,303.5942857142857,284.77466666666663,0.016334106192482923
META,2023-07-18,310.875,314.2,307.619,312.05,0.004603695834138222,6.58099999999996,2.1169280257338032,306.66857142857145,286.08933333333334,0.01533620305173161
META,2023-07-19,313.03,318.68,310.52,316.01,0.012690273994552026,8.160000000000025,2.6067789029805533,309.79857142857145,287.57666666666665,0.015345384993391496
META,2023-07-20,313.5,315.54,302.22,302.52,-0.04268852251511035,13.319999999999993,4.248803827751194,310.40285714285716,288.6233333333333,0.02501791785862882
META,2023-07-21,304.57,305.46,291.2,294.26,-0.027303979902155162,14.259999999999991,4.68201070361493,308.24857142857144,289.6453333333333,0.021721661138595742
META,2023-07-24,295.78,297.52,288.3,291.61,-0.009005641269625442,9.21999999999997,3.1171816890932353,305.13428571428574,290.5463333333334,0.01984344340256295
META,2023-07-25,295.19,298.3,291.86,294.47,0.009807619766126097,6.439999999999998,2.1816457197059513,303.07714285714286,291.5303333333333,0.021032200982492238
META,2023-07-26,301.19,301.77,291.9,298.57,0.013923319862804151,9.870000000000005,3.277001228460442,301.35571428571427,292.4476666666667,0.02204241722124822
META,2023-07-27,325.12,325.35,309.84,311.71,0.044009779951100114,15.510000000000048,4.7705462598425346,301.3071428571429,293.794,0.028972911430228232
META,2023-07-28,316.875,326.2,314.248,325.48,0.044175676109204254,11.951999999999998,3.771834319526627,302.65999999999997,295.5316666666667,0.03334795486935985
META,2023-07-31,323.69,325.66,317.59,318.6,-0.0211380115521691,8.07000000000005,2.493126139207282,304.9571428571429,296.75733333333335,0.028948196821715788
META,2023-08-01,317.535,324.14,314.66,322.71,0.012900188323917039,9.479999999999961,2.9854976616750784,309.0214285714286,298.1476666666667,0.024468714324078364
META,2023-08-02,318.0,318.39,310.65,314.31,-0.0260295621455795,7.740000000000009,2.433962264150946,312.2642857142857,299.14700000000005,0.027712300003091595
META,2023-08-03,309.93,315.95,309.93,313.19,-0.003563361013012689,6.019999999999982,1.942374084470681,314.9385714285714,300.1986666666666,0.028270827415965333
META,2023-08-04,314.96,318.41,310.2,310.73,-0.00785465691752607,8.210000000000036,2.6066802133604385,316.67571428571426,301.0603333333334,0.02885445202454189
META,2023-08-07,313.23,317.07,310.46,316.56,0.018762269494416284,6.610000000000014,2.1102704083261545,317.36857142857144,301.98800000000006,0.02458371185206466
META,2023-08-08,314.4,317.89,310.11,312.64,-0.01238311852413454,7.779999999999973,2.4745547073791263,315.53428571428566,303.127,0.016582191329313958
META,2023-08-09,312.88,313.63,302.85,305.21,-0.023765353121801502,10.779999999999973,3.445410380976724,313.62142857142857,303.7323333333334,0.01701616277954707
META,2023-08-10,307.94,312.339,303.87,305.74,0.0017365092886865163,8.468999999999994,2.750211080080533,311.19714285714286,304.414,0.015396661330448874
META,2023-08-11,302.57,304.72,300.36,301.64,-0.013410087002027948,4.360000000000014,1.4409888620815063,309.38714285714286,305.08433333333335,0.01349895599119967
META,2023-08-14,300.98,306.21,298.25,306.19,0.015084206338682016,7.9599999999999795,2.6446939996012957,308.38714285714286,305.7246666666667,0.01567456194196937
META,2023-08-15,306.14,307.23,300.03,301.95,-0.013847610960514789,7.2000000000000455,2.351865159730857,307.1328571428571,306.2556666666667,0.016133309000951317
META,2023-08-16,300.195,301.08,294.28,294.29,-0.02536843848319248,6.800000000000011,2.2651942903779245,303.95142857142855,306.253,0.014284044584550997
META,2023-08-17,293.05,296.05,284.95,285.09,-0.03126168065513624,11.100000000000023,3.7877495307968,300.01571428571424,306.023,0.0163764568607379
META,2023-08-18,279.03,285.69,274.38,283.25,-0.006454102213336088,11.310000000000002,4.053327599182885,296.8785714285714,305.7803333333333,0.01577152471112163
META,2023-08-21,283.45,290.5,281.85,289.9,0.023477493380405834,8.649999999999977,3.051684600458627,294.61571428571426,305.6403333333334,0.020123747236152807
META,2023-08-22,292.55,292.9,286.75,287.6,-0.007933770265608708,6.149999999999977,2.1022047513245523,292.61,305.284,0.019956785563157147
META,2023-08-23,288.5,297.4,287.67,294.24,0.02308762169680101,9.729999999999961,3.372616984402067,290.90285714285716,304.78066666666666,0.021571110100677745
META,2023-08-24,298.5,299.46,286.64,286.75,-0.02545541054921152,12.819999999999993,4.294807370184253,288.7314285714286,303.892,0.022736994514905788
META,2023-08-25,286.13,288.386,276.03,285.5,-0.0043591979075849885,12.356000000000051,4.318316848984746,287.4757142857143,303.113,0.021267332091404918
META,2023-08-28,288.0,291.45,285.8,290.26,0.016672504378283604,5.649999999999977,1.9618055555555476,288.2142857142857,302.43433333333337,0.01862803306397741
META,2023-08-29,288.585,299.15,288.18,297.99,0.026631296079377087,10.96999999999997,3.8013063742051636,290.32,301.96566666666666,0.020055240067082033
META,2023-08-30,297.17,298.29,293.43,295.1,-0.009698312023893374,4.860000000000014,1.6354275330618884,291.0628571428571,301.2686666666667,0.01954885875887135
META,2023-08-31,295.8,301.1,295.66,295.89,0.0026770586241950944,5.439999999999998,1.8390804597701143,292.2471428571429,301.04766666666666,0.018989694033162138
META,2023-09-01,299.37,301.74,294.47,296.38,0.0016560208185474323,7.269999999999982,2.4284330427230456,292.55285714285714,301.1183333333333,0.017071988663627052
META,2023-09-05,297.02,301.39,295.51,300.15,0.012720156555772855,5.8799999999999955,1.9796646690458541,294.46714285714285,301.403,0.01268683347051997
META,2023-09-06,301.71,303.3,295.66,299.17,-0.0032650341495917834,7.639999999999986,2.5322329389148477,296.42,301.5596666666667,0.012534932518640657
META,2023-09-07,298.0,307.05,292.22,298.67,-0.0016712905705785763,14.829999999999984,4.976510067114089,297.62142857142857,301.56300000000005,0.012026994959322515
META,2023-09-08,299.22,305.25,296.78,297.89,-0.002611577995781378,8.470000000000027,2.8306931354856046,297.60714285714283,301.1023333333333,0.0069045560613849675
META,2023-09-11,301.41,309.04,301.28,307.56,0.03246164691664721,7.760000000000048,2.5745662055008287,299.38714285714286,300.505,0.012872062984243121
META,2023-09-12,306.33,308.66,300.23,301.66,-0.019183248796982633,8.430000000000007,2.7519341886201176,300.2114285714286,299.9403333333333,0.016066633649910615
META,2023-09-13,302.36,307.18,301.321,305.06,0.011270967314194635,5.8589999999999804,1.9377563169731378,301.45142857142855,299.35200000000003,0.016353747087714476
META,2023-09-14,306.74,312.87,305.03,311.72,0.021831770799187078,7.840000000000032,2.5559105431310005,303.1042857142857,299.2656666666666,0.017465485215953862
META,2023-09-15,311.61,312.0,298.75,300.31,-0.036603361991530914,13.25,4.252110009306505,303.26714285714286,298.83633333333336,0.023701345634601387
META,2023-09-18,298.19,303.6,297.8,302.55,0.007458959075621996,5.800000000000011,1.9450685804352967,303.82142857142856,298.56366666666673,0.023794686178432566
META,2023-09-19,302.48,306.17,299.81,305.07,0.008329201784828877,6.360000000000014,2.102618354932562,304.8471428571429,298.1806666666667,0.023793768073459325
META,2023-09-20,305.05,308.06,299.43,299.67,-0.017700855541351146,8.629999999999995,2.8290444189477117,303.71999999999997,297.74833333333333,0.021068810755887665
META,2023-09-21,295.7,300.257,293.27,295.73,-0.013147795908833082,6.987000000000023,2.36286777138993,302.8728571428572,297.4323333333333,0.02043464012488811
META,2023-09-22,299.3,305.38,298.27,299.08,0.011327900449734418,7.110000000000014,2.375542933511531,302.0185714285714,297.2103333333333,0.020441115388525524
META,2023-09-25,295.64,300.95,293.7,300.83,0.005851277250234155,7.25,2.4523068596942226,300.46285714285716,297.18333333333334,0.01799850315169244
META,2023-09-26,297.66,300.3,296.01,298.96,-0.00621613535884058,4.2900000000000205,1.441241685144131,300.27000000000004,296.94233333333335,0.011618929738224591
META,2023-09-27,300.45,301.3,286.79,297.74,-0.004080813486753931,14.509999999999991,4.829422532867363,299.5828571428571,296.802,0.011094148363210913
META,2023-09-28,298.935,306.33,296.7,303.96,0.02089071001544962,9.629999999999995,3.221436098148425,299.4242857142857,297.1243333333333,0.013778650822802576
META,2023-09-29,307.38,310.64,299.36,300.21,-0.012337149624950694,11.279999999999973,3.669724770642193,299.50142857142856,297.62833333333333,0.012771034086707852
META,2023-10-02,302.74,307.18,301.63,306.82,0.022017920788781176,5.550000000000011,1.8332562594966013,301.0857142857143,298.414,0.013483760689090293
META,2023-10-03,304.26,306.77,299.64,300.94,-0.01916433087803926,7.1299999999999955,2.3433905212647064,301.3514285714286,298.782,0.015933691208977023
META,2023-10-04,298.725,306.9,298.5,305.58,0.015418355818435536,8.399999999999977,2.811950790861152,302.03000000000003,299.3813333333333,0.016806144275950438
META,2023-10-05,304.625,306.208,299.5,304.79,-0.002585247725636397,6.708000000000027,2.202051702913427,302.86285714285714,299.733,0.016551395095441967
META,2023-10-06,301.44,316.31,300.915,315.43,0.03490928180058406,15.394999999999982,5.10715233545647,305.39,300.689,0.020016430201803704
META,2023-10-09,312.5,320.33,311.82,318.36,0.009288907206036257,8.509999999999991,2.723199999999997,307.44714285714286,301.78433333333334,0.019281454867990093
META,2023-10-10,319.12,324.66,318.16,321.84,0.010931021485111048,6.5,2.036851341188268,310.53714285714284,302.83699999999993,0.01734207469602481
META,2023-10-11,323.005,328.835,322.95,327.82,0.01858066119811097,5.884999999999991,1.821953220538379,313.53714285714284,303.83133333333336,0.01699409758227833
META,2023-10-12,328.0,330.54,322.69,324.16,-0.011164663534866559,7.850000000000023,2.393292682926836,316.8542857142857,304.8,0.014871842614467527
META,2023-10-13,323.53,325.05,312.37,314.69,-0.029213968410661484,12.680000000000007,3.919265601335273,318.1557142857143,305.4266666666666,0.02089423355725913
META,2023-10-16,318.64,321.82,315.52,321.15,0.020528138803266538,6.300000000000011,1.977152899824257,320.49285714285713,306.2523333333334,0.02142730125211104
META,2023-10-17,318.18,324.4,317.3,324.0,0.008874357776739838,7.099999999999966,2.231441322521832,321.71714285714285,307.0473333333333,0.017882376476411794
META,2023-10-18,321.39,325.94,315.56,316.97,-0.021697530864197456,10.379999999999995,3.229720899841313,321.5185714285714,307.6406666666666,0.020051380301550785
META,2023-10-19,319.875,321.89,311.75,312.81,-0.013124270435687979,10.139999999999986,3.1699882766705705,320.2285714285714,308.11199999999997,0.019835611641634315
META,2023-10-20,314.14,315.3,306.47,308.65,-0.013298807582877825,8.829999999999984,2.8108486661997785,317.48999999999995,308.47066666666666,0.017316822702486283
META,2023-10-23,309.5,317.36,307.26,314.01,0.017365948485339455,10.100000000000023,3.263327948303723,316.04,308.68566666666663,0.019755204596568644
META,2023-10-24,316.78,318.35,310.63,312.55,-0.004649533454348487,7.720000000000027,2.4370225393017324,315.7342857142857,309.0486666666667,0.01652319013210163
META,2023-10-25,310.0,310.88,298.84,299.53,-0.04165733482642786,12.04000000000002,3.8838709677419416,312.6457142857143,308.86433333333326,0.019548899396219788
META,2023-10-26,295.0,295.0,279.403,288.35,-0.0373251427236001,15.59699999999998,5.28711864406779,307.55285714285714,308.0853333333333,0.020009974711570018
META,2023-10-27,294.48,299.31,292.97,296.73,0.02906190393618857,6.339999999999975,2.1529475685954815,304.6614285714286,307.966,0.02603538203997246
META,2023-10-30,299.09,309.397,299.05,302.66,0.01998449769150401,10.34699999999998,3.459493797853482,303.2114285714286,307.9696666666667,0.02810537611202674
META,2023-10-31,303.31,303.68,296.86,301.27,-0.004592612172074406,6.819999999999993,2.2485246117833215,302.15714285714284,307.84299999999996,0.027835207781740492
META,2023-11-01,301.85,312.74,301.85,311.85,0.035118000464699595,10.889999999999986,3.6077521947987363,301.84857142857146,308.24899999999997,0.030676004141773322
META,2023-11-02,317.3,318.82,308.33,310.87,-0.003142536475869817,10.490000000000009,3.3060195398676355,301.60857142857145,308.7536666666667,0.03064795950851243
META,2023-11-03,312.55,315.55,311.017,314.6,0.01199858461736425,4.5330000000000155,1.4503279475284003,303.76142857142855,309.27099999999996,0.02473957338039374
META,2023-11-06,315.98,318.33,314.45,315.8,0.00381436745073116,3.8799999999999955,1.227925818089751,307.6828571428572,309.77000000000004,0.015552136168415704
META,2023-11-07,317.06,321.0,315.12,318.82,0.009563014566181138,5.8799999999999955,1.854538573140729,310.8385714285714,310.43199999999996,0.013890326198321123
META,2023-11-08,318.14,321.33,314.88,319.78,0.0030111034439495032,6.449999999999989,2.0274093166530425,313.28428571428566,311.1666666666667,0.013409876270372895
META,2023-11-09,319.418,324.18,318.8,320.55,0.0024079054349865903,5.3799999999999955,1.6843133448960281,316.0385714285714,311.7196666666667,0.012550600814379411
META,2023-11-10,319.94,329.1,319.46,328.77,0.025643425362657846,9.640000000000043,3.0130649496780784,318.4557142857143,312.6716666666667,0.009367619584628305
META,2023-11-13,326.2,332.33,325.7,329.19,0.001277488821972872,6.6299999999999955,2.0324954015941126,321.0728571428572,313.4173333333334,0.008642663823403427
META,2023-11-14,334.54,338.1,333.33,336.31,0.021628846562775417,4.770000000000039,1.425838464757589,324.17428571428576,314.59633333333335,0.009999670676330865
META,2023-11-15,337.93,338.4,330.02,332.71,-0.010704409622074973,8.379999999999995,2.4798035096025792,326.59000000000003,315.5006666666667,0.012578080815430081
META,2023-11-16,329.37,334.58,326.38,334.19,0.004448318355324554,8.199999999999989,2.489601360172447,328.7857142857143,316.48066666666665,0.012589987293310715
META,2023-11-17,330.26,335.5,329.35,335.04,0.0025434632993208695,6.149999999999977,1.8621692000242167,330.96571428571434,317.1343333333333,0.012614758961390068
META,2023-11-20,334.89,341.87,334.19,339.97,0.014714660936007595,7.680000000000007,2.2932903341395705,333.74000000000007,317.8546666666667,0.012765550927019498
META,2023-11-21,338.33,339.901,335.9,336.98,-0.0087948936670883,4.001000000000033,1.1825732273224465,334.9128571428572,318.3593333333334,0.011647985678837458
META,2023-11-22,339.21,342.92,338.58,341.49,0.013383583595465653,4.340000000000032,1.27944341263525,336.67,318.81499999999994,0.012136311651344331
META,2023-11-24,340.13,341.856,336.77,338.23,-0.009546399601745303,5.086000000000013,1.495310616528978,336.94428571428574,319.284,0.010799285954846527
META,2023-11-27,336.18,339.9,334.2,334.7,-0.010436685095940756,5.699999999999989,1.6955202570051724,337.2285714285714,319.951,0.010751859428435996
META,2023-11-28,333.4,339.375,333.4,338.99,0.012817448461308611,5.975000000000023,1.79214157168567,337.9142857142857,320.54566666666665,0.011640554431171282
META,2023-11-29,339.69,339.9,330.78,332.2,-0.02003008938316775,9.120000000000005,2.6848008478318484,337.50857142857143,320.819,0.014315741956047179
META,2023-11-30,331.89,333.5,322.404,327.15,-0.015201685731487058,11.096000000000004,3.343276386754649,335.6771428571428,321.15833333333336,0.01322180722786089
META,2023-12-01,325.48,326.86,320.76,324.82,-0.007122115237658488,6.100000000000023,1.8741550940150002,333.94,321.5586666666667,0.013165244163433107
META,2023-12-04,317.29,320.86,313.66,320.02,-0.014777415183794163,7.199999999999989,2.2692174351539562,330.8728571428572,321.9376666666667,0.010607796936345571
META,2023-12-05,318.98,321.88,315.39,318.29,-0.005405912130491686,6.490000000000009,2.0346103203962658,328.0242857142857,322.08033333333333,0.010699347617893668
META,2023-12-06,321.93,322.25,317.04,317.45,-0.0026391027050803872,5.2099999999999795,1.6183642406734318,325.56,322.2436666666666,0.010879890202396506
META,2023-12-07,317.77,328.24,317.77,326.59,0.02879193573791139,10.470000000000027,3.294835887591663,323.7885714285714,323.14566666666667,0.01621439140758634
META,2023-12-08,323.09,333.17,323.0,332.75,0.01886156955203777,10.170000000000016,3.1477297347488364,323.8671428571429,324.6256666666667,0.01693228096454003
META,2023-12-11,329.4,329.89,319.995,325.28,-0.022449286250939227,9.894999999999982,3.003946569520335,323.59999999999997,325.5773333333334,0.0182152866102065
META,2023-12-12,324.6,334.47,324.56,334.22,0.027484013772749893,9.910000000000025,3.0529882932840495,324.9428571428571,326.6293333333333,0.02070109837993262
META,2023-12-13,333.93,338.37,332.64,334.74,0.0015558614086528255,5.730000000000018,1.7159284880064736,327.0457142857143,327.745,0.01905158541745813
META,2023-12-14,333.85,334.7,328.637,333.17,-0.004690207325088069,6.062999999999988,1.8160850681443728,329.17142857142863,328.4556666666667,0.01897819498323018
META,2023-12-15,331.99,338.66,331.22,334.92,0.005252573761142854,7.439999999999998,2.241031356366155,331.6671428571429,329.2573333333333,0.018560609008782297
META,2023-12-18,337.48,347.56,337.02,344.62,0.02896214021258814,10.54000000000002,3.1231480384022814,334.24285714285713,330.25800000000004,0.018592730991591925
META,2023-12-19,345.58,353.6,345.12,350.36,0.016656026928210776,8.480000000000018,2.4538457086637013,336.75857142857143,331.40999999999997,0.018392712356106383
META,2023-12-20,348.65,354.96,347.79,349.28,-0.0030825436693687758,7.169999999999959,2.0565036569625583,340.18714285714293,332.42533333333336,0.014081311149877665
META,2023-12-21,352.98,356.405,349.21,354.09,0.013771186440677985,7.194999999999993,2.03835911383081,343.0257142857143,333.569,0.012108839823456959
META,2023-12-22,355.58,357.2,351.22,353.39,-0.001976898528622595,5.979999999999961,1.68175937904268,345.69,334.66366666666664,0.012506134601999905
META,2023-12-26,354.99,356.98,353.45,354.83,0.0040748181895355895,3.5300000000000296,0.9943942082875656,348.78428571428566,335.5323333333333,0.01143521659363272
META,2023-12-27,356.07,359.0,355.31,357.83,0.008454752980300517,3.6899999999999977,1.036313084505855,352.0571428571429,336.48699999999997,0.01131940030507015
META,2023-12-28,359.7,361.9,357.81,358.32,0.0013693653410837836,4.089999999999975,1.1370586599944328,354.0142857142857,337.22066666666666,0.007639517908195057
META,2023-12-29,358.99,360.0,351.82,353.96,-0.012167894619334763,8.180000000000007,2.278615003203434,354.5285714285714,337.92900000000003,0.008421171388778183
META,2024-01-02,351.32,353.16,340.01,346.29,-0.021669115154254626,13.150000000000034,3.7430263008083893,354.1014285714286,338.33233333333334,0.012190499064511688
META,2024-01-03,344.98,347.95,343.175,344.47,-0.005255710531635316,4.774999999999977,1.3841382109107707,352.7271428571429,338.6466666666667,0.010276488323399488
META,2024-01-04,344.5,348.15,343.399,347.12,0.0076929776177896425,4.750999999999976,1.3791001451378742,351.8314285714286,338.885,0.01118496558297008
META,2024-01-05,346.99,353.5,346.26,351.95,0.013914496427748224,7.240000000000009,2.086515461540681,351.41999999999996,339.384,0.012668853748215879
META,2024-01-08,354.7,358.98,352.05,358.66,0.01906520812615442,6.930000000000007,1.9537637440090239,351.5385714285714,339.95633333333336,0.014503680537148999
META,2024-01-09,356.4,360.64,355.36,357.43,-0.0034294317738248203,5.279999999999973,1.4814814814814738,351.4114285714286,340.5963333333333,0.014564685226365847
META,2024-01-10,360.17,372.94,359.08,370.47,0.03648266793498034,13.860000000000014,3.8481828025654585,353.77000000000004,341.78866666666664,0.018900133791733408
META,2024-01-11,372.13,372.78,362.93,369.67,-0.0021594191162577214,9.849999999999966,2.6469244618815915,357.11000000000007,342.8113333333333,0.015072872005610229
META,2024-01-12,370.155,377.06,369.54,374.49,0.0130386560986826,7.519999999999982,2.031581364563489,361.3985714285714,344.22099999999995,0.013608312033342559
META,2024-01-16,373.65,375.61,367.23,367.46,-0.01877219685438869,8.379999999999995,2.242740532583968,364.30428571428575,345.5646666666667,0.018000058064018158
META,2024-01-17,366.3,368.54,358.61,368.37,0.0024764600228597278,9.930000000000007,2.7108927108927126,366.65000000000003,347.0163333333333,0.017925049681084233
META,2024-01-18,371.49,376.85,370.95,376.13,0.021065776257567004,5.900000000000034,1.5881988748014844,369.1457142857143,348.88666666666666,0.018169860783667238
META,2024-01-19,379.0,384.36,377.97,383.45,0.019461356445909628,6.389999999999986,1.686015831134561,372.86285714285714,351.0586666666667,0.018048386735287275
META,2024-01-22,387.95,390.353,381.16,381.78,-0.004355196244621218,9.192999999999984,2.3696352622760624,374.4785714285714,353.20300000000003,0.01437329007381805
META,2024-01-23,384.615,388.38,382.075,385.2,0.008958038661009082,6.305000000000007,1.639301639301641,376.69714285714286,355.1566666666667,0.014140858391280372
META,2024-01-24,390.0,396.15,387.81,390.7,0.0142782969885773,8.339999999999975,2.138461538461532,379.0128571428572,357.0883333333333,0.014251293896443319
META,2024-01-25,390.17,395.49,385.66,393.18,0.006347581264397384,9.829999999999984,2.519414614142549,382.6871428571429,359.35166666666663,0.00919172876533358
META,2024-01-26,394.35,396.79,391.591,394.14,0.002441629787883315,5.199000000000012,1.3183720045644762,386.36857142857144,361.349,0.00919632905218551
META,2024-01-29,394.985,402.93,393.1,401.02,0.017455726391637505,9.829999999999984,2.4887021026114873,389.9242857142857,363.55833333333334,0.008532782732948458
META,2024-01-30,403.59,406.36,399.57,400.06,-0.0023938955663058703,6.7900000000000205,1.6824004559082288,392.29714285714283,365.78799999999995,0.008153809539629488
META,2024-01-31,389.0,398.0,387.1,390.14,-0.024796280557916384,10.899999999999977,2.802056555269917,393.4914285714285,367.6286666666667,0.014051533130787943
META,2024-02-01,393.94,400.5,393.05,394.78,0.011893166555595469,7.449999999999989,1.8911509366908639,394.86,369.30066666666664,0.014294231071906995
META,2024-02-02,459.6,485.96,453.01,474.99,0.20317645270783746,32.94999999999999,7.169277632724105,406.9014285714285,373.455,0.07729140468636697
META,2024-02-05,469.88,471.9,459.22,459.41,-0.03280069054085344,12.67999999999995,2.698561334808877,416.36285714285714,377.126,0.0806798697843838
META,2024-02-06,464.0,467.12,453.0,454.72,-0.010208746000304747,14.120000000000005,3.043103448275863,425.01714285714286,380.4803333333333,0.08140769414005139
META,2024-02-07,458.0,471.52,456.177,469.59,0.032701442646023704,15.342999999999961,3.349999999999991,434.8128571428571,384.3536666666667,0.08143266714831478
META,2024-02-08,468.32,470.59,465.03,470.0,0.0008731020677612555,5.560000000000002,1.1872224120259658,444.80428571428575,388.1926666666667,0.0812562124261331
META,2024-02-09,472.95,473.59,467.465,468.11,-0.004021276595744694,6.125,1.2950629030552911,455.9428571428571,391.8686666666666,0.07945825389271781
META,2024-02-12,468.19,479.145,466.58,468.9,0.0016876375210954642,12.564999999999998,2.6837395074649177,466.5314285714286,395.5546666666667,0.07991253979434058
META,2024-02-13,456.87,467.89,455.09,460.12,-0.018724674770740024,12.800000000000011,2.801672248123101,464.4071428571429,399.0933333333333,0.02035947375020122
META,2024-02-14,467.93,474.11,466.09,473.28,0.028601234460575498,8.020000000000039,1.7139315709614769,466.3885714285714,403.32633333333337,0.019259411458657553
META,2024-02-15,475.28,488.62,472.22,484.03,0.022713826910074397,16.399999999999977,3.4505975425012574,470.5757142857143,407.9783333333333,0.01911223628020052
META,2024-02-16,478.11,478.96,469.21,473.32,-0.02212672768216839,9.75,2.0392796636757233,471.1085714285714,412.18500000000006,0.019071600632479518
META,2024-02-20,469.715,476.18,466.56,471.75,-0.003316994844925203,9.620000000000005,2.0480504135486424,471.3585714285714,416.17833333333334,0.019152310538426615
META,2024-02-21,466.5,469.0,461.79,468.03,-0.007885532591415001,7.2099999999999795,1.5455519828510138,471.34714285714284,419.82399999999996,0.01936516491690938
META,2024-02-22,480.24,489.99,476.062,486.13,0.03867273465376164,13.927999999999997,2.900216558387472,473.8085714285714,424.114,0.024280823157148055
META,2024-02-23,488.05,494.36,482.348,484.03,-0.00431983214366527,12.012,2.4612232353242494,477.22428571428566,427.89933333333335,0.022433723535669407
META,2024-02-26,483.47,486.14,480.6,481.74,-0.004731111707951929,5.539999999999964,1.1458828882867527,478.4328571428572,431.635,0.020670884874894803
META,2024-02-27,479.975,487.27,479.92,487.05,0.0110225432806077,7.349999999999966,1.5313297567581574,478.8642857142857,435.387,0.01920613205312261
META,2024-02-28,485.0,491.05,482.75,484.02,-0.00622112719433332,8.300000000000011,1.7113402061855694,480.39285714285717,439.27233333333334,0.016797713988552492
META,2024-02-29,488.44,491.7,482.61,490.13,0.012623445312177184,9.089999999999975,1.8610269429203126,483.0185714285714,443.331,0.016828903200078973
META,2024-03-01,492.11,504.25,491.85,502.3,0.02483014710382969,12.399999999999977,2.5197618418646193,487.9142857142857,447.53666666666663,0.01700329405058603
META,2024-03-04,503.0,504.42,496.42,498.19,-0.008182361138761696,8.0,1.5904572564612325,489.63714285714286,451.36133333333333,0.012613756085939634
META,2024-03-05,495.0,495.58,487.89,490.22,-0.015997912443043716,7.689999999999998,1.553535353535353,490.5214285714286,454.97599999999994,0.014467884405118848
META,2024-03-06,497.63,502.97,494.292,496.09,0.011974215658275833,8.678000000000054,1.7438659244820558,492.57142857142856,458.67233333333326,0.014568008273785115
META,2024-03-07,503.28,519.85,501.38,512.19,0.03245378862706372,18.470000000000027,3.6699252900969697,496.1628571428572,462.722,0.018053175912564737
META,2024-03-08,514.19,523.57,499.35,505.95,-0.012182978972646974,24.220000000000027,4.710321087535741,499.2957142857143,466.481,0.01892017664044833
META,2024-03-11,497.01,497.318,476.0,483.59,-0.044194090325131,21.317999999999984,4.289249713285444,498.3614285714285,469.4626666666667,0.02651840384965128
META,2024-03-12,493.26,502.31,484.73,499.75,0.033416737318803236,17.579999999999984,3.5640433037343358,497.9971428571428,472.7536666666667,0.028097106109376
META,2024-03-13,495.39,500.98,491.032,495.57,-0.008364182091045502,9.948000000000036,2.0081148186277553,497.6228571428572,475.93733333333336,0.028105595822964374
META,2024-03-14,500.255,501.35,488.16,491.83,-0.007546865225901533,13.189999999999998,2.6366553057940445,497.8528571428571,479.327,0.0274995606457798
META,2024-03-15,489.01,491.83,481.3,484.1,-0.015716812719842155,10.529999999999973,2.153330197746462,496.13999999999993,482.3043333333334,0.027614645828512578
META,2024-03-18,491.91,497.42,486.81,496.98,0.02660607312538721,10.610000000000014,2.156898619666202,493.9671428571429,483.0373333333334,0.026420257311901535
META,2024-03-19,488.17,496.63,481.28,496.24,-0.0014889935208660665,15.350000000000023,3.144396419280173,492.58,484.26500000000004,0.02617610876586596
META,2024-03-20,499.5,508.2,495.17,505.52,0.018700628728034685,13.029999999999973,2.6086086086086033,495.71285714285716,485.9583333333333,0.019379059831254285
META,2024-03-21,514.71,515.04,506.01,507.76,0.004431080867225878,9.029999999999973,1.7543859649122755,496.85714285714283,487.23066666666665,0.015350983135201304
META,2024-03-22,507.0,509.97,504.34,509.58,0.003584370568772588,5.630000000000052,1.1104536489151977,498.85857142857145,488.55,0.014604035549574573
META,2024-03-25,505.79,507.22,500.241,503.02,-0.012873346677656161,6.979000000000042,1.3798216651179425,500.4571428571429,489.71366666666665,0.015426494885491016
META,2024-03-26,505.13,510.0,495.214,495.89,-0.01417438670430593,14.786000000000001,2.9271672638726667,502.1414285714286,490.61333333333334,0.015117167965657138
META,2024-03-27,499.3,499.89,488.07,493.86,-0.004093649801367172,11.819999999999993,2.367314239935909,501.69571428571436,491.738,0.011275416342306785
META,2024-03-28,492.84,492.89,485.15,485.58,-0.01676588506864296,7.740000000000009,1.570489408327248,500.17285714285714,492.14799999999997,0.012796695657077133
META,2024-04-01,487.2,497.43,481.78,491.35,0.01188269698093003,15.650000000000034,3.212233169129728,498.1485714285714,492.392,0.011000733846447966
META,2024-04-02,485.1,497.53,484.65,497.37,0.012251958888775727,12.879999999999995,2.655122655122654,496.66428571428565,493.1936666666667,0.012318159181306689
META,2024-04-03,498.93,507.24,498.75,506.74,0.01883909363250691,8.490000000000009,1.7016415128374742,496.25857142857143,494.35999999999996,0.014760490677560615
META,2024-04-04,516.42,530.0,510.58,510.92,0.00824880609385481,19.420000000000016,3.760505015297629,497.38714285714286,495.7896666666667,0.01399756232058108
META,2024-04-05,516.855,530.7,514.41,527.34,0.03213810381272997,16.290000000000077,3.151754360507314,501.88,497.1633333333333,0.015742289260746483
META,2024-04-08,529.28,531.49,518.89,519.25,-0.015341146129631777,12.600000000000023,2.380592503022979,505.50714285714287,498.33733333333333,0.017740209858163405
META,2024-04-09,522.23,525.87,506.74,516.9,-0.00452575830524804,19.129999999999995,3.6631369320031393,509.9814285714286,499.50933333333336,0.01542201774123693
META,2024-04-10,509.29,522.56,505.8,519.83,0.005668407815825338,16.759999999999934,3.290855897425815,514.0500000000001,500.602,0.015412015060605102
META,2024-04-11,521.11,523.86,517.29,523.16,0.006405940403593435,6.57000000000005,1.260770278827896,517.7342857142858,501.90666666666664,0.015312837344182697
META,2024-04-12,517.75,520.19,509.33,511.9,-0.021523052221117833,10.86000000000007,2.097537421535504,518.4714285714286,502.6323333333333,0.017680648258772174
META,2024-04-15,516.72,518.53,497.28,500.23,-0.022797421371361537,21.25,4.112478711874902,516.9442857142857,502.5633333333334,0.01952700019747332
META,2024-04-16,498.11,504.77,497.11,499.76,-0.0009395677988125462,7.659999999999968,1.537812932886304,513.0042857142856,502.6156666666667,0.012320474629844102
META,2024-04-17,503.1,503.16,487.14,494.17,-0.011185368977108978,16.02000000000004,3.1842576028622616,509.4214285714285,502.7473333333333,0.01197950934956861
META,2024-04-18,499.82,512.21,499.04,501.8,0.01544003075864575,13.170000000000016,2.6349485814893394,507.2642857142858,502.9376666666667,0.014724972279969304
META,2024-04-19,502.8,502.8,475.73,481.06,-0.04133120765245124,27.069999999999993,5.38385043754972,501.72571428571433,501.9,0.019463732182588477
META,2024-04-22,489.715,492.01,473.4,481.73,0.0013927576601671099,18.610000000000014,3.800169486333891,495.8071428571429,501.0926666666666,0.018804149777448848
META,2024-04-23,491.25,498.76,488.97,496.1,0.029829987752475473,9.789999999999964,1.9928753180661503,493.55,501.50966666666665,0.023661012496159147
META,2024-04-24,508.06,510.0,484.58,493.5,-0.005240878855069631,25.420000000000016,5.003346061488804,492.5885714285714,501.3013333333333,0.02225310570921563
META,2024-04-25,421.4,445.77,414.5,441.38,-0.105612968591692,31.269999999999982,7.420503084954909,484.24857142857144,499.495,0.04509120187368708
META,2024-04-26,441.46,446.44,431.96,443.29,0.004327336988535935,14.480000000000018,3.2800253703619853,476.98,497.877,0.04578174017334553
META,2024-04-29,439.56,439.76,428.56,432.62,-0.024070021881838155,11.199999999999989,2.5480025480025454,467.0971428571429,496.161,0.04387752581196139
META,2024-04-30,431.05,439.62,429.72,430.17,-0.005663168600619439,9.899999999999977,2.2967173181765403,459.82714285714286,493.934,0.04306465740719953
META,2024-05-01,428.6,449.96,427.11,439.19,0.020968454332008335,22.849999999999966,5.331311245916931,453.75,492.0323333333333,0.04490333732498695
META,2024-05-02,438.84,443.96,432.28,441.68,0.005669527994717649,11.680000000000007,2.6615623006107025,445.9757142857143,489.9043333333333,0.041965950127597726
META,2024-05-03,445.93,454.17,443.85,451.96,0.023274769063575285,10.319999999999993,2.3142645706725253,440.0414285714286,488.0443333333333,0.04445607347212424
META,2024-05-06,455.58,466.16,453.34,465.68,0.03035666873174625,12.82000000000005,2.81399534659117,443.5128571428571,486.581,0.018864532639777186
META,2024-05-07,466.29,471.53,461.31,468.24,0.00549733722728063,10.21999999999997,2.191769070749956,447.07714285714286,485.42166666666674,0.01883340451590294
META,2024-05-08,463.5,475.58,463.002,472.6,0.009311464206389841,12.577999999999975,2.7137001078748595,452.7885714285714,484.6453333333333,0.012529346583966627
META,2024-05-09,470.0,476.08,467.63,475.42,0.005966991112992037,8.449999999999989,1.7978723404255295,459.2528571428571,484.0306666666667,0.010238816554790274
META,2024-05-10,477.09,477.5,469.6,476.2,0.0016406545791090021,7.899999999999977,1.6558720576830321,464.53999999999996,483.718,0.010775313970482482
META,2024-05-13,472.75,473.35,462.85,468.01,-0.017198656026879422,10.5,2.22104706504495,468.3014285714286,482.94,0.015381316597285985
META,2024-05-14,463.37,472.54,460.08,471.85,0.008204952885622063,12.460000000000036,2.688995834861997,471.14285714285717,482.08933333333334,0.013940695149949101
META,2024-05-15,474.98,482.5,471.2,481.54,0.02053618734767415,11.300000000000011,2.379047538843743,473.40857142857146,481.2493333333333,0.011367546489128733
META,2024-05-16,475.0,477.69,472.75,473.23,-0.0172571333637912,4.939999999999998,1.0399999999999996,474.12142857142857,479.99300000000005,0.01408145637912871
META,2024-05-17,470.83,472.8,468.42,471.91,-0.002789341335080131,4.3799999999999955,0.9302720727226379,474.02285714285716,478.1453333333333,0.013715083198731944
META,2024-05-20,469.95,473.2,467.04,468.84,-0.006505477739399579,6.159999999999968,1.3107777423130054,473.0828571428571,476.46500000000003,0.013600979796173146
META,2024-05-21,467.12,470.7,462.27,464.63,-0.008979609248357612,8.430000000000007,1.804675458126393,471.43,474.72266666666667,0.013730640174472421
META,2024-05-22,467.87,473.72,465.65,467.78,0.006779588059316,8.07000000000005,1.7248380960523328,471.3971428571428,472.9876666666667,0.012672560514830778
META,2024-05-23,472.88,474.358,461.54,465.78,-0.004275514130574254,12.817999999999984,2.710624259854505,470.53000000000003,471.075,0.012194473861713429
META,2024-05-24,467.62,479.85,466.3,478.22,0.026707887844046763,13.550000000000011,2.8976519396090867,470.0557142857143,469.9523333333334,0.014144448107477786
META,2024-05-28,476.575,480.86,474.84,479.92,0.003554849232570767,6.020000000000039,1.2631799821644105,471.01142857142855,469.2753333333333,0.012185523818102012
META,2024-05-29,474.66,479.85,473.7,474.36,-0.011585264210701829,6.150000000000034,1.2956642649475485,471.3614285714285,468.42866666666663,0.013182869985259393
META,2024-05-30,471.67,471.73,464.71,467.05,-0.015410236950838985,7.020000000000039,1.4883287043907898,471.1057142857143,467.52466666666675,0.014381977949545833
META,2024-05-31,465.8,469.12,454.46,466.83,-0.0004710416443636234,14.660000000000025,3.147273507943329,471.42,466.35900000000004,0.013893004403601928
META,2024-06-03,470.86,479.6,468.24,477.49,0.022834864940128208,11.360000000000014,2.4126067196194225,472.8071428571428,466.24,0.016188594774472344
META,2024-06-04,477.0,478.89,473.232,476.99,-0.0010471423485308717,5.657999999999959,1.18616352201257,474.40857142857146,466.08200000000005,0.015989856138555043
META,2024-06-05,484.45,496.65,483.91,495.06,0.03788339378184036,12.739999999999952,2.6297863556610492,476.81428571428575,466.0473333333333,0.018971711635890332
META,2024-06-06,492.98,502.82,490.89,493.76,-0.002625944329980201,11.930000000000007,2.419976469633658,478.7914285714286,466.056,0.01919854707172166
META,2024-06-07,495.91,498.91,490.17,492.96,-0.0016202203499676715,8.740000000000009,1.7624165675223342,481.4485714285714,467.7753333333333,0.018172832550041696
META,2024-06-10,493.86,502.66,493.41,502.6,0.01955533917559249,9.25,1.8730004454703761,486.52714285714285,469.7523333333333,0.016107675244807013
META,2024-06-11,500.16,507.6,498.27,507.47,0.009689614007162728,9.330000000000041,1.8654030710172824,492.3328571428571,472.24733333333336,0.015380495594830717
META,2024-06-12,513.99,514.01,504.47,508.74,0.0025026109917827277,9.539999999999964,1.856067238662224,496.7971428571429,474.86633333333333,0.014927593958694729
META,2024-06-13,505.71,509.33,501.36,504.0,-0.009317136454770614,7.96999999999997,1.5760020565145976,500.6557142857143,477.0266666666667,0.016150134480051648
META,2024-06-14,502.65,507.15,500.75,504.16,0.0003174603174602719,6.399999999999977,1.2732517656420925,501.9557142857143,479.1093333333334,0.009399392846453039
META,2024-06-17,501.67,510.75,496.01,506.63,0.004899238337035872,14.740000000000009,2.938186457232844,503.79428571428576,480.9316666666666,0.009122582139742015
META,2024-06-18,504.56,506.0,495.02,499.49,-0.014093125160373421,10.980000000000018,2.1761534802600324,504.7271428571429,482.0586666666667,0.011297839588634992
META,2024-06-20,502.0,503.67,496.77,501.64,0.0043043904782877895,6.900000000000034,1.3745019920318793,504.59000000000003,483.17199999999997,0.008443899265046515
META,2024-06-21,503.45,503.45,492.39,494.64,-0.01395423012518937,11.060000000000002,2.1968417916377003,502.75714285714287,483.90666666666664,0.008537206529888746
META,2024-06-24,499.2,507.8,494.29,498.725,0.00825853145722144,13.509999999999991,2.7063301282051264,501.32642857142855,484.6835,0.009453261097860792
META,2024-06-25,497.05,510.71,495.5,510.58,0.023770615068424483,15.20999999999998,3.060054320490892,502.26642857142855,485.8295,0.013185639075518717
META,2024-06-26,506.645,513.81,504.677,513.11,0.004955149046182772,9.132999999999925,1.802642876175611,503.545,487.3328333333333,0.01320766538524848
META,2024-06-27,514.25,522.88,513.9,519.56,0.012570404006937874,8.980000000000018,1.7462323772484234,505.39214285714286,488.92316666666665,0.013738635205249464
META,2024-06-28,517.15,521.88,503.84,504.22,-0.029524982677650136,18.04000000000002,3.488349608430827,506.0678571428572,489.6791666666667,0.017726605551657997
META,2024-07-01,504.95,506.58,493.17,504.68,0.0009123001864266289,13.409999999999968,2.6557084859887055,506.5021428571428,490.72749999999996,0.017682929048605318
META,2024-07-02,500.76,510.5,499.45,509.5,0.00955060632479987,11.050000000000011,2.2066458982346857,508.625,491.98049999999995,0.016566816397152705
META,2024-07-03,506.37,511.28,506.02,509.96,0.0009028459273796585,5.259999999999991,1.0387661196358375,510.23,493.35116666666664,0.016511222549347615
META,2024-07-05,511.6,540.87,511.6,540.0,0.05890658090830647,29.269999999999982,5.721266614542608,514.4328571428572,495.86350000000004,0.026242571858065944
META,2024-07-08,542.35,542.81,526.65,529.32,-0.019777777777777672,16.159999999999968,2.9796257029593374,516.7485714285714,497.9148333333333,0.028352079987808566
META,2024-07-09,533.75,537.41,528.19,530.0,0.0012846671200785753,9.219999999999914,1.7274004683840587,518.24,500.05550000000005,0.028156207344668647
META,2024-07-10,530.79,538.88,528.36,534.69,0.008849056603773775,10.519999999999982,1.9819514308860344,522.592857142857,501.93783333333334,0.024182813583698046
META,2024-07-11,530.89,535.46,508.373,512.66,-0.04120144382726454,27.087000000000046,5.102186893706803,523.7328571428571,503.02916666666664,0.030772607974336043
META,2024-07-12,497.755,508.09,494.23,498.12,-0.028361877267584656,13.859999999999957,2.784502415847145,522.1071428571429,503.82116666666667,0.03263463851033635
META,2024-07-15,498.63,506.68,493.37,496.36,-0.0035332851521721054,13.310000000000002,2.6693139201411875,520.1642857142857,504.79816666666665,0.03259445043330382
META,2024-07-16,501.42,503.95,485.79,489.85,-0.01311548069949231,18.159999999999968,3.6217143312991045,513.0,505.5655,0.017535407615914968
META,2024-07-17,479.17,479.17,459.12,461.992,-0.05687047055220984,20.05000000000001,4.184318717782835,503.38171428571434,505.0489,0.024067978482177812
META,2024-07-18,475.0,479.239,464.54,475.85,0.0299961904102235,14.698999999999955,3.094526315789464,495.6460000000001,505.0109,0.02985124297356574
META,2024-07-19,476.06,486.71,475.71,476.75,0.0018913523169066249,11.0,2.3106331134730915,487.36885714285717,504.40056666666663,0.029033661563741715
META,2024-07-22,486.575,492.06,483.9,487.4,0.022338751966439307,8.160000000000025,1.6770282073678315,483.7602857142857,504.1885666666667,0.029723977318111293
META,2024-07-23,489.84,495.22,487.78,488.69,0.002646696758309419,7.440000000000055,1.518863302302804,482.4131428571428,504.0462333333333,0.028250482301595072
META,2024-07-24,472.305,476.3,460.58,461.31,-0.05602733839448315,15.720000000000027,3.3283577349382343,477.406,502.66990000000004,0.03481328972884962
META,2024-07-25,463.26,463.548,442.65,453.4,-0.017146821009733193,20.898000000000025,4.511073695117219,472.1988571428571,500.8675666666667,0.03490900128277999
META,2024-07-26,464.195,469.77,459.42,465.7,0.02712836347595937,10.349999999999966,2.2296664117450566,472.7285714285714,499.43289999999996,0.03044571901663645
META,2024-07-29,469.88,473.96,465.02,465.71,2.1473051320608505e-05,8.939999999999998,1.902613433216991,471.28000000000003,498.15656666666666,0.027767641151386857
META,2024-07-30,467.0,472.63,456.7,463.18,-0.005432565330355743,15.930000000000007,3.4111349036402583,469.34142857142854,496.7905666666667,0.027702156932628962
META,2024-07-31,471.02,476.5,466.75,474.36,0.02413748434733809,9.75,2.0699757972060637,467.4785714285714,495.7149,0.027991657667612413
META,2024-08-01,521.0,527.171,492.1,497.86,0.049540433426089825,35.071000000000026,6.731477927063345,468.78857142857134,495.6605666666666,0.034556405532645364
META,2024-08-02,489.0,501.145,476.321,488.105,-0.01959386172819666,24.823999999999955,5.076482617586903,472.6164285714285,495.20939999999996,0.025783677608465127
META,2024-08-05,451.345,483.48,450.81,475.73,-0.02535315147355588,32.670000000000016,7.238365330290579,475.8064285714286,494.57906666666673,0.027280828650495657
META,2024-08-06,479.0,502.56,478.66,494.104,0.038622748197506995,23.899999999999977,4.9895615866388265,479.86414285714284,494.4250333333333,0.028973201637127587
META,2024-08-07,503.13,510.15,486.86,488.92,-0.01049171834269702,23.289999999999964,4.629022320275071,483.17985714285714,493.70303333333334,0.02976862362003742
META,2024-08-08,497.5,509.96,494.754,509.63,0.0423586680847583,15.20599999999996,3.0564824120602934,489.8155714285714,493.5870333333333,0.03176275147295574
META,2024-08-09,507.71,518.34,505.7,517.77,0.01597237211310154,12.640000000000043,2.4896102105532774,496.01699999999994,493.52736666666664,0.03148459763379148
META,2024-08-12,516.86,518.02,509.1,515.95,-0.003515074260772022,8.919999999999959,1.7258058274967996,498.6012857142858,493.9183666666667,0.027337209665593307
META,2024-08-13,520.01,531.5,518.15,528.54,0.024401589301288773,13.350000000000023,2.567258321955351,504.3777142857143,494.7137,0.025629661898835098
META,2024-08-14,528.06,534.0,523.13,526.76,-0.003367767813221234,10.870000000000005,2.058478203234482,511.6677142857143,495.28903333333335,0.021314034983193706
META,2024-08-15,531.79,539.77,526.7,537.33,0.020066064241780035,13.069999999999936,2.4577370766655893,517.8428571428572,496.2013666666666,0.018880160451248056
META,2024-08-16,531.9,533.66,524.66,527.42,-0.01844304245063566,9.0,1.6920473773265652,523.342857142857,495.7820333333333,0.020631156095777935
META,2024-08-19,526.87,531.66,522.76,529.28,0.003526601190702028,8.899999999999977,1.6892212500237207,526.15,495.7807,0.015363270637485993
META,2024-08-20,528.35,531.09,525.88,526.73,-0.004817865779927377,5.210000000000036,0.9860887669158771,527.43,495.6717,0.015011421154845129
META,2024-08-21,527.15,539.4,526.935,535.16,0.016004404533631833,12.465000000000032,2.3646021056625313,530.1742857142857,495.68736666666666,0.015501933456882062
META,2024-08-22,537.0,544.23,528.59,532.1,-0.005717916137229939,15.639999999999986,2.9124767225325856,530.6828571428571,496.33536666666663,0.013361068861892537
META,2024-08-23,536.92,539.87,525.06,528.0,-0.007705318549144913,14.81000000000006,2.758325262608966,530.8599999999999,497.33136666666667,0.013695721932824444
META,2024-08-26,527.6,528.0,514.95,521.16,-0.012954545454545552,13.049999999999955,2.4734647460197032,528.55,498.1580333333333,0.011271839494779827
META,2024-08-27,518.98,524.01,515.31,519.1,-0.00395272085348064,8.700000000000045,1.676365177848866,527.3614285714286,499.13303333333334,0.009420344314830154
META,2024-08-28,517.675,521.085,512.45,516.78,-0.004469273743016866,8.634999999999991,1.6680349640218268,525.5757142857143,500.9592999999999,0.00908462954899475
META,2024-08-29,519.05,527.2,515.679,518.22,0.0027864855451062986,11.521000000000072,2.2196320200366193,524.36,502.37163333333336,0.009334332394482954
META,2024-08-30,521.475,523.54,515.2,521.81,0.006927559723669319,8.339999999999918,1.5993096505105553,522.4528571428572,503.8736333333334,0.006599767983498032
META,2024-09-03,519.64,525.35,508.618,511.78,-0.019221555738678786,16.732000000000028,3.2199214841043857,519.55,504.6863,0.008900188963346609
META,2024-09-04,506.07,516.59,504.07,512.74,0.0018758060103951646,12.520000000000039,2.473966052127184,517.37,505.4879666666667,0.009237152501170893
META,2024-09-05,511.72,521.63,511.15,517.07,0.0084448258376566,10.480000000000018,2.0479949972641323,516.7857142857143,507.34663333333333,0.00937536865592311
META,2024-09-06,522.275,524.585,498.25,500.4,-0.03223934863751532,26.335000000000036,5.042362739935865,514.1142857142858,508.9133,0.015140112065280332
META,2024-09-09,506.16,511.33,502.08,504.79,0.008772981614708408,9.25,1.827485380116959,512.4014285714286,510.21630000000005,0.016036876228449237
META,2024-09-10,508.16,514.18,500.028,504.79,0.0,14.15199999999993,2.784949622166233,510.48285714285714,511.51896666666664,0.01589643331392848
META,2024-09-11,507.01,513.12,495.6,511.775,0.013837437350185056,17.519999999999982,3.4555531449083814,509.04928571428576,513.1388,0.016847683491446608
META,2024-09-12,517.05,526.71,515.22,525.62,0.027052904108250786,11.490000000000009,2.222222222222224,511.02642857142865,514.8474666666667,0.01827814115023928
META,2024-09-13,520.34,527.581,517.11,524.62,-0.0019025151249952854,10.471000000000004,2.012338086635662,512.7235714285714,515.7394666666667,0.01840541160550062
META,2024-09-16,524.54,534.1,517.55,533.28,0.016507186153787545,16.550000000000068,3.1551454607847007,515.0392857142857,517.2453,0.01901417947091274
META,2024-09-17,537.6,542.1,530.57,536.315,0.005691194119411991,11.529999999999973,2.1447172619047565,520.1700000000001,519.2648,0.010079781298668943
META,2024-09-18,537.065,544.2,533.903,537.75,0.0026756663527962576,10.297000000000025,1.9172725833930764,524.8785714285714,520.7196666666666,0.010459207279049402
META,2024-09-19,550.0,562.07,546.52,559.1,0.03970246397024635,15.550000000000068,2.8272727272727396,532.6371428571429,523.059,0.014623331945103178
META,2024-09-20,560.0,564.5,556.3,561.35,0.004024324807726742,8.200000000000045,1.4642857142857224,539.7192857142858,524.783,0.0151898153498025
META,2024-09-23,569.5,573.98,562.41,564.41,0.00545114456221607,11.57000000000005,2.031606672519763,545.2607142857142,526.3376666666667,0.014107929960904804
META,2024-09-24,566.68,567.745,554.19,563.35,-0.0018780673623782773,13.55499999999995,2.3920025411166708,550.7935714285715,527.9176666666666,0.014104406197457713
META,2024-09-25,564.05,576.88,563.72,568.31,0.008804473240436428,13.159999999999968,2.3331264958780196,555.7978571428572,529.2433333333333,0.013838351184279417
META,2024-09-26,575.73,577.4,562.35,567.7,-0.0010733578504688035,15.049999999999955,2.6140725687388104,560.2814285714286,530.608,0.014351716100596613
META,2024-09-27,570.1,570.84,564.51,567.36,-0.0005989078738770637,6.330000000000041,1.1103315207858342,564.5114285714286,531.609,0.014614422735222884
META,2024-09-30,567.7,574.68,564.8,572.46,0.008989001692047527,9.879999999999995,1.7403558217368318,566.42,533.1103333333333,0.00463503847197235
META,2024-10-01,577.98,583.04,570.1,576.43,0.006934982356845643,12.93999999999994,2.2388317934876536,568.5742857142857,534.682,0.00482813313698291
META,2024-10-02,574.86,575.82,569.88,572.68,-0.006505560085352968,5.940000000000055,1.0332950631458189,569.7557142857142,536.2136666666667,0.006096723719675173
META,2024-10-03,570.15,583.36,568.73,582.61,0.017339526437102792,14.629999999999995,2.5659914057704105,572.5071428571429,537.7953333333334,0.008029421047831851
META,2024-10-04,583.73,596.85,581.45,595.94,0.02287979952283692,15.399999999999977,2.63820601990646,576.4542857142857,539.9233333333334,0.010553071961429534
META,2024-10-07,598.22,602.95,584.04,584.88,-0.018558915327046455,18.910000000000082,3.161044431814396,578.9085714285715,541.8193333333334,0.014185890204291372
META,2024-10-08,589.69,593.56,585.97,592.84,0.013609629325673778,7.589999999999918,1.2871169597585033,582.5485714285714,544.2086666666667,0.014374306244779488
META,2024-10-09,593.99,594.37,581.61,590.51,-0.003930234127251908,12.759999999999991,2.1481843128672184,585.1271428571429,546.5889999999999,0.01480697682753013
META,2024-10-10,587.57,590.23,582.52,583.75,-0.011447731621818447,7.710000000000036,1.3121840801947064,586.1728571428572,548.8213333333333,0.015900836143934668
META,2024-10-11,584.83,591.21,582.71,589.95,0.01062098501070663,8.5,1.453413812560915,588.6400000000001,551.2123333333333,0.01570613304128114
META,2024-10-14,594.22,600.1,589.97,590.33,0.0006441223832527321,10.129999999999995,1.7047558143448545,589.7428571428571,553.4963333333333,0.014637752103793367
META,2024-10-15,590.16,590.61,580.143,586.28,-0.006860569511968007,10.466999999999985,1.7735868239121568,588.3628571428571,555.9796666666666,0.011548602401024156
META,2024-10-16,581.395,582.08,574.03,576.79,-0.016186804939619326,8.050000000000068,1.3846008307605102,587.2071428571428,558.1146666666666,0.011013539617439052
META,2024-10-17,583.33,584.97,575.2,576.93,0.0002427226546923844,9.769999999999982,1.674866713524074,584.9342857142857,560.11,0.008806711638691121
META,2024-10-18,581.1,583.968,575.25,576.47,-0.0007973237654480547,8.717999999999961,1.5002581311306076,582.9285714285714,562.6456666666667,0.008880973771017738
META,2024-10-21,576.03,577.24,569.11,575.16,-0.0022724512984197975,8.129999999999995,1.4113848237070978,581.7014285714286,564.9913333333333,0.008141136717650039
META,2024-10-22,574.29,583.53,572.12,582.01,0.011909729466583308,11.409999999999968,1.9868010935241722,580.5671428571429,567.5653333333333,0.008483779097528742
META,2024-10-23,579.97,585.0,562.5,563.69,-0.03147712238621314,22.5,3.879511009190131,576.7614285714286,569.2958333333333,0.013859987322840207
META,2024-10-24,567.0,568.88,561.52,567.78,0.0072557611453101245,7.360000000000014,1.2980599647266338,574.1185714285714,570.7011666666668,0.014792929253118484
META,2024-10-25,573.935,581.282,571.72,573.25,0.009634013174116829,9.562000000000012,1.6660423218657188,573.6128571428571,572.3221666666667,0.014603886879027039
META,2024-10-28,582.0,583.75,574.12,578.16,0.008565198430004362,9.629999999999995,1.654639175257731,573.7885714285713,573.8181666666667,0.015034068336375434
META,2024-10-29,580.145,593.67,575.398,593.47,0.026480559014805616,18.271999999999935,3.149557438226639,576.2171428571429,575.7233333333334,0.01792793406276165
META,2024-10-30,600.98,601.2,589.38,591.55,-0.003235209867390232,11.82000000000005,1.966787580285542,578.5585714285714,577.5166666666667,0.01799033809724211
META,2024-10-31,585.0,589.89,563.01,567.45,-0.040740427689966885,26.879999999999995,4.594871794871794,576.4785714285714,577.795,0.02415951365411507
META,2024-11-01,567.605,573.67,562.56,567.16,-0.0005110582430171151,11.110000000000014,1.9573470987746782,576.9742857142857,577.9886666666666,0.020746994442019415
META,2024-11-04,564.1,568.69,557.89,560.68,-0.011425347344664716,10.800000000000068,1.9145541570643625,575.96,577.8643333333333,0.021017541057296783
META,2024-11-05,567.305,573.48,567.031,572.43,0.020956695441249895,6.449000000000069,1.1367782762358996,575.8428571428572,578.1669999999999,0.022415817777177254
META,2024-11-06,562.58,573.0,555.168,572.04,-0.0006813060112152991,17.831999999999994,3.169682534039602,574.9685714285714,578.2913333333333,0.022098038168652367
META,2024-11-07,576.89,594.8,575.21,591.61,0.03421089434305302,19.589999999999918,3.3957946922290074,574.7028571428572,579.0883333333334,0.023842507308832122
META,2024-11-08,591.54,592.92,584.52,589.5,-0.0035665387670932303,8.399999999999977,1.420022314636369,574.41,579.8263333333333,0.023849856364867528
META,2024-11-11,586.36,587.0,576.51,583.17,-0.010737913486005168,10.490000000000009,1.7890033426563903,576.6557142857142,580.1833333333333,0.01710206258727404
META,2024-11-12,588.545,599.66,580.38,584.82,0.002829363650393768,19.279999999999973,3.2758752516799863,579.1785714285714,580.463,0.017000371150875992
META,2024-11-13,582.605,585.64,575.17,580.13,-0.008019561574501677,10.470000000000027,1.7971009517597731,581.9571428571428,580.7113333333333,0.016509885214697508
META,2024-11-14,577.0,580.76,573.01,577.16,-0.005119542171582281,7.75,1.34315424610052,582.6328571428571,580.5296666666667,0.015198936010288483
META,2024-11-15,571.22,572.57,551.5,554.08,-0.03998891122045867,21.07000000000005,3.688596337663256,580.0671428571428,579.1343333333334,0.02184831983754123
META,2024-11-18,557.04,559.9,550.09,554.4,0.0005775339301183902,9.809999999999945,1.761094355881076,574.7514285714285,578.1183333333333,0.014378151363260643
META,2024-11-19,552.3,561.43,550.6,561.09,0.012067099567099726,10.829999999999927,1.9608908202063964,570.6928571428572,577.06,0.01645373697800114
META,2024-11-20,562.93,566.35,554.2,565.52,0.007895346557593275,12.149999999999977,2.1583500612864794,568.1714285714286,576.2270000000001,0.01722118422835695
META,2024-11-21,569.52,570.0,549.05,563.09,-0.0042969302588766745,20.950000000000045,3.6785363112796823,565.0671428571429,575.5383333333334,0.01694120916723913
META,2024-11-22,563.55,563.827,554.59,559.14,-0.007014864408886767,9.236999999999966,1.639073729039121,562.0685714285714,574.5113333333334,0.016918265393850513
META,2024-11-25,562.1,572.591,556.39,565.11,0.010677111278034168,16.201000000000022,2.88222736167942,560.3471428571429,573.6706666666666,0.017941799145480095
META,2024-11-26,565.3,577.5,565.3,573.54,0.014917449700058372,12.200000000000045,2.1581461171059697,563.1271428571429,573.246,0.008556244559097882
META,2024-11-27,569.2,569.2,564.1,569.2,-0.007567039787983232,5.100000000000023,0.8959943780744944,565.2414285714286,572.993,0.009727447750134354
META,2024-11-29,569.0,578.46,566.9,574.32,0.008995080815179302,11.56000000000006,2.0316344463971987,567.1314285714286,572.9060000000001,0.009355068108424921
META,2024-12-02,577.5,594.5,575.57,592.83,0.03222941913915589,18.92999999999995,3.2779220779220695,571.0328571428571,573.4513333333333,0.014449834801924423
META,2024-12-03,595.0,614.2,591.25,613.65,0.03511968017812861,22.950000000000045,3.8571428571428648,578.2557142857144,574.7343333333334,0.01686151657158696
META,2024-12-04,612.96,617.78,605.1,613.78,0.00021184714413746697,12.67999999999995,2.068650482902628,586.0614285714286,575.7933333333333,0.0156464482023995
META,2024-12-05,617.075,619.9,607.05,608.93,-0.007901854084525484,12.850000000000023,2.082404894056642,592.3214285714286,577.3013333333333,0.01765441902965942
META,2024-12-06,610.1,629.79,608.53,623.77,0.024370617312334808,21.25999999999999,3.4846746435010636,599.4971428571429,579.1676666666666,0.01836400707600648
META,2024-12-09,623.925,626.4,606.17,613.57,-0.016352181092389673,20.230000000000018,3.2423768882477897,605.8357142857143,580.5116666666667,0.020153705802455086
META,2025-01-27,626.61,663.87,625.1,659.88,0.07547631077138695,38.76999999999998,6.1872616140821215,618.0585714285714,583.2356666666667,0.031530491435810284
META,2025-01-28,666.0,682.58,659.465,674.33,0.021897920834091034,23.11500000000001,3.4707207207207222,629.7014285714286,585.931,0.03112645145965159
META,2025-01-29,675.0,681.046,665.67,676.49,0.003203179452196947,15.37600000000009,2.2779259259259392,638.6785714285714,588.7623333333335,0.030702030261159686
META,2025-01-30,696.82,710.79,676.1,687.0,0.015536075921299686,34.68999999999994,4.978330128297112,649.1385714285715,592.7473333333334,0.03006011789460073
META,2025-01-31,691.0,705.3,685.58,689.18,0.0031732168850071574,19.719999999999914,2.8538350217076576,660.602857142857,596.8146666666668,0.028821242668302733
META,2025-02-03,675.91,704.0,675.25,697.46,0.012014277837430143,28.75,4.253524877572458,671.13,601.374,0.02875767902931423
META,2025-02-04,702.5,707.71,691.61,704.19,0.009649298884523816,16.100000000000023,2.2918149466192204,684.0757142857144,605.766,0.02528900734933546
META,2025-02-05,703.55,718.14,699.01,704.87,0.0009656484755533601,19.129999999999995,2.719067585814796,690.5028571428572,610.1936666666667,0.007626699869809251
META,2025-02-06,705.88,718.9,703.5,711.99,0.010101153404173724,15.399999999999977,2.1816739389131263,695.8828571428572,614.2063333333333,0.005409377679746873
META,2025-02-07,716.795,725.01,711.75,714.52,0.003553420694110798,13.259999999999991,1.8499012967445352,701.3157142857143,618.3736666666666,0.005361110982083387
META,2025-02-10,718.56,721.2,711.33,717.4,0.004030677937636451,9.870000000000005,1.373580494321978,705.6585714285715,622.8480000000001,0.004265981344299472
META,2025-02-11,713.32,723.66,710.04,719.8,0.003345413994981783,13.620000000000005,1.909381483766052,710.0328571428571,627.3473333333334,0.004245983901647116
META,2025-02-12,715.3,727.1,712.6,725.38,0.007752153375937709,14.5,2.0271214874877677,714.0214285714285,632.189,0.0035236110949253122
META,2025-02-13,721.52,729.0,718.04,728.56,0.004383909123493845,10.960000000000036,1.5190154119081989,717.5028571428571,637.2356666666667,0.003052702838537565
META,2025-02-14,726.14,740.91,725.62,736.67,0.011131547161524091,15.289999999999964,2.1056545569724796,722.0457142857142,643.322,0.003291156120046697
META,2025-02-18,736.0,737.0,706.44,716.37,-0.0275564363962153,30.559999999999945,4.1521739130434705,722.6714285714286,648.721,0.012886350742239478
META,2025-02-19,704.095,707.0,695.39,703.77,-0.017588676242723755,11.610000000000014,1.648925216057494,721.1357142857142,653.4770000000001,0.01454499456463528
META,2025-02-20,697.275,705.63,693.64,694.84,-0.012688804581042046,11.990000000000009,1.7195511096769582,717.9128571428571,657.7876666666667,0.014747276516895861
META,2025-02-21,696.58,703.87,682.36,683.55,-0.01624834494272076,21.50999999999999,3.0879439547503504,712.7342857142858,661.803,0.014877743550179368
META,2025-02-24,686.28,687.27,662.45,668.128,-0.02256162680125806,24.819999999999936,3.6165996386314534,704.5554285714286,665.4359333333334,0.014175270893274335
META,2025-02-25,665.972,668.0,641.86,657.53,-0.015862229991857935,26.139999999999986,3.9250899437213556,694.4082857142857,668.5166,0.012316432457290407
META,2025-02-26,659.855,683.008,658.0,673.7,0.024592033823551906,25.008000000000038,3.789923543808873,685.4125714285714,671.8552666666667,0.017102690052521102
META,2025-02-27,682.45,688.63,657.57,658.24,-0.022947899658601778,31.059999999999945,4.551249175763783,677.1082857142857,674.8232666666665,0.016507500928407033
META,2025-02-28,658.0,669.63,642.602,668.16,0.015070491006319742,27.02800000000002,4.107598784194532,672.0211428571429,677.9512666666666,0.019051286852202542
META,2025-03-03,673.675,681.14,650.844,655.05,-0.019621048850574696,30.295999999999935,4.497123984116961,666.3368571428572,680.0252666666668,0.019555525758477778
META,2025-03-04,645.53,649.75,623.65,640.0,-0.02297534539348134,26.100000000000023,4.043189317305164,660.1154285714285,680.9036,0.02017109538996048
META,2025-03-05,641.0,659.5,637.66,656.47,0.025734375000000087,21.840000000000032,3.407176287051487,658.4499999999999,682.3266,0.022907782297965387
META,2025-03-06,648.0,650.555,624.11,627.94,-0.04345971636175294,26.444999999999936,4.081018518518508,654.2228571428572,682.9602666666667,0.02753996092080089
META,2025-03-07,625.37,634.79,600.61,625.66,-0.003630920151606931,34.17999999999995,5.465564385883549,647.3599999999999,683.0232666666667,0.024130501789691696
META,2025-03-10,608.07,610.106,586.88,598.12,-0.04401751750151839,23.226,3.8196260298978735,638.7714285714285,682.5082666666666,0.027107178950017918
META,2025-03-11,595.055,614.934,595.055,605.71,0.012689761251922782,19.87900000000002,3.340699599196716,629.8500000000001,680.7026,0.02670425807272347
META,2025-03-12,629.535,633.33,609.35,619.56,0.02286572782354579,23.980000000000018,3.8091607297449737,624.78,678.8769333333333,0.029763796882368104
META,2025-03-13,620.245,620.5,586.51,590.64,-0.046678287817160546,33.99000000000001,5.480092544075327,617.7285714285715,676.0152666666667,0.03298611732887576
META,2025-03-14,602.805,608.86,594.78,607.6,0.02871461465528924,14.080000000000041,2.3357470492116095,610.7471428571428,673.3685999999999,0.03355255189997299
META,2025-03-17,607.46,613.1,598.0,604.9,-0.004443712969058655,15.100000000000023,2.4857603792842364,607.4557142857144,670.5592666666666,0.03024261947814112
META,2025-03-18,600.05,600.25,574.66,582.36,-0.03726235741444861,25.590000000000032,4.264644612948927,601.2699999999999,666.7225999999999,0.03258297321102881
META,2025-03-19,584.28,592.322,574.77,584.06,0.0029191565354762528,17.55200000000002,3.0040391593071853,599.2614285714286,662.7182666666668,0.028982289168213417
META,2025-03-20,582.755,610.2,579.51,586.0,0.003321576550354477,30.690000000000055,5.266364080960276,596.4457142857143,658.7559333333334,0.028344818679149848
META,2025-03-21,583.425,597.545,580.95,596.24,0.017474402730375482,16.594999999999914,2.8444101641170527,593.1142857142858,654.8976,0.027543463683946383
META,2025-03-24,614.97,622.0,612.2,618.438,0.03722997450691001,9.799999999999955,1.5935736702603305,597.0854285714286,651.6948666666667,0.02454666130795299
META,2025-03-25,626.76,633.88,621.18,626.31,0.012728842664907258,12.700000000000045,2.026293956219294,599.7582857142858,648.6585333333333,0.02285913815071355
META,2025-03-26,624.86,626.75,606.61,610.921,-0.02457089939486823,20.139999999999986,3.2231219793233663,600.6184285714286,645.0292333333333,0.025315301833547754
META,2025-03-27,602.0,614.25,600.1,602.58,-0.013653156463765415,14.149999999999977,2.350498338870428,603.507,640.9359000000001,0.020345406630126406
META,2025-03-28,600.31,601.5,573.92,576.74,-0.04288227289322588,27.58000000000004,4.594292948643208,602.4612857142857,635.8752333333334,0.027319716384792955
META,2025-03-31,563.5,578.7,553.3,576.36,-0.0006588757499046416,25.40000000000009,4.507542147293716,601.0841428571429,630.5315666666667,0.027244469558588103
META,2025-04-01,570.84,589.91,570.0,586.0,0.016725657575126673,19.909999999999968,3.487842477752079,599.6212857142857,626.1859000000001,0.0271563789623634
META,2025-04-02,574.91,592.66,573.36,583.93,-0.0035324232081912488,19.299999999999955,3.357047189994948,594.6915714285715,622.1912333333332,0.020969091300375855
META,2025-04-03,546.22,552.56,530.3,531.6,-0.08961690613600937,22.25999999999999,4.0752810222987055,581.1615714285715,616.7499,0.03506674469150113
META,2025-04-04,506.62,517.78,494.2,504.89,-0.05024454477050422,23.579999999999984,4.654376060952979,566.0142857142857,610.7945666666667,0.036615832667538775
META,2025-04-07,485.1,539.37,481.9,516.25,0.02249995048426401,57.47000000000003,11.847041847041853,553.6814285714286,605.7319666666666,0.04098095835106062
META,2025-04-08,543.25,547.345,502.86,510.45,-0.011234866828087164,44.485000000000014,8.188679245283021,544.2114285714285,600.8293,0.03990925643353072
META,2025-04-09,508.72,587.89,502.27,584.73,0.14551866000587732,85.62,16.830476490014153,545.407142857143,597.8636333333333,0.07362802526470252
META,2025-04-10,575.77,581.24,535.3,546.29,-0.06573974312930764,45.940000000000055,7.978880455737544,539.7342857142858,594.1319666666667,0.07778875783805422
META,2025-04-11,535.45,547.32,528.88,543.57,-0.0049790404363980745,18.440000000000055,3.4438322905967045,533.9685714285714,589.9789666666668,0.07777844789339752
META,2025-04-14,556.175,557.76,528.28,531.48,-0.0222418455764668,29.480000000000018,5.300489953701627,533.9514285714286,585.8599666666667,0.06969879172511138
META,2025-04-15,532.105,537.94,517.5,521.52,-0.018740121923684905,20.440000000000055,3.84134710254556,536.3271428571428,581.9106333333333,0.066721052653521
META,2025-04-16,508.51,513.36,495.63,502.31,-0.036834637214296584,17.730000000000018,3.4866570962223,534.3357142857143,576.7719666666667,0.06809561201320315
META,2025-04-17,505.25,507.3,498.013,501.48,-0.0016523660687622899,9.287000000000035,1.8380999505195517,533.0542857142857,572.5566333333334,0.0679760784003239
META,2025-04-21,491.325,493.5,479.8,484.66,-0.03354071947036774,13.699999999999989,2.7883783646262637,518.7585714285714,567.8566333333333,0.02181203707417651
META,2025-04-22,491.17,506.88,486.5,500.28,0.03222877893781195,20.379999999999995,4.149276218010057,512.1857142857143,564.5953000000001,0.02360507093366214
META,2025-04-23,528.525,535.27,516.52,520.4,0.04021747821220112,18.75,3.547608911593586,508.8757142857143,561.7516333333333,0.03096093309811597
META,2025-04-24,519.07,533.9,517.5,533.15,0.024500384319753987,16.399999999999977,3.159496792340142,509.11428571428576,558.8713,0.03185029431888114
META,2025-04-25,546.8,549.86,536.25,547.27,0.026484103910719314,13.610000000000014,2.489027066569132,512.7928571428572,557.4256333333334,0.031793211446206456
META,2025-04-28,555.609,558.49,540.66,549.679,0.0044018491786503855,17.83000000000004,3.20909128541835,519.5598571428571,555.4949333333333,0.025426008851438222
META,2025-04-29,546.0,556.57,544.12,554.44,0.008661418755310013,12.450000000000045,2.2802197802197886,527.1255714285714,553.8129333333333,0.024708282707806575
META,2025-04-30,538.4,549.1,529.87,547.41,-0.012679460356395778,19.230000000000018,3.571693907875189,536.0898571428571,552.6479333333333,0.018361986482827927
META,2025-05-01,592.075,592.95,570.5,572.21,0.045304250927093115,22.450000000000045,3.791749356078207,546.3655714285715,552.2529333333333,0.020614637838446363
META,2025-05-02,583.455,604.34,578.445,597.02,0.04335820765103704,25.894999999999982,4.438217171847011,557.3112857142858,552.6202666666667,0.021166092262370574
META,2025-05-05,591.22,603.21,588.05,599.27,0.0037687179658973946,15.160000000000082,2.5641893034741856,566.757,552.7212666666667,0.021870847078626337
META,2025-05-06,592.525,596.03,586.58,587.31,-0.019957615098369796,9.449999999999932,1.5948694147926132,572.477,551.6836666666666,0.025304052305303814
META,2025-05-07,590.36,603.075,587.26,596.81,0.01617544397337012,15.815000000000055,2.678873907446313,579.2099999999999,550.7003333333334,0.025229456430153077
META,2025-05-08,606.285,611.296,596.62,598.01,0.0020106901694008084,14.676000000000045,2.420643756649108,585.4342857142857,550.2699666666667,0.02550383335546963
META,2025-05-09,603.72,606.97,591.83,592.49,-0.00923061487266097,15.139999999999986,2.5077850659245984,591.8742857142857,549.9336333333334,0.024995229219652033
META,2025-05-12,630.92,640.39,621.03,639.43,0.07922496582220795,19.360000000000014,3.0685348380143305,601.4771428571429,552.0233000000001,0.03420315446264089
META,2025-05-13,645.545,660.92,642.83,656.03,0.02596062117823683,18.089999999999918,2.8022833419823434,609.9071428571427,554.6789666666666,0.03251483924939557
META,2025-05-14,661.36,662.64,654.48,659.36,0.0050759873786261345,8.159999999999968,1.2338212168864109,618.4914285714285,557.1243,0.03245001595185301
META,2025-05-15,654.275,657.31,638.58,640.77,-0.028194006309148367,18.729999999999905,2.862710633907746,626.1285714285714,559.0189666666666,0.0340061476494845
META,2025-05-16,637.955,640.44,626.15,640.34,-0.000671067621767496,14.290000000000077,2.2399699038333543,632.3471428571429,562.6436333333334,0.03433873098649936
META,2025-05-19,628.25,643.0,627.8,640.43,0.00014055033263571381,15.200000000000045,2.4194190210903375,638.407142857143,567.1616333333333,0.03442383469467519
META,2025-05-20,636.01,639.354,632.26,637.1,-0.005199631497587398,7.094000000000051,1.11539126743291,644.78,571.1899666666667,0.03407402973569729
META,2025-05-21,631.79,646.61,630.17,635.5,-0.002511379689216775,16.440000000000055,2.6021304547397164,644.2185714285714,575.3583,0.015938792905033736
META,2025-05-22,634.05,643.09,630.74,636.57,0.0016837136113296847,12.350000000000023,1.9477959151486515,641.4385714285715,577.0863,0.011041647974027326
META,2025-05-23,624.0,632.445,623.07,627.06,-0.014939441066968429,9.375,1.5024038461538463,636.8242857142858,579.7786333333333,0.010816585488318493
META,2025-05-27,635.41,643.05,632.75,642.32,0.024335789238669525,10.299999999999955,1.6210006137769244,637.0457142857142,583.0703,0.01190878297607997
META,2025-05-28,642.6,650.88,642.547,643.792,0.0022916926142733107,8.33299999999997,1.2967631497043215,637.5388571428572,586.8140333333333,0.011916790505873473
META,2025-05-29,651.645,653.31,639.5,645.05,0.0019540472699255407,13.809999999999945,2.119252046743234,638.1988571428572,590.9316999999999,0.011919047808154795
META,2025-05-30,642.5,649.41,632.78,646.73,0.0026044492674988096,16.629999999999995,2.5883268482490265,639.5745714285714,595.7457,0.011593458530093966
META,2025-06-02,644.39,673.26,644.262,670.9,0.0373726284539142,28.998000000000047,4.50006983348594,644.6317142857142,601.3930333333333,0.017291151892297824
META,2025-06-03,671.445,675.58,665.03,666.85,-0.006036667163511589,10.550000000000068,1.5712381505559005,648.9574285714286,607.4660333333334,0.017986029449332173
META,2025-06-04,669.32,689.0,668.57,687.95,0.03164129864287335,20.42999999999995,3.052351640470918,657.6560000000001,613.7216999999999,0.017203375644961837
META,2025-06-05,691.66,694.38,682.25,684.42,-0.005131186859510306,12.129999999999995,1.753751843391261,663.6702857142857,619.1890333333333,0.017694467659148342
META,2025-06-06,696.17,702.806,691.87,697.71,0.019417901288682593,10.936000000000035,1.5708806756970333,671.3728571428572,624.6743666666666,0.01775713582306153
META,2025-06-09,698.46,705.19,693.94,694.06,-0.005231399865273656,11.25,1.6106863671505884,678.3742857142857,629.5673666666667,0.018601294620367897
META,2025-06-10,701.345,703.23,691.56,702.4,0.01201625219721647,11.670000000000073,1.663945704325271,686.3271428571428,634.6580666666666,0.018258770207871627
META,2025-06-11,703.705,708.871,691.99,694.14,-0.011759681093394092,16.880999999999972,2.3988745283890225,689.6471428571429,639.3147333333334,0.016211512848554425
META,2025-06-12,693.3,695.38,687.0,693.36,-0.0011236926268475278,8.379999999999995,1.208711957305639,693.4342857142857,644.1797333333333,0.01575457330115733
META,2025-06-13,687.95,694.57,681.01,682.87,-0.015129225799007773,13.56000000000006,1.9710734791772742,692.7085714285713,647.8684,0.012494702384258196
META,2025-06-16,699.33,707.15,693.51,702.12,0.028189845797882418,13.639999999999986,1.9504382766362067,695.2371428571429,651.3717333333334,0.016393654779984328
META,2025-06-17,702.0,705.97,696.06,697.23,-0.006964621432233753,9.910000000000082,1.4116809116809232,695.1685714285715,654.6370666666667,0.015184298228358057
META,2025-06-18,698.18,701.59,694.9,695.77,-0.002094000545013852,6.690000000000055,0.9582056203271442,695.4128571428572,658.2524,0.015049866274292948
META,2025-06-20,700.75,701.82,678.67,682.35,-0.019287983097862726,23.15000000000009,3.3036032821976584,692.5485714285714,661.1037333333333,0.015677328524689137
META,2025-06-23,683.69,699.05,678.75,698.53,0.02371217117315161,20.299999999999955,2.969181939182956,693.1757142857142,664.4544000000001,0.01827744351887189
META,2025-06-24,704.885,713.19,702.11,712.197,0.019565372997580655,11.080000000000041,1.5718876128730277,695.8667142857142,668.4446333333333,0.01950049726156982
META,2025-06-25,713.315,716.58,705.38,708.68,-0.004938240402585281,11.200000000000045,1.570133811850311,699.5538571428572,670.7529666666667,0.01816943038166218
META,2025-06-26,714.355,728.22,711.05,726.09,0.02456680024834923,17.170000000000073,2.4035668540151707,702.9781428571429,673.0882999999999,0.017451261403180363
META,2025-06-27,726.515,735.43,725.86,733.47,0.010164029252571982,9.569999999999936,1.3172474071423075,708.1552857142858,675.5586333333333,0.016688503998389708
META,2025-06-30,744.55,747.9,734.28,738.01,0.0061897555455574516,13.620000000000005,1.829292861459943,714.1895714285713,678.7999666666667,0.016190673347035667
META,2025-07-01,736.875,737.75,715.37,719.17,-0.02552810937521177,22.379999999999995,3.0371501272264627,719.4495714285714,681.4276333333332,0.018045526969622132
META,2025-07-02,715.325,720.22,712.8,713.17,-0.008342950901733981,7.420000000000073,1.0372907419704431,721.541,683.8523000000001,0.01735176322516443
META,2025-07-03,726.61,729.03,714.42,719.01,0.008188790891372477,14.610000000000014,2.0107072569879323,722.5142857142857,686.5826333333333,0.016034982671230897
META,2025-07-07,717.6,727.0,713.51,718.35,-0.0009179288187924906,13.490000000000009,1.8798773690078052,723.8957142857143,689.3443,0.015837929763040492
META,2025-07-08,721.57,722.91,714.81,720.67,0.0032296234426114623,8.100000000000023,1.1225522125365552,723.1214285714285,692.1476333333334,0.012478017332782932
META,2025-07-09,722.715,737.53,722.715,732.78,0.01680380756795752,14.81499999999994,2.0499090236123423,723.0228571428571,695.6716333333333,0.013664304301590123
META,2025-07-10,731.55,735.8,719.6,727.24,-0.007560250006823255,16.199999999999932,2.214476112364149,721.4842857142858,698.5023,0.013605351340304056
META,2025-07-11,717.51,717.51,717.51,717.51,-0.013379352070843176,0.0,0.0,721.2471428571429,700.9595666666667,0.010534922120556334
META,2025-07-14,717.6,727.99,716.547,720.92,0.004752547002829122,11.442999999999984,1.594620958751391,722.3542857142857,703.4885666666668,0.010014924786063074
META,2025-07-15,723.9,724.472,709.97,710.39,-0.014606336347999793,14.501999999999953,2.003315375051796,721.1228571428571,705.6105666666666,0.0111523939524206
META,2025-07-16,713.37,713.97,699.27,702.91,-0.010529427497571797,14.700000000000045,2.060641742714166,718.9171428571428,706.6775666666667,0.011626228789771329
META,2025-07-17,704.39,705.9,697.105,701.41,-0.002133985858786991,8.794999999999959,1.2485980777694117,716.1657142857142,707.8295666666667,0.011316681745182054
META,2025-07-18,702.19,704.71,691.66,704.28,0.004091758030253301,13.050000000000068,1.8584713539070719,712.0942857142857,708.3739,0.007988418849585231
META,2025-07-21,706.8,717.0,705.76,712.965,0.012331743056738897,11.240000000000009,1.5902659875495204,710.0550000000001,709.3254,0.01036825711161141
META,2025-07-22,716.19,716.6,701.41,704.81,-0.01143814913775587,15.190000000000055,2.120945559139342,708.2407142857143,709.5620666666667,0.010058915872700767
META,2025-07-23,706.365,714.628,704.93,713.58,0.012443069763482528,9.698000000000093,1.3729445824750792,707.1921428571428,710.2127333333333,0.011324070599376863
META,2025-07-24,717.05,723.624,714.0,714.8,0.0017096891729027064,9.624000000000024,1.3421658182832472,707.8221428571429,710.6260666666666,0.009719675681573843
META,2025-07-25,716.915,720.65,711.9,712.68,-0.0029658645775042514,8.75,1.2205073125823842,709.217857142857,711.2440666666666,0.008588710088609399
META,2025-07-28,715.2,724.735,712.68,717.63,0.006945613739686829,12.055000000000064,1.68554250559285,711.535,712.0530666666667,0.008544868143401479
META,2025-07-29,720.0,724.47,699.91,700.0,-0.024566977411758173,24.56000000000006,3.4111111111111194,710.9235714285713,712.6240666666666,0.0135206295881855
META,2025-07-30,708.09,708.5,691.2,695.21,-0.0068428571428570395,17.299999999999955,2.4431922495727876,708.3871428571429,712.3937333333332,0.012306626208872023
META,2025-07-31,775.2,784.75,765.51,773.44,0.1125271500697631,19.24000000000001,2.481940144478845,718.1914285714286,714.9340666666667,0.04494495390380535
META,2025-08-01,760.73,766.0,745.31,750.01,-0.030293235415804753,20.690000000000055,2.719756023819233,723.3957142857143,716.7420666666666,0.04801754481652226
META,2025-08-04,760.0,776.85,758.41,776.37,0.035146198050692634,18.440000000000055,2.4263157894736915,732.1914285714286,719.8760666666666,0.04893334859141761
META,2025-08-05,776.445,783.13,763.0,763.46,-0.0166286693200407,20.129999999999995,2.5925854374746433,739.4457142857143,722.0404,0.04993165102327401
META,2025-08-06,770.0,773.64,760.46,771.99,0.011172818484268987,13.17999999999995,1.711688311688305,747.2114285714287,724.0334999999999,0.04990143381958164
META,2025-08-07,773.49,775.0,759.55,761.83,-0.013160792238241403,15.450000000000045,1.9974401737579084,756.0442857142858,725.8051666666667,0.04869909909268318
META,2025-08-08,762.75,769.9,758.58,769.3,0.009805337148707682,11.319999999999936,1.4841035725991394,766.6285714285715,727.2455000000001,0.04796197586087656
META,2025-08-11,770.075,773.458,764.67,765.62,-0.0047835694787468075,8.788000000000011,1.1411875466675336,765.5114285714286,728.3171666666666,0.02173935065054192
META,2025-08-12,773.0,793.67,772.43,790.0,0.0318434732634989,21.24000000000001,2.7477360931435975,771.2242857142857,730.0501666666665,0.020557050090026455
META,2025-08-13,791.15,795.456,778.23,779.94,-0.012734177215189768,17.226,2.17733678821968,771.7342857142856,732.0758333333334,0.017632357006712625
META,2025-08-14,777.88,787.81,772.51,782.13,0.002807908300638484,15.299999999999955,1.966884352342258,774.4014285714285,734.3744999999999,0.01587545202357785
META,2025-08-15,784.15,796.25,780.82,785.23,0.003963535473642477,15.42999999999995,1.9677357648409042,776.2928571428572,736.5818333333333,0.01552968514556294
META,2025-08-18,775.085,775.81,756.56,767.37,-0.022744928237586448,19.25,2.4835985730597288,777.0842857142858,738.2158333333334,0.01744807711364872
META,2025-08-19,767.12,767.17,749.37,751.48,-0.020707090451802856,17.799999999999955,2.320367087287511,774.5385714285715,739.2428333333334,0.018696553127632947
META,2025-08-20,747.57,750.2,731.0,747.72,-0.005003459839250546,19.200000000000045,2.5683213612103275,771.9814285714285,739.7408333333334,0.018699854266446242
META,2025-08-21,744.705,745.5,733.11,739.1,-0.011528379607339656,12.389999999999986,1.663746047092471,764.71,740.1361666666667,0.010555628376636627
META,2025-08-22,739.23,756.9,734.39,754.694,0.02109863347314289,22.50999999999999,3.0450604006872,761.1034285714286,741.3756333333333,0.015413586825799632
META,2025-08-25,754.82,758.88,750.13,753.3,-0.0018471062443851105,8.75,1.1592167669113165,756.9848571428572,742.4549666666666,0.015139310580348052
META,2025-08-26,750.8,754.87,747.94,754.1,0.001061993893535229,6.92999999999995,0.9230154501864611,752.5377142857143,743.9119666666667,0.014882462230309345
META,2025-08-27,752.3,754.15,742.84,747.38,-0.008911284975467448,11.309999999999945,1.50338960521068,749.682,745.3942999999999,0.013041361139860394
META,2025-08-28,744.0,753.055,740.795,751.11,0.00499076774866869,12.259999999999991,1.6478494623655902,749.6291428571428,747.0509666666666,0.0108930109297605
META,2025-08-29,745.28,747.14,735.347,738.7,-0.01652221379025709,11.793000000000006,1.5823583082868193,748.3405714285715,748.1983,0.012519874969284344
META,2025-09-02,726.04,736.0,721.731,735.11,-0.004859888994178996,14.269000000000005,1.9653187152223024,747.7705714285714,748.9364666666667,0.011881757211595971
META,2025-09-03,736.0,740.25,733.989,736.9,0.0024350097264354,6.260999999999967,0.8506793478260826,745.2285714285715,750.0061333333334,0.007432677001983961
META,2025-09-04,748.57,761.16,745.82,748.65,0.01594517573619214,15.339999999999918,2.049240551985775,744.5642857142857,751.1751333333334,0.010466774175970285
META,2025-09-05,752.615,757.95,745.03,752.45,0.005075803112268851,12.920000000000073,1.7166811716481964,744.3285714285714,752.4301333333334,0.010695601599070978
META,2025-09-08,755.995,766.51,752.02,752.3,-0.0001993487939399019,14.490000000000009,1.9166793431173497,745.0314285714285,753.7508,0.010006315087394291
META,2025-09-09,757.49,766.3,753.43,765.7,0.017812043067925165,12.870000000000005,1.6990323304598087,747.1157142857144,755.3531333333334,0.011863715321580122
META,2025-09-10,765.13,765.5,751.0,751.98,-0.017918244743372114,14.5,1.8951027929894269,749.0128571428571,757.0858000000001,0.012248403202662364
META,2025-09-11,754.65,757.1,748.37,750.75,-0.0016356818000479167,8.730000000000018,1.1568276684555778,751.2471428571428,758.9371333333333,0.01197819446202837
META,2025-09-12,748.725,757.57,743.76,755.59,0.006446886446886513,13.81000000000006,1.844468930515217,753.9171428571428,758.3421333333333,0.012038378352100278
META,2025-09-15,757.47,774.07,751.985,764.7,0.012056803292791018,22.085000000000036,2.9156270215322104,756.21,758.8318,0.011451727929415886
META,2025-09-16,767.0,781.36,765.1,779.0,0.018700143847260264,16.25999999999999,2.1199478487614067,760.0028571428571,758.9194666666667,0.012910176436392324
META,2025-09-17,779.99,783.29,766.31,775.48,-0.004518613607188637,16.980000000000018,2.176950986551112,763.3142857142858,759.3201333333333,0.013299534020279816
META,2025-09-18,780.75,788.78,773.36,780.45,0.0064089338216331004,15.419999999999959,1.9750240153698313,765.4214285714286,759.6021333333334,0.012022962049498135
META,2025-09-19,786.42,790.8,769.19,778.88,-0.002011659939778365,21.6099999999999,2.7478955265634015,769.2642857142857,760.1704666666666,0.008419640946152353
META,2025-09-22,781.845,785.73,764.47,765.16,-0.01761503697617095,21.25999999999999,2.719209050387224,771.3228571428572,760.0324666666668,0.011960438726819725
META,2025-09-23,769.25,770.6,751.07,755.4,-0.01275550211720422,19.529999999999973,2.5388365290867694,771.2957142857142,759.6918000000001,0.013124933571521929
META,2025-09-24,757.5,761.11,752.525,760.66,0.00696319830553338,8.585000000000036,1.1333333333333382,770.7185714285715,758.7138,0.012472518249828717
META,2025-09-25,753.45,756.765,744.55,748.91,-0.015447111718770556,12.215000000000032,1.6212091047846613,766.4200000000001,757.6794666666666,0.010071533945577887
META,2025-09-26,750.0,751.93,737.353,743.75,-0.006890013486266611,14.576999999999998,1.9435999999999998,761.8871428571429,756.4001333333333,0.010070237188914572
META,2025-09-29,748.72,750.78,739.15,743.4,-0.00047058823529411153,11.629999999999995,1.5533176621433906,756.5942857142857,755.0058000000001,0.008940291243325738
META,2025-09-30,742.25,742.97,726.3,734.38,-0.012133440947000196,16.670000000000073,2.2458740316605015,750.2371428571429,753.9061333333333,0.008837816850099276
META,2025-10-01,721.49,721.85,710.2,717.335,-0.023210054740052777,11.649999999999977,1.6147139946499574,743.405,752.7679666666667,0.00999426992516747
META,2025-10-02,722.58,727.77,718.14,727.05,0.013543184146876941,9.629999999999995,1.3327244042182174,739.3550000000001,752.0789666666666,0.012920851554732585
META,2025-10-03,729.625,731.0,710.19,710.56,-0.02268069596313871,20.809999999999945,2.8521500770943904,732.1978571428572,751.1276333333334,0.01305910454711517
META,2025-10-06,705.185,716.88,690.51,715.66,0.007177437514073404,26.370000000000005,3.739444259307842,727.4478571428571,749.8265,0.014130252128793883
META,2025-10-07,717.72,718.4999,705.75,713.08,-0.0036050638571387683,12.749900000000025,1.776444853146077,723.0664285714284,748.4858333333334,0.014165019515658326
META,2025-10-08,713.45,719.65,707.81,717.84,0.006675267852134459,11.840000000000032,1.6595416637465876,719.415,747.2771666666666,0.014862775150226144
META,2025-10-09,718.275,733.51,712.44,733.51,0.021829377019948693,21.069999999999936,2.933416866798919,719.2907142857142,746.8148333333334,0.017426612729285976
META,2025-10-10,730.92,735.27,704.51,705.3,-0.0384589167155186,30.75999999999999,4.208394899578613,717.5714285714286,745.2878333333334,0.021323326963768922
META,2025-10-13,713.01,719.94,707.6413,715.59,0.014589536367503264,12.298700000000053,1.7248986690228822,715.9342857142857,744.5175,0.02145547953382358
META,2025-10-14,707.78,715.55,699.33,708.65,-0.009698290920778785,16.219999999999914,2.291672553618344,715.6614285714286,743.6355,0.01987995328091788
META,2025-10-15,717.06,723.9,709.51,717.66,0.012714315952868205,14.389999999999986,2.0068055671770826,715.9471428571429,742.9941666666667,0.020328108871538877
META,2025-10-16,717.55,725.49,703.88,712.07,-0.007789203801242817,21.610000000000014,3.0116368197338184,715.8028571428573,741.7748333333333,0.02053210252233532
META,2025-10-17,707.075,718.54,706.13,716.915,0.006804106337859883,12.409999999999968,1.7551179153555092,715.6707142857142,740.5903333333333,0.02053916085396189
META,2025-10-20,721.19,733.77,720.18,732.284,0.02143768787094702,13.590000000000032,1.8843855294721268,715.4955714285715,739.9231333333333,0.020470192145349324
META,2025-10-21,736.015,738.5,728.75,733.27,0.0013464721337623775,9.75,1.3247012628818706,719.4912857142856,738.8421333333333,0.011655488592803671
META,2025-10-22,733.83,740.6,724.03,733.41,0.00019092557993638515,16.57000000000005,2.2580161617813457,722.037,738.2231333333333,0.011066266054525976
META,2025-10-23,734.7,742.41,733.1,734.0,0.0008044613517677046,9.309999999999945,1.2671838845787322,725.6584285714287,737.6648,0.009579212010405382
META,2025-10-24,736.79,741.21,731.15,738.36,0.005940054495912728,10.06000000000006,1.365382266317412,728.6155714285715,737.0904666666667,0.009003423078762406
META,2025-10-27,749.73,755.75,748.01,750.82,0.01687523701175575,7.740000000000009,1.0323716537953675,734.1512857142856,736.6278,0.008377302459073893
META,2025-10-28,752.63,758.4,745.5201,751.44,0.0008257638315440907,12.87990000000002,1.7113189747950546,739.0834285714287,735.7091333333333,0.008770842111108375
META,2025-10-29,754.75,759.105,742.51,751.99,0.0007319280315127852,16.595000000000027,2.198741305067907,741.8985714285715,734.9261333333333,0.00608026023825575
META,2025-10-30,669.15,680.9599,650.18,665.78,-0.11464248194789828,30.779899999999998,4.5998505566763805,732.2571428571429,731.1038,0.04532531545021938
META,2025-10-31,674.51,674.89,645.57,648.48,-0.025984559464087176,29.319999999999936,4.346859201494409,720.1242857142857,726.7571333333333,0.045158852174423454
META,2025-11-03,656.0,659.3299,636.18,637.71,-0.01660806809770532,23.149900000000002,3.5289481707317076,706.3685714285715,722.5088,0.04452234624496655
META,2025-11-04,628.035,641.7399,626.01,627.32,-0.01629267221777919,15.729900000000043,2.5046215577157396,690.5057142857142,718.2394666666667,0.04322233518223532
META,2025-11-05,632.31,642.23,626.5375,635.95,0.013756934260026776,15.692499999999995,2.4817731808764685,674.0957142857143,714.0824666666667,0.042766675652880025
META,2025-11-06,635.85,636.0,618.0,618.94,-0.026747385800770518,18.0,2.830856334041047,655.1671428571428,709.7501333333333,0.04150030283034219
META,2025-11-07,616.485,622.1348,601.2,621.71,0.004475393414547391,20.934799999999996,3.395832826427244,636.5557142857143,705.6821333333334,0.041932191672401614
META,2025-11-10,631.09,635.0,623.23,631.78,0.016197262389216815,11.769999999999982,1.8650271752048013,631.6985714285714,701.9614666666668,0.018389290606588914
META,2025-11-11,628.0,629.56,619.39,627.08,-0.007439298489980595,10.169999999999959,1.61942675159235,628.6414285714285,698.3848,0.016488968918938415
META,2025-11-12,628.13,628.99,607.77,609.055,-0.028744338840339445,21.220000000000027,3.378281565917888,624.5478571428572,694.7754666666666,0.018472696677819696
META,2025-11-13,613.07,617.65,603.0,609.98,0.0015187462544434815,14.649999999999977,2.3896129316391237,622.0707142857143,690.8731333333333,0.01810586354847149
META,2025-11-14,601.79,613.68,595.2,609.81,-0.0002786976622185522,18.479999999999905,3.0708386646504438,618.3364285714285,687.5148,0.016539901482373713
META,2025-11-17,609.035,611.69,595.4,601.9,-0.012971253341204636,16.290000000000077,2.674723127570678,615.9021428571428,683.7227999999999,0.014309546800922253
META,2025-11-18,591.6,603.66,583.78,597.769,-0.006863266323309469,19.879999999999995,3.3603786342123048,612.482,679.8791,0.013838553313493363
META,2025-11-19,593.715,595.33,581.25,590.32,-0.012461335398791129,14.080000000000041,2.3715082152211147,606.5591428571428,675.6284333333333,0.010072484090375384
META,2025-11-20,603.5,606.72,583.35,589.23,-0.0018464561593712903,23.370000000000005,3.872410936205469,601.152,670.8191,0.010486283898091473
META,2025-11-21,588.5,598.12,581.86,594.38,0.008740220287493772,16.25999999999999,2.762956669498724,599.0555714285714,667.1217666666666,0.007846732000212972
META,2025-11-24,598.72,616.7,597.6301,612.99,0.03130993640432056,19.069900000000075,3.1851115713522304,599.4855714285713,663.7017666666667,0.015418098677516104
META,2025-11-25,624.0,637.045,618.3,636.22,0.03789621364133189,18.745000000000005,3.004006410256411,603.2584285714286,661.2874333333333,0.020787676791941063
META,2025-11-26,637.69,638.36,631.63,633.61,-0.004102354531451358,6.730000000000018,1.0553717323464407,607.7884285714287,658.4857666666667,0.019660052356521265
META,2025-11-28,636.075,648.05,635.5,647.95,0.02263221855715658,12.549999999999955,1.973037770703133,614.9571428571428,656.3484333333333,0.019218244935541553
META,2025-12-01,639.55,645.32,637.76,640.87,-0.010926769040821127,7.560000000000059,1.182081150809172,622.1785714285714,653.8136,0.018902345832771533
META,2025-12-02,642.34,647.87,638.07,647.1,0.0097211602977203,9.799999999999955,1.525671762617921,630.4457142857143,650.9741333333334,0.0179774243431189
META,2025-12-03,644.41,648.8499,637.55,639.6,-0.011590171534538674,11.299900000000093,1.7535264815878235,636.9057142857143,647.8518,0.02037734786669342
META,2025-12-04,676.0,676.1,660.05,661.53,0.03428705440900548,16.050000000000068,2.374260355029596,643.84,645.4558,0.020903337431169206
META,2025-12-05,664.0,674.69,662.3947,673.42,0.017973485707375225,12.295300000000111,1.8517018072289324,649.1542857142857,643.4364666666667,0.017773762924562488
META,2025-12-08,669.34,676.71,665.07,666.8,-0.009830417867007224,11.639999999999986,1.7390265037200803,653.8957142857143,641.0511333333333,0.01855385783511998
META,2025-12-09,663.765,664.48,653.34,656.96,-0.014757048590281818,11.139999999999986,1.6783048217366066,655.1828571428571,637.9224666666667,0.018839957890249073
META,2025-12-10,649.95,654.51,643.3976,650.13,-0.010396371164150042,11.11239999999998,1.7097315178090589,656.5057142857142,634.5454666666667,0.01877968585194072
META,2025-12-11,643.29,655.28,640.795,652.71,0.003968437081814491,14.485000000000014,2.2517060734660905,657.3071428571428,631.2361333333333,0.018519827546428065
META,2025-12-12,649.8,652.01,638.61,644.23,-0.012991987253144655,13.399999999999977,2.062172976300397,657.9685714285714,630.5178,0.01869023809333728
META,2025-12-15,645.7,653.0,638.7001,647.5,0.005075826956211227,14.29989999999998,2.214635279541579,655.9642857142857,630.4851333333335,0.012200367914296358
META,2025-12-16,643.5,662.52,643.2,657.15,0.014903474903474878,19.319999999999936,3.0023310023309926,653.64,631.1331333333333,0.011346302810718625
META,2025-12-17,655.61,661.23,649.2,649.21,-0.012082477364376398,12.029999999999973,1.8349323530757573,651.1271428571429,631.8628,0.01158731608509993
META,2025-12-18,657.025,670.56,656.46,664.55,0.023628717980314518,14.099999999999909,2.146037060994621,652.2114285714287,632.8161333333334,0.014282096970792262
META,2025-12-19,666.42,671.0,658.22,658.79,-0.008667519374012445,12.779999999999973,1.9177095525344339,653.4485714285714,634.1444666666666,0.014050530642439527
META,2025-12-22,661.645,673.58,656.65,661.5,0.004113602210112477,16.930000000000064,2.5587739648905474,654.7042857142858,635.4707999999999,0.014054067576716518
META,2025-12-23,660.05,666.0,658.25,664.94,0.005200302343159491,7.75,1.1741534732217258,657.6628571428572,636.5761333333334,0.012405704795506858
META,2025-12-24,662.53,668.18,662.2,667.55,0.003925166180407169,5.9799999999999045,0.9026006369522745,660.5271428571428,637.9251333333334,0.012405910442306144
META,2025-12-26,668.06,668.9499,661.3201,663.29,-0.006381544453598953,7.629799999999932,1.142083046432945,661.4042857142857,639.7329666666667,0.012013758070271401
META,2025-12-29,658.01,660.23,654.39,658.69,-0.006935126415293369,5.840000000000032,0.887524505706605,662.7585714285714,641.3566333333333,0.011180251648811566
META,2025-12-30,658.69,672.22,657.84,666.01,0.01111296664591821,14.379999999999995,2.1831210432828785,662.9671428571429,643.2299666666665,0.0075940201011150885
META,2025-12-31,664.75,665.0,659.44,660.09,-0.00888875542409262,5.559999999999945,0.8364046634072877,663.1528571428571,645.1696333333333,0.007638080133958871
META,2026-01-02,662.725,664.39,643.5,650.41,-0.014664666939356863,20.889999999999986,3.1521370100720487,661.5685714285715,646.9243333333333,0.009213347310532157
META,2026-01-05,650.41,664.54,647.7512,658.8,0.012899555664888318,16.788799999999924,2.581264125705313,660.6914285714286,649.2070000000001,0.01062063828972362
META,2026-01-06,659.57,665.52,651.91,660.62,0.002762598664238114,13.610000000000014,2.0634655912185234,659.7014285714286,651.5866666666667,0.01053448844447271
META,2026-01-07,655.64,659.15,644.81,648.69,-0.01805879325482118,14.340000000000032,2.187175889207497,657.6157142857143,653.397,0.012234435154948623
META,2026-01-08,645.88,647.102,635.72,646.06,-0.004054324870123027,11.381999999999948,1.7622468570012924,655.8114285714286,654.4993333333333,0.012132359161343871
META,2026-01-09,645.435,654.95,642.85,653.06,0.010834906974584335,12.100000000000023,1.8747046565494627,653.9614285714285,655.0606666666666,0.012079942939565907
META,2026-01-12,652.525,653.95,641.225,641.97,-0.016981594340489292,12.725000000000023,1.9501168537603957,651.3728571428571,655.3393333333333,0.013110008769411381
META,2026-01-13,642.27,642.27,624.1,631.09,-0.01694783245322984,18.16999999999996,2.8290282902828965,648.6128571428571,654.7773333333333,0.013446695666307438
META,2026-01-14,626.5,628.45,614.815,615.58,-0.02457652632746521,13.634999999999991,2.176376695929767,642.4385714285714,653.9343333333334,0.012945368116098425
META,2026-01-15,618.48,624.17,614.23,620.8,0.008479807661067484,9.93999999999994,1.6071659552451072,636.75,653.0576666666667,0.013991544862563873
META,2026-01-16,624.1762,629.08,620.08,620.25,-0.0008859536082473918,9.0,1.4419005402641114,632.6871428571428,652.4126666666667,0.013588639697368851
META,2026-01-20,607.88,611.4,600.0,604.67,-0.025118903667875947,11.399999999999977,1.875370138843189,626.7742857142857,650.5173333333332,0.015239406700802234
META,2026-01-21,606.74,618.27,600.08,613.05,0.013858799014338397,18.18999999999994,2.9979892540462045,621.0585714285714,648.505,0.015932824302447666
META,2026-01-22,629.35,660.57,626.55,647.63,0.05640649212951643,34.020000000000095,5.405577182807673,621.8671428571428,647.866,0.02872476819771209
META,2026-01-23,644.77,666.4899,644.445,658.76,0.01718573877059426,22.044899999999984,3.419033143601592,625.8199999999999,647.926,0.027937338103241123
META,2026-01-26,665.125,675.28,661.2855,672.36,0.020644847896047258,13.994500000000016,2.1040405938733344,633.9314285714287,648.667,0.02458692590837771
META,2026-01-27,674.59,676.815,664.66,672.97,0.000907252067344988,12.155000000000086,1.8018351887813466,641.3842857142856,649.3423333333334,0.02497926965256068
META,2026-01-28,674.5,677.6775,666.1,668.63,-0.006449024473602183,11.577499999999986,1.7164566345441046,648.2957142857142,650.1556666666668,0.025534580719905785
META,2026-01-29,737.43,744.0,712.55,738.58,0.10461690322001704,31.450000000000045,4.264811575335971,667.4257142857142,653.1916666666665,0.03862430939601146
META,2026-01-30,727.5,732.1366,713.59,716.8,-0.029489019469793543,18.546600000000012,2.5493608247422697,682.2471428571429,655.1800000000001,0.04458317708195628
META,2026-02-02,714.6,721.3,703.5201,706.4,-0.014508928571428492,17.779899999999998,2.4880912398544637,690.6428571428571,657.0863333333333,0.043885567399052285
META,2026-02-03,707.37,715.0,686.41,691.6,-0.02095130237825593,28.590000000000032,4.041732049705251,695.3342857142858,657.9879999999999,0.04565055682491274
META,2026-02-04,687.73,688.83,667.46,668.99,-0.03269230769230769,21.370000000000005,3.107324095211784,694.8528571428571,658.328,0.04756516793375295
META,2026-02-05,663.58,681.5,654.01,670.31,0.001973123664030796,27.49000000000001,4.142680611229996,694.472857142857,658.6216666666667,0.047569497306428704
META,2026-02-06,665.49,671.9899,646.5001,661.46,-0.013202846444182459,25.48980000000006,3.830230356579371,693.4485714285713,658.5056666666666,0.047798491025899385
META,2026-02-09,663.18,683.3099,658.78,677.22,0.023826081698061774,24.529899999999998,3.6988298802738324,684.6828571428571,658.828,0.019581049630427307
META,2026-02-10,677.6,680.65,669.79,670.72,-0.009598062667966145,10.860000000000014,1.602715466351832,678.1,659.0756666666665,0.018026957038261317
META,2026-02-11,674.0,679.2675,657.1,668.69,-0.003026598282442672,22.167500000000018,3.2889465875370947,672.7128571428572,659.409,0.0179971887602862
META,2026-02-12,669.97,676.0,645.28,650.05,-0.02787539816656459,30.720000000000027,4.585279937907671,666.777142857143,658.8770000000001,0.019010719391654236
META,2026-02-13,645.1,651.4299,634.58,639.76,-0.015829551572955847,16.849899999999934,2.611982638350633,662.6014285714285,658.1993333333334,0.016337880233625264
MSFT,2023-01-03,243.08,245.75,237.4,239.58,,8.349999999999994,3.435083100213919,239.58,239.58,
MSFT,2023-01-04,232.275,232.87,225.96,229.1,-0.04374321729693642,6.909999999999997,2.9749219674954244,234.34,234.34,
MSFT,2023-01-05,227.2,227.55,221.76,222.31,-0.02963771278917504,5.7900000000000205,2.5484154929577554,230.33,230.33,0.009974097889495485
MSFT,2023-01-06,223.0,225.76,219.35,224.93,0.01178534478880855,6.409999999999997,2.874439461883407,228.98000000000002,228.98000000000002,0.02886247899909112
MSFT,2023-01-09,226.45,231.237,226.41,227.12,0.009736362423865108,4.826999999999998,2.1315963788915866,228.608,228.608,0.028007198090499008
MSFT,2023-01-10,227.755,231.31,227.33,228.85,0.007617118703768799,3.9799999999999898,1.7474918223529625,228.64833333333334,228.64833333333334,0.025942734652383472
MSFT,2023-01-11,231.29,235.95,231.11,235.77,0.030238147258029313,4.839999999999975,2.092611007825663,229.6657142857143,229.6657142857143,0.028161090518594282
MSFT,2023-01-12,235.26,239.9,233.56,238.51,0.011621495525300007,6.340000000000003,2.6948907591600797,229.51285714285717,230.77125,0.026242994349230664
MSFT,2023-01-13,237.002,239.37,234.92,239.23,0.0030187413525637474,4.450000000000017,1.8776212858963286,230.96,231.7111111111111,0.018015087674985168
MSFT,2023-01-17,237.97,240.91,237.09,240.35,0.0046816870793797705,3.819999999999993,1.6052443585325853,233.53714285714287,232.575,0.00901257681388926
MSFT,2023-01-18,241.565,242.38,235.52,235.81,-0.0188891200332848,6.859999999999985,2.839815370604179,235.09142857142857,232.86909090909091,0.014494675995224637
MSFT,2023-01-19,233.78,235.52,230.68,231.93,-0.016453924769941897,4.840000000000003,2.0703225254512807,235.77857142857144,232.79083333333332,0.01682202140053337
MSFT,2023-01-20,234.855,240.74,234.51,240.22,0.035743543310481574,6.230000000000018,2.6527006024994226,237.40285714285713,233.3623076923077,0.02093238040249842
MSFT,2023-01-23,241.1,245.165,239.65,242.58,0.009824327699608837,5.514999999999986,2.2874326005806664,238.37571428571428,234.0207142857143,0.01845274673645042
MSFT,2023-01-24,242.5,243.95,240.44,242.04,-0.0022260697501855775,3.509999999999991,1.4474226804123673,238.87999999999997,234.55533333333332,0.01826848825171779
MSFT,2023-01-25,234.48,243.3,230.9,240.61,-0.005908114361262484,12.400000000000006,5.288297509382466,239.07714285714286,234.93375,0.018515201554599233
MSFT,2023-01-26,243.65,248.31,242.0,248.0,0.030713602925896533,6.310000000000002,2.589780422737534,240.17000000000002,235.70235294117649,0.021722124637385477
MSFT,2023-01-27,248.99,249.83,246.83,248.16,0.00064516129032266,3.0,1.2048676653680872,241.93428571428572,236.39444444444447,0.01930941550598706
MSFT,2023-01-30,244.51,245.6,242.2,242.71,-0.021961637653126975,3.4000000000000057,1.3905361743895979,243.4742857142857,236.7268421052632,0.02052125356368732
MSFT,2023-01-31,243.45,247.95,242.945,247.81,0.021012731243047256,5.0049999999999955,2.0558636270281356,244.55857142857144,237.281,0.017591509389989556
MSFT,2023-02-01,248.0,255.18,245.47,252.75,0.019934627335458588,9.710000000000008,3.915322580645165,246.01142857142858,238.01761904761904,0.01848562810620481
MSFT,2023-02-02,258.82,264.69,257.25,264.6,0.04688427299703268,7.439999999999998,2.8745846534270916,249.23428571428573,239.2259090909091,0.02347576357135074
MSFT,2023-02-03,259.542,264.2,257.1,258.35,-0.02362055933484508,7.099999999999966,2.735588074377159,251.76857142857145,240.05739130434782,0.026605204496894373
MSFT,2023-02-06,257.44,258.3,254.78,256.77,-0.006115734468744138,3.5200000000000102,1.3673088875077728,253.02142857142857,240.75375,0.02556651920267349
MSFT,2023-02-07,260.53,268.775,260.08,267.56,0.04202204307356783,8.694999999999993,3.3374275515295717,255.79285714285717,241.826,0.02889042744883564
MSFT,2023-02-08,273.2,276.76,266.21,266.73,-0.003102107938406262,10.550000000000011,3.8616398243045436,259.2242857142857,242.78384615384616,0.026023391198114296
MSFT,2023-02-09,273.8,273.98,262.8,263.62,-0.01165973081393179,11.180000000000007,4.083272461650842,261.48285714285714,243.55555555555554,0.02741913494370872
MSFT,2023-02-10,261.53,264.09,260.662,263.1,-0.001972536226386379,3.4279999999999973,1.3107482889152287,262.9614285714286,244.25357142857143,0.027238234785220077
MSFT,2023-02-13,267.64,274.6,267.15,271.32,0.03124287343215504,7.4500000000000455,2.783589896876418,263.9214285714286,245.18689655172415,0.023749399635316366
MSFT,2023-02-14,272.67,274.97,269.28,272.17,0.0031328320802006537,5.690000000000055,2.086771555359979,265.8957142857143,246.08633333333333,0.020530578840573594
MSFT,2023-02-15,268.32,270.73,266.18,269.32,-0.010471396553624612,4.550000000000011,1.6957364341085315,267.68857142857144,247.07766666666666,0.021076070074465447
MSFT,2023-02-16,264.02,266.74,261.9,262.15,-0.02662260507945946,4.840000000000032,1.8331944549655452,266.9157142857143,248.17933333333335,0.01779396086988309
MSFT,2023-02-17,259.39,260.09,256.0,258.06,-0.015601754720579675,4.089999999999975,1.5767762828173697,265.6771428571429,249.371,0.018446995726641935
MSFT,2023-02-21,254.48,255.49,251.59,252.67,-0.020886615515771534,3.9000000000000057,1.5325369380697915,264.11285714285714,250.29566666666668,0.01934620852738821
MSFT,2023-02-22,254.09,254.34,250.34,251.51,-0.004590968456880451,4.0,1.5742453461371955,262.45714285714286,251.10866666666666,0.019283214696765166
MSFT,2023-02-23,255.56,256.84,250.48,254.77,0.012961711263965725,6.359999999999985,2.4886523712631026,260.09285714285716,251.97266666666664,0.013822908013976613
MSFT,2023-02-24,249.96,251.0,248.1,249.22,-0.021784354515837823,2.9000000000000057,1.1601856297007545,256.8142857142857,252.421,0.013419723526583521
MSFT,2023-02-27,252.46,252.82,249.39,250.16,0.003771767915897506,3.430000000000007,1.35863107026856,254.07714285714286,252.8093333333333,0.01477699162528118
MSFT,2023-02-28,249.07,251.49,248.73,249.42,-0.0029581068116405485,2.7600000000000193,1.1081222146384628,252.25857142857143,253.149,0.013051472030517772
MSFT,2023-03-01,250.76,250.93,245.79,246.27,-0.012629299975944086,5.140000000000015,2.049768703142453,250.5742857142857,253.34633333333335,0.012770781514551537
MSFT,2023-03-02,246.55,251.4,245.61,251.11,0.019653226133918178,5.789999999999992,2.348408030825387,250.35142857142858,253.8563333333333,0.01430573588445886
MSFT,2023-03-03,252.19,255.62,251.39,255.29,0.01664609135438644,4.230000000000018,1.6773067924977272,250.89142857142858,254.63500000000002,0.015563543258744057
MSFT,2023-03-06,256.425,260.12,255.98,256.87,0.006189039915390326,4.140000000000015,1.61450716583797,251.19142857142856,255.19,0.01498551341359898
MSFT,2023-03-07,256.3,257.69,253.39,254.15,-0.010589013898080757,4.300000000000011,1.6777214202106947,251.89571428571432,255.57566666666668,0.012507509490968422
MSFT,2023-03-08,254.04,254.542,250.81,253.7,-0.0017706079087154158,3.7319999999999993,1.4690599905526687,252.40142857142857,255.96433333333334,0.012615800765751061
MSFT,2023-03-09,255.82,259.56,251.58,252.32,-0.005439495467087108,7.97999999999999,3.1193808146352864,252.81571428571428,256.3546666666667,0.012814171943022678
MSFT,2023-03-10,251.08,252.79,247.6,248.59,-0.014782815472415889,5.189999999999998,2.0670702564919536,253.14714285714285,256.37433333333337,0.013235106565378374
MSFT,2023-03-13,247.4,257.91,245.73,253.92,0.021440926827305917,12.180000000000035,4.923201293451914,253.54857142857145,256.5663333333333,0.01365623085195935
MSFT,2023-03-14,256.75,261.07,255.86,260.79,0.0270557655954633,5.2099999999999795,2.029211295034072,254.33428571428573,257.169,0.01593537559048564
MSFT,2023-03-15,259.98,266.48,259.21,265.44,0.017830438283676475,7.270000000000039,2.7963689514578194,255.55857142857144,257.75666666666666,0.016883707256262422
MSFT,2023-03-16,265.205,276.56,263.28,276.2,0.040536467751657534,13.28000000000003,5.007447069248329,258.7085714285714,258.53833333333336,0.01989601187310256
MSFT,2023-03-17,278.26,283.33,276.32,279.43,0.011694424330195519,7.009999999999991,2.5192266225831923,262.38428571428574,259.03266666666667,0.01895749990050864
MSFT,2023-03-20,276.98,277.48,269.85,272.23,-0.02576673943384744,7.6299999999999955,2.7547115315185193,265.2285714285714,259.49533333333335,0.023461820108819302
MSFT,2023-03-21,274.88,275.0,269.519,273.78,0.005693714873452382,5.4809999999999945,1.9939610011641424,268.82714285714286,260.06233333333336,0.020818048256097274
MSFT,2023-03-22,273.4,281.04,272.18,272.29,-0.0054423259551462655,8.860000000000014,3.2406730065837657,271.45142857142855,260.22,0.02169279642303185
MSFT,2023-03-23,277.94,281.06,275.2,277.66,0.019721620331264456,5.860000000000014,2.1083687126718047,273.8614285714286,260.58433333333335,0.02090752428516577
MSFT,2023-03-24,277.24,280.63,275.28,280.57,0.010480443708132059,5.350000000000023,1.9297359688356739,276.0228571428571,261.14933333333335,0.020582788009674925
MSFT,2023-03-27,280.5,281.459,275.52,276.38,-0.014933884592080449,5.939000000000021,2.1172905525846777,276.04857142857145,261.592,0.016249232904262532
MSFT,2023-03-28,275.79,276.14,272.045,275.23,-0.004160937839206791,4.09499999999997,1.4848254106385186,275.4485714285714,261.7223333333333,0.01546728943360182
MSFT,2023-03-29,278.96,281.14,278.41,280.51,0.019183955237437766,2.7299999999999613,0.978634929739017,276.63142857142856,262.00033333333334,0.01313972057161553
MSFT,2023-03-30,284.23,284.46,281.48,284.05,0.01261987094934236,2.9799999999999613,1.048446680505211,278.09857142857146,262.49133333333333,0.013512108315560028
MSFT,2023-03-31,283.73,289.27,283.0,288.3,0.01496215455025518,6.269999999999982,2.209847390124408,280.3857142857143,263.363,0.012985856625803033
MSFT,2023-04-03,286.52,288.27,283.95,287.23,-0.003711411723898661,4.319999999999993,1.5077481502163874,281.7528571428571,264.3353333333333,0.012554237449775936
MSFT,2023-04-04,287.23,290.45,285.67,287.18,-0.00017407652404000107,4.779999999999973,1.664171569822084,282.69714285714286,265.4856666666667,0.01241281566714554
MSFT,2023-04-05,285.85,287.15,282.92,284.34,-0.009889268054878553,4.229999999999961,1.4797970963792062,283.8342857142857,266.58,0.011264446140236934
MSFT,2023-04-06,283.21,292.08,282.03,291.6,0.025532812829710982,10.050000000000011,3.548603509763078,286.17285714285714,267.8076666666667,0.01307276863058732
MSFT,2023-04-10,289.208,289.6,284.71,289.39,-0.007578875171467936,4.890000000000043,1.690824596829978,287.4414285714286,269.1466666666667,0.01329149468023977
MSFT,2023-04-11,285.75,285.98,281.64,282.83,-0.022668371401914356,4.340000000000032,1.5188101487314196,287.26714285714286,270.2356666666667,0.016108540038497456
MSFT,2023-04-12,284.79,287.01,281.96,283.49,0.0023335572605451826,5.050000000000011,1.7732364198181156,286.58000000000004,271.3713333333333,0.014736465998149487
MSFT,2023-04-13,283.59,289.9,283.17,289.84,0.02239937916681356,6.729999999999961,2.373144328079256,286.9528571428571,272.82366666666667,0.017388054625133213
MSFT,2023-04-14,287.0,288.48,283.69,286.14,-0.012765663814518269,4.7900000000000205,1.6689895470383347,286.80428571428575,273.99133333333333,0.018212465731654612
MSFT,2023-04-17,289.93,291.6,286.16,288.8,0.009296148738379806,5.439999999999998,1.8763149725795873,287.44142857142856,275.10833333333335,0.01798449809728437
MSFT,2023-04-18,291.57,291.755,287.01,288.37,-0.0014889196675900163,4.7450000000000045,1.6273965085571236,286.97999999999996,276.15833333333336,0.014800907530763442
MSFT,2023-04-19,285.99,289.05,284.54,288.45,0.0002774213683809368,4.509999999999991,1.5769782160215362,286.8457142857143,277.3016666666666,0.014558669612044065
MSFT,2023-04-20,285.25,289.03,285.08,286.11,-0.008112324492979606,3.9499999999999886,1.3847502191060435,287.3142857142857,278.38199999999995,0.011577974956086604
MSFT,2023-04-21,285.01,286.27,283.061,285.76,-0.001223305721575696,3.209000000000003,1.1259254061261021,287.6385714285714,279.49666666666667,0.01162378497625623
MSFT,2023-04-24,282.09,284.95,278.72,281.77,-0.013962765957446832,6.229999999999961,2.2085150129391193,286.4857142857143,280.60266666666666,0.008186413339474438
MSFT,2023-04-25,279.51,281.6,275.37,275.42,-0.022536111012527837,6.230000000000018,2.2289005760080207,284.95428571428573,281.3193333333333,0.010450477118576443
MSFT,2023-04-26,296.7,299.57,292.73,295.37,0.07243482680996283,6.839999999999975,2.3053589484327524,285.89285714285717,282.472,0.03143022640388215
MSFT,2023-04-27,295.97,305.2,295.25,304.83,0.03202762636692946,9.949999999999989,3.3618272122174506,288.2442857142857,283.78499999999997,0.03303306325719541
MSFT,2023-04-28,304.01,308.93,303.31,307.26,0.00797165633303809,5.6200000000000045,1.8486234005460362,290.93142857142857,284.82033333333334,0.03284462880311321
MSFT,2023-05-01,306.97,308.6,305.15,305.56,-0.005532773546833236,3.4500000000000455,1.1238883278496417,293.71,285.6913333333333,0.03262765739391661
MSFT,2023-05-02,307.76,309.18,303.91,305.41,-0.000490901950517042,5.269999999999982,1.712373277878861,296.51714285714286,286.7973333333333,0.032587256539622245
MSFT,2023-05-03,306.62,308.61,304.09,304.4,-0.0033070298942406984,4.520000000000039,1.4741373687300368,299.75,287.81800000000004,0.03151319093166758
MSFT,2023-05-04,306.24,307.763,303.4,305.41,0.0033180026281209862,4.3629999999999995,1.424699582027168,304.0342857142858,288.92199999999997,0.028198663135663243
MSFT,2023-05-05,305.72,311.97,304.27,310.65,0.017157264005762674,7.7000000000000455,2.5186445113175604,306.21714285714285,290.02166666666665,0.01330924254914782
MSFT,2023-05-08,310.13,310.2,306.09,308.65,-0.006438113632705633,4.110000000000014,1.3252507013188062,306.7628571428572,290.9576666666666,0.008457781726079515
MSFT,2023-05-09,308.0,310.04,306.31,307.0,-0.005345861007613695,3.730000000000018,1.2110389610389671,306.7257142857143,291.97833333333335,0.008338055270469866
MSFT,2023-05-10,308.62,313.0,307.67,312.31,0.01729641693811068,5.329999999999984,1.7270429654591353,307.69,293.2143333333333,0.010127610529876915
MSFT,2023-05-11,310.1,311.12,306.26,310.11,-0.0070442829240178195,4.860000000000014,1.5672363753627905,308.3614285714285,294.201,0.010802813429794932
MSFT,2023-05-12,310.55,310.65,306.6,308.97,-0.0036761149269614046,4.0499999999999545,1.3041378199967653,309.0142857142857,295.03166666666664,0.010835216383649135
MSFT,2023-05-15,309.095,309.905,307.59,309.46,0.0015859144900798317,2.3149999999999977,0.7489606755204703,309.59285714285716,295.737,0.010824697072870981
MSFT,2023-05-16,309.83,313.71,309.83,311.74,0.007367672720222318,3.8799999999999955,1.2522996481941697,309.7485714285714,296.55400000000003,0.009010390242928778
MSFT,2023-05-17,312.29,314.43,310.74,314.0,0.007249631102842047,3.6899999999999977,1.1815940311889583,310.5128571428572,297.44800000000004,0.008725607646700412
MSFT,2023-05-18,314.53,319.04,313.72,318.52,0.0143949044585987,5.319999999999993,1.691412583855274,312.15857142857146,298.58733333333333,0.008957801482101816
MSFT,2023-05-19,316.74,318.75,316.37,318.34,-0.0005651136506341636,2.3799999999999955,0.7514049378038756,313.02000000000004,299.4786666666667,0.007379485369132474
MSFT,2023-05-22,318.6,322.59,318.01,321.18,0.008921279135515547,4.579999999999984,1.4375392341493984,314.6014285714286,300.5383333333333,0.006220902396358351
MSFT,2023-05-23,320.03,322.72,315.25,315.26,-0.018432031882433586,7.470000000000027,2.334156172858803,315.5,301.6193333333333,0.010614851089676405
MSFT,2023-05-24,314.73,316.5,312.61,313.85,-0.004472498889805165,3.8899999999999864,1.2359800463889639,316.1271428571428,302.6313333333334,0.010983461351507538
MSFT,2023-05-25,323.24,326.9,320.0,325.92,0.03845786203600454,6.899999999999977,2.1346368023759363,318.1528571428571,303.834,0.017710525878061396
MSFT,2023-05-26,324.02,333.4,323.88,332.89,0.02138561610211087,9.519999999999982,2.938090241343122,320.8514285714286,305.3923333333333,0.018593149145872997
MSFT,2023-05-30,335.23,335.74,330.52,331.21,-0.005046712127129149,5.220000000000027,1.5571398741162863,322.6642857142857,306.806,0.019017770389561504
MSFT,2023-05-31,332.29,335.94,327.33,328.39,-0.008514235681289839,8.610000000000014,2.591110174847276,324.09999999999997,308.14,0.01968337173019268
MSFT,2023-06-01,325.93,333.53,324.72,332.58,0.012759219221048168,8.809999999999945,2.7030343938882413,325.7285714285714,309.611,0.019875852273523748
MSFT,2023-06-02,334.247,337.5,332.55,335.4,0.00847916290817241,4.949999999999989,1.4809407414277431,328.60571428571427,311.25399999999996,0.016936836515753537
MSFT,2023-06-05,335.22,338.56,334.66,335.94,0.001610017889087656,3.8999999999999773,1.163415070699832,331.76142857142855,312.9266666666666,0.01627304915567413
MSFT,2023-06-06,335.33,335.37,332.17,333.68,-0.006727391796154003,3.1999999999999886,0.9542838397995971,332.87,314.657,0.01122449919715879
MSFT,2023-06-07,331.65,334.49,322.5,323.38,-0.030867897386717802,11.990000000000009,3.615257048092872,331.51142857142855,316.2556666666666,0.01425281378595443
MSFT,2023-06-08,323.935,326.64,323.35,325.26,0.0058135939142804904,3.2899999999999636,1.0156358528717069,330.6614285714286,317.252,0.01470925423730389
MSFT,2023-06-09,324.99,329.99,324.41,326.79,0.004703929164360909,5.579999999999984,1.7169759069509782,330.43285714285713,317.98400000000004,0.014655717809659737
MSFT,2023-06-12,328.58,332.1,325.16,331.85,0.015483949937268537,6.939999999999998,2.112118814291801,330.3285714285715,318.8036666666667,0.015099267983900004
MSFT,2023-06-13,334.465,336.98,330.39,334.29,0.007352719602229829,6.590000000000032,1.9703107948514889,330.17,319.7613333333333,0.014996822567720093
MSFT,2023-06-14,334.34,339.04,332.81,337.34,0.00912381465194878,6.230000000000018,1.8633726147036007,330.37,320.8256666666667,0.015425428412542769
MSFT,2023-06-15,337.48,349.84,337.2,348.1,0.03189660283393625,12.639999999999986,3.74540713523764,332.43,322.2823333333333,0.018853821477015732
MSFT,2023-06-16,351.32,351.47,341.95,342.33,-0.01657569663889702,9.520000000000039,2.709780257315279,335.13714285714286,323.513,0.014421546878668931
MSFT,2023-06-20,339.31,342.08,335.86,338.05,-0.012502556013203603,6.21999999999997,1.8331319442397722,336.9642857142857,324.4263333333333,0.016456754738169356
MSFT,2023-06-21,336.37,337.73,332.07,333.56,-0.013282058867031488,5.660000000000025,1.682670868388984,337.93142857142857,325.2566666666667,0.017962540943430805
MSFT,2023-06-22,334.12,340.12,333.34,339.71,0.018437462525482617,6.78000000000003,2.029211061893939,339.05428571428575,326.347,0.01833356721086381
MSFT,2023-06-23,334.36,337.96,333.45,335.02,-0.013805893261899849,4.509999999999991,1.3488455556884766,339.15857142857146,327.10400000000004,0.019309379490480907
MSFT,2023-06-26,334.63,336.11,328.49,328.6,-0.019163035042683907,7.6200000000000045,2.277141917939218,337.90999999999997,327.7203333333334,0.020138633525745905
MSFT,2023-06-27,331.86,336.15,329.3,334.57,0.01816798539257447,6.849999999999966,2.0641234255408802,335.9771428571429,328.5736666666667,0.016437265417511962
MSFT,2023-06-28,334.66,337.98,333.81,335.85,0.003825806258779929,4.170000000000016,1.2460407577840242,335.0514285714286,329.4533333333333,0.015954341453747713
MSFT,2023-06-29,334.71,336.11,332.62,335.05,-0.0023820157808546183,3.490000000000009,1.04269367512175,334.6228571428572,330.2303333333333,0.015356618480927816
MSFT,2023-06-30,337.75,342.73,337.2,340.54,0.01638561408744965,5.53000000000003,1.6373056994818742,335.62,331.115,0.015549988761398324
MSFT,2023-07-03,339.19,340.9,336.571,337.99,-0.007488107123979626,4.328999999999951,1.2762758336035704,335.3742857142857,331.764,0.014317413515685504
MSFT,2023-07-05,335.09,341.65,334.728,338.15,0.00047338678659114564,6.921999999999969,2.0657136888597,335.82142857142856,332.4243333333333,0.013093367013255029
MSFT,2023-07-06,337.3,342.99,335.5,341.27,0.009226674552713199,7.490000000000009,2.220575155647794,337.63142857142856,333.09400000000005,0.009589380819567053
MSFT,2023-07-07,339.32,341.79,337.0,337.22,-0.011867436340727178,4.7900000000000205,1.4116468230578865,338.00999999999993,333.826,0.009674001569922819
MSFT,2023-07-10,334.6,335.23,327.59,331.83,-0.015983630864124465,7.640000000000043,2.2833233711894927,337.4357142857143,334.42533333333336,0.011493197064805002
MSFT,2023-07-11,331.06,332.86,327.0,332.47,0.0019286984299191623,5.860000000000014,1.7700718902917942,337.06714285714287,334.64366666666666,0.011563472823952089
MSFT,2023-07-12,336.6,341.652,335.67,337.2,0.014226847535115938,5.981999999999971,1.777183600713004,336.59000000000003,334.7873333333334,0.011037924352315907
MSFT,2023-07-13,339.56,343.74,339.02,342.66,0.016192170818505547,4.720000000000027,1.3900341618565282,337.2571428571428,335.169,0.012390757388300198
MSFT,2023-07-14,347.59,351.43,344.31,345.24,0.007529329364384552,7.1200000000000045,2.048390344946634,338.27,335.73066666666665,0.012529427022215317
MSFT,2023-07-17,345.678,346.99,342.2,345.73,0.0014193025141930882,4.7900000000000205,1.3856826294991351,338.90714285714284,336.169,0.012230440852383586
MSFT,2023-07-18,345.83,366.78,342.17,359.49,0.039799843808752566,24.609999999999957,7.116213168319682,342.0885714285714,336.97200000000004,0.017131136559469042
MSFT,2023-07-19,361.75,362.46,352.435,355.08,-0.012267378786614436,10.024999999999977,2.771250863856248,345.40999999999997,337.61,0.016251967093446378
MSFT,2023-07-20,353.57,357.97,345.37,346.87,-0.02312155007322292,12.600000000000023,3.5636507622253086,347.46714285714285,338.04966666666667,0.020488298907995414
MSFT,2023-07-21,349.15,350.3,339.83,343.77,-0.00893706575950648,10.470000000000027,2.998711155663763,348.4057142857143,338.7293333333334,0.020853360493234524
MSFT,2023-07-24,345.85,346.92,342.31,345.11,0.0038979550280711095,4.610000000000014,1.3329478097441125,348.7557142857143,339.391,0.020054104710354632
MSFT,2023-07-25,347.11,351.89,345.07,350.98,0.01700906957202042,6.819999999999993,1.9647950217510277,349.57571428571424,340.19733333333335,0.020857638643231147
MSFT,2023-07-26,341.44,344.67,333.11,337.77,-0.0376374722206394,11.560000000000002,3.3856607310215567,348.4385714285714,340.3946666666667,0.025837718524297965
MSFT,2023-07-27,340.48,341.33,329.05,330.72,-0.020872191135979934,12.279999999999973,3.6066729323308193,344.3285714285715,340.27566666666667,0.018086808477616317
MSFT,2023-07-28,333.67,340.01,333.17,338.37,0.023131349782293142,6.839999999999975,2.049929571133148,341.9414285714286,340.31000000000006,0.02234940883778709
MSFT,2023-07-31,336.92,337.695,333.36,335.92,-0.007240594615361862,4.3349999999999795,1.2866555858957553,340.3771428571428,339.90400000000005,0.021173461624024028
MSFT,2023-08-01,335.19,338.54,333.7,336.34,0.0012502976899260165,4.840000000000032,1.4439571586264601,339.3157142857143,339.7043333333333,0.021158008918266615
MSFT,2023-08-02,333.63,333.63,326.355,327.5,-0.026282927989534355,7.274999999999977,2.180559302221017,336.8,339.35266666666666,0.022564711666985742
MSFT,2023-08-03,326.0,329.88,325.95,326.66,-0.002564885496183167,3.930000000000007,1.2055214723926402,333.3257142857143,339.1226666666667,0.02014246031683653
MSFT,2023-08-04,331.88,335.14,327.24,327.78,0.0034286414008446453,7.899999999999977,2.380378450042177,331.8985714285714,338.725,0.016393251507649847
MSFT,2023-08-07,328.37,331.11,327.52,330.11,0.007108426383550137,3.590000000000032,1.0932789231659505,331.81142857142856,338.5613333333333,0.014991717667805353
MSFT,2023-08-08,326.96,328.75,323.0,326.05,-0.01229893065947718,5.75,1.758624908245657,330.0514285714286,338.4763333333333,0.011354470220618093
MSFT,2023-08-09,326.47,327.11,321.05,322.23,-0.011715994479374325,6.060000000000002,1.856219560755966,328.0957142857143,338.065,0.011609773926817444
MSFT,2023-08-10,326.015,328.26,321.18,322.93,0.002172361356794772,7.079999999999984,2.171679217213927,326.17999999999995,337.6343333333333,0.011708805305204257
MSFT,2023-08-11,320.26,322.41,319.21,321.01,-0.005945560957483109,3.2000000000000455,0.9991881596203227,325.2528571428571,337.16633333333334,0.007542823043201122
MSFT,2023-08-14,321.39,324.06,320.08,324.04,0.009438958287903976,3.980000000000018,1.2383708267214344,324.87857142857143,336.61633333333333,0.008862447929429125
MSFT,2023-08-15,323.0,325.09,320.903,321.86,-0.0067275644982101035,4.186999999999955,1.2962848297213483,324.03285714285715,336.0786666666666,0.008825701119904175
MSFT,2023-08-16,320.8,324.42,319.803,320.4,-0.004536133722736757,4.617000000000019,1.4392144638404047,322.6457142857143,335.487,0.007727150201912864
MSFT,2023-08-17,320.54,321.87,316.21,316.88,-0.01098626716604234,5.660000000000025,1.7657702626817322,321.3357142857143,334.674,0.0075116301472139485
MSFT,2023-08-18,314.49,318.38,311.551,316.48,-0.0012623074981065185,6.829000000000008,2.171452192438554,320.5142857142857,333.98266666666666,0.006730418239492705
MSFT,2023-08-21,317.93,322.77,317.04,321.88,0.017062689585439772,5.729999999999961,1.8022835215298842,320.36428571428576,333.651,0.01002046814109254
MSFT,2023-08-22,325.5,326.075,321.46,322.46,0.0018019137566793741,4.615000000000009,1.4178187403993883,320.57142857142856,333.31733333333335,0.009732461403123715
MSFT,2023-08-23,323.82,329.2,323.46,327.0,0.014079265645351446,5.740000000000009,1.7725897103329038,320.9942857142857,332.9773333333333,0.01055168432065786
MSFT,2023-08-24,332.85,332.98,319.96,319.97,-0.02149847094801216,13.020000000000039,3.9116719242902325,320.72428571428566,332.22100000000006,0.01350054093920219
MSFT,2023-08-25,321.47,325.36,318.8,322.98,0.009407131918617306,6.560000000000002,2.0406258748872372,321.09285714285716,331.47900000000004,0.013874451493334449
MSFT,2023-08-28,325.66,326.15,321.722,323.7,0.0022292402006314216,4.427999999999997,1.3597003009273465,322.0671428571428,330.74466666666666,0.012792162959274926
MSFT,2023-08-29,321.88,328.983,321.88,328.41,0.014550509731232841,7.103000000000009,2.206723002361131,323.7714285714286,329.70866666666666,0.013276925962911091
MSFT,2023-08-30,328.67,329.81,326.445,328.79,0.0011570902225876978,3.365000000000009,1.0238232877962725,324.75857142857143,328.83233333333334,0.012266085904291948
MSFT,2023-08-31,329.2,330.91,326.78,327.76,-0.003132698683050106,4.130000000000052,1.2545565006075494,325.5157142857143,328.19533333333334,0.012493075905441627
MSFT,2023-09-01,331.31,331.99,326.78,328.66,0.002745911642665577,5.210000000000036,1.5725453502761875,325.7528571428571,327.69166666666666,0.01141491075093309
MSFT,2023-09-05,329.0,334.85,328.66,333.55,0.014878597943163152,6.189999999999998,1.8814589665653487,327.6928571428571,327.30633333333327,0.007014426733513199
MSFT,2023-09-06,333.38,334.46,330.18,332.88,-0.0020086943486734565,4.279999999999973,1.283820265162869,329.10714285714283,326.70300000000003,0.007400346977401448
MSFT,2023-09-07,331.29,333.08,329.03,329.91,-0.008922134102379187,4.050000000000011,1.2224938875305658,329.9942857142857,326.441,0.0089664399952605
MSFT,2023-09-08,330.09,336.16,329.46,334.27,0.013215725500894004,6.7000000000000455,2.0297494622678802,330.8314285714286,326.55933333333337,0.008683453833894315
MSFT,2023-09-11,337.24,338.42,335.43,337.94,0.010979148592455301,2.990000000000009,0.8866089431858644,332.1385714285715,326.54499999999996,0.009196988413719773
MSFT,2023-09-12,335.815,336.79,331.48,331.77,-0.018257678877907413,5.310000000000002,1.5812277593317756,332.7114285714286,326.40666666666664,0.012371342481156029
MSFT,2023-09-13,331.31,336.85,331.17,336.06,0.012930644723754492,5.680000000000007,1.714406447134106,333.7685714285714,326.39733333333334,0.013079175214480435
MSFT,2023-09-14,339.148,340.86,336.57,338.7,0.007855740046420312,4.2900000000000205,1.2649344828806361,334.5042857142857,326.77066666666667,0.012284565885088366
MSFT,2023-09-15,336.92,337.397,329.65,330.22,-0.025036905816356536,7.747000000000014,2.299358898254783,334.1242857142857,326.8893333333333,0.016106036429045376
MSFT,2023-09-18,327.8,330.4,326.36,329.06,-0.0035128096420569133,4.039999999999964,1.2324588163514227,334.0028571428571,326.932,0.015791159212265652
MSFT,2023-09-19,326.17,329.39,324.51,328.65,-0.0012459733787152372,4.8799999999999955,1.496152313210901,333.2,326.8833333333333,0.014638070354965914
MSFT,2023-09-20,329.51,329.59,320.51,320.77,-0.023976875095085948,9.079999999999984,2.7556068101119795,330.7471428571429,326.7073333333334,0.015290265161482937
MSFT,2023-09-21,319.26,325.35,315.0,319.53,-0.0038656981637934518,10.350000000000023,3.2418718286036534,328.9985714285714,326.61733333333336,0.014522847664586225
MSFT,2023-09-22,321.32,321.45,316.15,317.01,-0.007886583419397186,5.300000000000011,1.6494460351051947,326.27714285714285,326.42,0.01210633629097557
MSFT,2023-09-25,316.59,317.67,315.0,317.54,0.0016718715497934244,2.670000000000016,0.8433620771344692,323.25428571428574,326.3043333333334,0.01090190334336866
MSFT,2023-09-26,315.13,315.88,310.02,312.14,-0.01700573156137819,5.860000000000014,1.8595500269729996,320.6714285714285,325.90766666666667,0.009244470144008182
MSFT,2023-09-27,312.3,314.299,309.69,312.79,0.0020823989235601026,4.6089999999999804,1.4758245276977202,318.34714285714284,325.60533333333336,0.009912315964759279
MSFT,2023-09-28,310.99,315.48,309.45,313.64,0.0027174781802485892,6.03000000000003,1.9389690986848545,316.20285714285717,325.38,0.010408245777206539
MSFT,2023-09-29,317.75,319.47,314.98,315.75,0.006727458232368422,4.490000000000009,1.4130605822187283,315.4857142857143,325.34233333333333,0.008078049451376803
MSFT,2023-10-02,316.28,321.888,315.18,321.8,0.01916072842438643,6.70799999999997,2.1209055267484413,315.81,325.5196666666667,0.011330894789253861
MSFT,2023-10-03,320.83,321.39,311.215,313.39,-0.02613424487259175,10.175000000000011,3.171461521678151,315.29285714285714,325.2366666666667,0.015179485991377775
MSFT,2023-10-04,314.03,320.04,314.0,318.955,0.017757426848336033,6.0400000000000205,1.9233831162627841,315.495,325.11983333333336,0.016870150852455645
MSFT,2023-10-05,319.09,319.98,314.9,319.36,0.0012697715978744473,5.080000000000041,1.5920273277131973,316.52642857142854,324.86516666666665,0.014970041170308552
MSFT,2023-10-06,316.55,329.19,316.3,327.26,0.024736973947895757,12.889999999999986,4.07202653609224,318.59357142857147,325.10816666666665,0.016961928245925562
MSFT,2023-10-09,324.75,330.3,323.18,329.82,0.007822526431583432,7.1200000000000045,2.1924557351809097,320.90500000000003,325.33616666666666,0.0168764513730275
MSFT,2023-10-10,330.96,331.1,327.67,328.39,-0.0043356982596568505,3.430000000000007,1.0363790186125232,322.7107142857143,325.49250000000006,0.01745100379635777
MSFT,2023-10-11,331.21,332.82,329.14,332.42,0.012271993666067793,3.680000000000007,1.1110775640832122,324.2278571428571,325.6261666666667,0.016749073715396415
MSFT,2023-10-12,330.565,333.63,328.72,331.16,-0.0037903856566993133,4.909999999999968,1.4853357130972633,326.7664285714286,325.7051666666667,0.011030892289312689
MSFT,2023-10-13,332.38,333.83,326.36,327.73,-0.010357531102790252,7.46999999999997,2.2474276430591402,328.02,325.70416666666665,0.011949934534435916
MSFT,2023-10-16,331.05,336.14,330.6,332.64,0.014981844811277512,5.539999999999964,1.6734632230780737,329.9171428571429,325.83683333333335,0.012547178887646794
MSFT,2023-10-17,329.59,333.46,327.41,332.06,-0.0017436267436267139,6.0499999999999545,1.83561394459782,330.6028571428572,325.78716666666674,0.009558886928087188
MSFT,2023-10-18,332.49,335.59,328.3,330.11,-0.005872432692886842,7.289999999999964,2.1925471442750046,330.6442857142857,325.6948333333333,0.009598929250931799
MSFT,2023-10-19,332.15,336.88,330.91,331.32,0.0036654448517159377,5.96999999999997,1.7973807014902816,331.0628571428571,325.7418333333333,0.009448896997770661
MSFT,2023-10-20,331.72,331.92,325.45,326.67,-0.014034770010865505,6.470000000000027,1.950440130230323,330.24142857142857,325.4885,0.009591771349489768
MSFT,2023-10-23,325.47,332.725,324.39,329.32,0.008112162120794686,8.335000000000036,2.5609119120041894,329.97857142857146,325.20116666666667,0.010340385152572724
MSFT,2023-10-24,331.3,331.84,327.6,330.53,0.0036742378233936,4.239999999999952,1.2798068216118177,330.37857142857143,325.1598333333333,0.009492795709759028
MSFT,2023-10-25,345.02,346.2,337.62,340.67,0.03067800199679316,8.579999999999984,2.486812358703839,331.5257142857143,325.31350000000003,0.014040297808044023
MSFT,2023-10-26,340.54,341.63,326.94,327.89,-0.03751431003610539,14.689999999999998,4.313737005931754,330.93,324.9531666666666,0.021033511560521887
MSFT,2023-10-27,330.425,336.72,328.401,329.81,0.00585562231236092,8.319000000000017,2.5176666414466267,330.88714285714286,324.93950000000007,0.021104667037895118
MSFT,2023-10-30,333.41,339.45,331.83,337.31,0.022740365665079976,7.6200000000000045,2.285474340901594,331.74285714285713,325.2145,0.02280998800005517
MSFT,2023-10-31,338.85,339.0,334.69,338.11,0.0023717055527556763,4.310000000000002,1.2719492400767307,333.3771428571428,325.52983333333333,0.021604435521091068
MSFT,2023-11-01,339.79,347.42,339.65,346.07,0.02354263405400614,7.770000000000039,2.2867064951882154,335.77,326.37316666666663,0.0227178089984892
MSFT,2023-11-02,347.24,348.83,344.77,348.32,0.006501574825902301,4.060000000000002,1.169220135929041,338.31142857142856,327.3328333333333,0.022666943200252396
MSFT,2023-11-03,349.63,354.39,347.33,352.8,0.012861736334405238,7.060000000000002,2.019277521951778,340.0442857142857,328.5258333333333,0.020564751753258427
MSFT,2023-11-06,353.45,357.54,353.35,356.53,0.010572562358276638,4.189999999999998,1.18545763191399,344.13571428571424,329.8255,0.008286833850334215
MSFT,2023-11-07,359.4,362.46,357.63,360.53,0.011219252236838395,4.829999999999984,1.3439065108514148,348.5242857142857,331.43850000000003,0.007853792122001787
MSFT,2023-11-08,361.68,363.87,360.55,363.2,0.007405763736721083,3.319999999999993,0.9179385091793831,352.22285714285715,333.11883333333327,0.006679641904119566
MSFT,2023-11-09,362.3,364.79,360.362,360.69,-0.006910792951541844,4.427999999999997,1.2221915539608053,355.4485714285714,334.68716666666666,0.009083404545167897
MSFT,2023-11-10,361.49,370.1,361.07,369.67,0.02489672572014756,9.03000000000003,2.497994412016938,358.82,336.48449999999997,0.009444194367529819
MSFT,2023-11-13,368.22,368.47,365.9,366.68,-0.00808829496578034,2.57000000000005,0.6979523111183666,361.4428571428572,337.9805,0.011585194604853973
MSFT,2023-11-14,371.01,371.95,367.345,370.27,0.009790553070797348,4.604999999999961,1.2412064364841813,363.9385714285714,339.87649999999996,0.011401570467949566
MSFT,2023-11-15,371.28,373.13,367.11,369.67,-0.0016204391390065576,6.019999999999982,1.6214177978883815,365.8157142857143,341.56699999999995,0.011689647892477457
MSFT,2023-11-16,370.96,376.35,370.18,376.17,0.017583249925609223,6.170000000000016,1.6632521026525813,368.05,343.46066666666667,0.012454467553463156
MSFT,2023-11-17,373.61,374.37,367.0,369.85,-0.016800914480155194,7.3700000000000045,1.9726452718075012,369.0,344.88033333333334,0.015122763511437322
MSFT,2023-11-20,371.22,378.87,371.0,377.44,0.020521833175611626,7.8700000000000045,2.1200366359571157,371.39285714285717,346.4676666666667,0.01576030069861914
MSFT,2023-11-21,375.67,376.221,371.12,373.07,-0.01157799915218316,5.100999999999999,1.3578406580243296,371.87857142857143,347.957,0.014701451162646957
MSFT,2023-11-22,378.0,379.79,374.965,377.85,0.012812608893773447,4.8250000000000455,1.2764550264550385,373.4742857142857,349.4713333333333,0.014574872027331293
MSFT,2023-11-24,377.33,377.97,375.135,377.43,-0.0011115522032553171,2.8350000000000364,0.7513317255452883,374.49714285714293,351.01366666666667,0.014483423332266914
MSFT,2023-11-27,376.78,380.64,376.2,378.61,0.0031264075457702045,4.439999999999998,1.178406497160146,375.7742857142857,352.70966666666664,0.014350866285139603
MSFT,2023-11-28,378.35,383.0,378.16,382.7,0.0108026729352102,4.839999999999975,1.2792388000528545,376.7071428571429,354.37833333333333,0.01344253916539915
MSFT,2023-11-29,383.76,384.3,377.44,378.85,-0.01006009929448648,6.860000000000014,1.7875755680633765,377.9928571428572,355.938,0.011989056328795723
MSFT,2023-11-30,378.49,380.09,375.47,378.91,0.0001583740266595246,4.619999999999948,1.2206399112261745,378.20285714285717,357.5646666666667,0.009351386346378502
MSFT,2023-12-01,376.76,378.16,371.31,374.51,-0.011612256208598404,6.850000000000023,1.81813355982589,378.40857142857146,359.00433333333336,0.009358823331961892
MSFT,2023-12-04,369.1,369.52,362.9,369.14,-0.014338735948305814,6.6200000000000045,1.7935518829585488,377.1642857142857,360.42,0.009069908025539733
MSFT,2023-12-05,366.45,373.075,365.621,372.52,0.009156417619331503,7.454000000000008,2.0341110656296926,376.4628571428571,361.85999999999996,0.010236378665663019
MSFT,2023-12-06,373.54,374.18,368.03,368.8,-0.00998604101793188,6.150000000000034,1.6464100230229786,375.0614285714286,363.1356666666667,0.01037829195118885
MSFT,2023-12-07,368.23,371.453,366.32,370.95,0.005829718004338291,5.132999999999981,1.3939657279417703,373.3828571428571,364.14500000000004,0.009338430073595206
MSFT,2023-12-08,369.2,374.46,368.23,374.23,0.008842162016444277,6.229999999999961,1.687432286023825,372.72285714285715,365.6896666666667,0.010130792776603805
MSFT,2023-12-11,368.48,371.6,366.1,371.3,-0.007829409721294422,5.5,1.4926183239253148,371.6357142857143,367.0726666666667,0.010333473047690942
MSFT,2023-12-12,370.85,374.42,370.46,374.38,0.008295179100457739,3.9600000000000364,1.0678171767561104,371.6171428571428,368.30833333333334,0.010258649250962927
MSFT,2023-12-13,376.02,377.636,370.77,374.37,-2.671082856986473e-05,6.866000000000042,1.82596670389874,372.36428571428576,369.517,0.008131259026902383
MSFT,2023-12-14,373.31,373.76,364.13,365.93,-0.022544541496380632,9.629999999999995,2.579625512308804,371.42285714285714,370.179,0.01159675264770976
MSFT,2023-12-15,366.85,372.4,366.28,370.73,0.013117262864482226,6.1200000000000045,1.66825678070056,371.6985714285714,370.92600000000004,0.012369208328721024
MSFT,2023-12-18,369.45,373.0,368.68,372.65,0.005178971218946282,4.319999999999993,1.1693057247259422,371.9414285714286,371.5876666666667,0.012327586088349145
MSFT,2023-12-19,371.49,373.26,369.84,373.26,0.001636924728297462,3.420000000000016,0.9206169748849271,371.80285714285714,372.1453333333333,0.011826921453594026
MSFT,2023-12-20,375.0,376.03,370.53,370.62,-0.00707281787493963,5.5,1.4666666666666666,371.7057142857143,372.4816666666666,0.011749959829625763
MSFT,2023-12-21,372.56,374.41,370.04,373.54,0.0078786897630998,4.3700000000000045,1.172965428387375,371.58571428571435,372.82633333333337,0.011700711116217134
MSFT,2023-12-22,373.68,375.18,372.71,374.58,0.002784173047063243,2.4700000000000273,0.6609933633055093,371.61571428571426,373.28933333333333,0.011758213446609406
MSFT,2023-12-26,375.0,376.94,373.5,374.66,0.00021357253457221503,3.4399999999999977,0.9173333333333327,372.86285714285714,373.4556666666667,0.0063373093478099425
MSFT,2023-12-27,373.69,375.06,372.812,374.07,-0.0015747611167459263,2.2479999999999905,0.6015681447188821,373.34000000000003,373.702,0.004833737061210965
MSFT,2023-12-28,375.37,376.458,374.16,375.28,0.003234688694629284,2.298000000000002,0.6121959666462429,373.7157142857142,373.869,0.004624499294946515
MSFT,2023-12-29,376.0,377.16,373.48,376.04,0.0020251545512686153,3.680000000000007,0.978723404255321,374.11285714285714,374.08133333333336,0.004635525050411065
MSFT,2024-01-02,373.86,375.9,366.771,370.87,-0.013748537389639437,9.128999999999962,2.4418231423527423,374.1485714285714,373.9046666666667,0.006780402894699983
MSFT,2024-01-03,369.01,373.256,368.51,370.6,-0.0007280179038476886,4.745999999999981,1.2861440069374763,373.7285714285714,373.9296666666667,0.005855430556710424
MSFT,2024-01-04,370.665,373.1,367.17,367.94,-0.007177549919050286,5.930000000000007,1.5998273373531373,372.78000000000003,373.613,0.005959906124661142
MSFT,2024-01-05,368.97,372.06,366.5,367.75,-0.0005163885416100689,5.560000000000002,1.5068975797490316,371.79285714285714,373.43566666666663,0.005909945393259515
MSFT,2024-01-08,369.3,375.2,369.01,374.69,0.01887151597552683,6.189999999999998,1.676144056322772,371.88142857142856,373.33033333333333,0.010095258480614972
MSFT,2024-01-09,372.01,375.99,371.19,375.79,0.0029357602284556528,4.800000000000011,1.2902878954866837,371.95428571428573,373.27566666666667,0.010081299918729606
MSFT,2024-01-10,376.37,384.17,376.32,382.77,0.018574203677585777,7.850000000000023,2.08571352658289,372.91571428571433,373.41433333333333,0.01227268559901932
MSFT,2024-01-11,386.0,390.68,380.38,384.63,0.004859314993338026,10.300000000000011,2.668393782383423,374.88142857142856,373.4786666666667,0.009933274858667723
MSFT,2024-01-12,385.49,388.68,384.65,388.47,0.009983620622416423,4.03000000000003,1.0454227087602868,377.4342857142857,373.7993333333333,0.00967891325083198
MSFT,2024-01-16,393.66,394.03,387.623,390.27,0.004633562437253769,6.406999999999982,1.627546613829188,380.6242857142857,374.178,0.007656320068919492
MSFT,2024-01-17,387.98,390.11,384.81,389.47,-0.002049862915417422,5.300000000000011,1.3660497963812597,383.7271428571429,374.6766666666666,0.007971976198568565
MSFT,2024-01-18,391.72,393.99,390.12,393.87,0.011297404164633873,3.8700000000000045,0.9879505769427153,386.46714285714285,375.50100000000003,0.006704661940085185
MSFT,2024-01-19,395.76,398.67,393.5,398.67,0.012186762129636763,5.170000000000016,1.3063472811805175,389.7357142857143,376.3726666666667,0.006640932378151183
MSFT,2024-01-22,400.02,400.62,393.59,396.51,-0.005418014899541079,7.03000000000003,1.7574121293935379,391.6985714285714,377.2963333333334,0.006763853718318354
MSFT,2024-01-23,395.75,399.38,393.93,398.9,0.0060275907291114095,5.449999999999989,1.3771320277953225,393.7371428571428,378.228,0.006772185556542368
MSFT,2024-01-24,401.54,405.63,400.45,402.56,0.009175231887691204,5.180000000000007,1.290033371519651,395.75,379.1723333333333,0.006684077680208955
MSFT,2024-01-25,404.32,407.01,402.529,404.87,0.005738275039745666,4.4809999999999945,1.1082805698456655,397.8357142857143,380.29133333333334,0.006683669994081391
MSFT,2024-01-26,404.37,406.17,402.43,403.93,-0.0023217329019191713,3.740000000000009,0.9248955164824317,399.90142857142854,381.27633333333335,0.006733960674733687
MSFT,2024-01-29,406.06,409.98,404.33,409.72,0.01433416681108124,5.650000000000034,1.3914199871940192,402.1657142857143,382.45466666666664,0.007265980992770903
MSFT,2024-01-30,412.26,413.05,406.45,408.59,-0.002757981060236392,6.600000000000023,1.600931451026057,403.5828571428571,383.8766666666667,0.0072291182551396565
MSFT,2024-01-31,406.96,415.32,397.21,397.58,-0.026946327614479015,18.110000000000014,4.4500688028307485,403.7357142857143,384.77166666666665,0.013518543664395925
MSFT,2024-02-01,401.83,408.0,401.8,403.78,0.015594345792041775,6.199999999999989,1.5429410447204015,404.43285714285713,385.8093333333333,0.014613931310916749
MSFT,2024-02-02,403.81,412.65,403.56,411.22,0.01842587547674479,9.089999999999975,2.2510586662043965,405.67,387.07466666666664,0.015761936568204078
MSFT,2024-02-05,409.9,411.16,403.99,405.65,-0.01354506103788733,7.170000000000016,1.7492071236887083,405.7814285714286,388.24233333333336,0.01688010827016272
MSFT,2024-02-06,405.88,407.97,402.91,405.49,-0.0003944286946874209,5.060000000000002,1.2466738937617037,406.0042857142857,389.3073333333333,0.016844040386051376
MSFT,2024-02-07,407.44,414.3,407.4,414.05,0.021110261658733975,6.900000000000034,1.6935008835656868,406.6228571428572,390.623,0.017920313461765567
MSFT,2024-02-08,414.05,415.56,412.53,414.11,0.0001449100350199295,3.0300000000000296,0.7317956768506291,407.4114285714286,391.938,0.017834935261242725
MSFT,2024-02-09,415.25,420.82,415.09,420.55,0.015551423534809539,5.730000000000018,1.3798916315472651,410.6928571428571,393.48733333333337,0.012855102578512263
MSFT,2024-02-12,420.555,420.74,414.75,415.26,-0.012578765901795297,5.990000000000009,1.4243083544364015,412.3328571428571,394.82,0.014440030118510052
MSFT,2024-02-13,404.94,410.071,403.39,406.32,-0.021528680826470192,6.68100000000004,1.649874055415627,411.6328571428571,395.82933333333335,0.015677985085260072
MSFT,2024-02-14,408.07,409.84,404.57,409.49,0.00780173262453232,5.269999999999982,1.2914450952042498,412.18142857142857,397.1166666666667,0.015031364391926061
MSFT,2024-02-15,408.14,409.13,404.29,406.56,-0.00715524188624872,4.839999999999975,1.1858675944528778,412.3342857142857,398.3153333333333,0.015382272508651134
MSFT,2024-02-16,407.96,408.29,403.44,404.06,-0.006149153876426561,4.850000000000023,1.1888420433375877,410.90714285714284,399.51933333333335,0.012461663253754737
MSFT,2024-02-20,403.24,404.49,398.01,402.79,-0.003143097559768271,6.480000000000018,1.606983434183121,409.28999999999996,400.68733333333336,0.012366666253484645
MSFT,2024-02-21,400.17,402.29,397.22,402.18,-0.0015144368032969924,5.069999999999993,1.2669615413449267,406.66571428571433,401.6036666666667,0.009163444679818103
MSFT,2024-02-22,410.19,412.83,408.57,411.65,0.023546670644984724,4.259999999999991,1.0385431141666035,406.15,402.799,0.013967272444336322
MSFT,2024-02-23,415.67,415.86,408.97,410.34,-0.003182315073484765,6.889999999999986,1.6575648952293853,406.7242857142857,403.718,0.010891487831983463
MSFT,2024-02-26,411.455,412.16,407.36,407.54,-0.006823609689525667,4.800000000000011,1.1665917293507215,406.44571428571425,404.4816666666666,0.010874467249913452
MSFT,2024-02-27,407.99,408.32,403.85,407.48,-0.00014722481228834905,4.46999999999997,1.0956150886051057,406.57714285714286,405.11533333333335,0.010489557257900902
MSFT,2024-02-28,408.175,409.3,405.32,407.72,0.0005889859625012317,3.980000000000018,0.9750719666809623,407.1,405.697,0.010093343336661573
MSFT,2024-02-29,408.64,414.2,405.92,413.64,0.014519768468556737,8.279999999999973,2.026233359436172,408.65000000000003,406.50266666666664,0.010958795472114815
MSFT,2024-03-01,411.27,415.87,410.88,415.5,0.004496663765593212,4.990000000000009,1.213314853988866,410.55285714285714,407.22366666666665,0.010700352722900564
MSFT,2024-03-04,413.44,417.35,412.32,414.92,-0.001395908543922908,5.03000000000003,1.216621517027871,411.02000000000004,407.76533333333333,0.006840777808344603
MSFT,2024-03-05,413.96,414.25,400.64,402.65,-0.029571965680131207,13.610000000000014,3.287757271233939,409.9214285714285,407.96999999999997,0.013579444982837209
MSFT,2024-03-06,402.97,405.16,398.39,402.09,-0.0013907860424686724,6.770000000000039,1.6800258083728412,409.14285714285717,408.0763333333333,0.01345375823396698
MSFT,2024-03-07,406.12,409.78,402.24,409.14,0.017533388047452192,7.539999999999964,1.856594110115228,409.38,408.2956666666667,0.015351058630401069
MSFT,2024-03-08,407.96,410.42,404.33,406.22,-0.0071369213472159965,6.090000000000032,1.492793411118745,409.1657142857143,408.34066666666666,0.015634061961761116
MSFT,2024-03-11,403.762,405.68,401.26,404.52,-0.004184924425188474,4.420000000000016,1.0947043060020545,407.86285714285714,408.3603333333333,0.014186318256135299
MSFT,2024-03-12,407.62,415.57,406.79,415.28,0.026599426480767407,8.779999999999973,2.1539669299838016,407.83142857142855,408.54566666666665,0.01808200393953639
MSFT,2024-03-13,418.1,418.18,411.45,415.1,-0.0004334424966286887,6.730000000000018,1.6096627601052422,407.85714285714283,408.76266666666663,0.01807270407590482
MSFT,2024-03-14,420.24,427.82,417.99,425.22,0.024379667549987882,9.829999999999984,2.339139539310866,411.0814285714286,409.684,0.014387314433429332
MSFT,2024-03-15,419.29,422.6,412.79,416.42,-0.020695169559286963,9.810000000000002,2.3396694411982164,413.12857142857143,410.10533333333336,0.017890701305399468
MSFT,2024-03-18,414.25,420.73,413.78,417.32,0.002161279477450595,6.9500000000000455,1.6777308388654304,414.2971428571429,410.3086666666667,0.01704084667331031
MSFT,2024-03-19,417.83,421.666,415.55,421.41,0.009800632608070625,6.1159999999999854,1.4637532010626297,416.46714285714285,410.834,0.016564780866506933
MSFT,2024-03-20,422.0,425.96,420.66,425.23,0.009064806245699053,5.2999999999999545,1.2559241706161028,419.42571428571426,411.492,0.01603894021516897
MSFT,2024-03-21,429.83,430.82,427.16,429.37,0.009735907626460927,3.659999999999968,0.8514994300072048,421.43857142857144,412.00266666666664,0.013755316875061097
MSFT,2024-03-22,429.7,429.86,426.07,428.74,-0.0014672659943638644,3.7900000000000205,0.8820107051431278,423.38714285714286,412.49033333333335,0.013826976439224719
MSFT,2024-03-25,425.24,427.41,421.61,422.86,-0.013714605588468487,5.800000000000011,1.3639356598626684,423.05000000000007,412.56733333333335,0.012196165436726815
MSFT,2024-03-26,425.61,425.99,421.35,421.65,-0.0028614671522491086,4.639999999999986,1.090199948309482,423.79714285714283,412.7803333333333,0.008689092218707553
MSFT,2024-03-27,424.44,424.45,419.01,421.43,-0.000521759753349893,5.439999999999998,1.2816888134954287,424.38428571428574,413.284,0.00873045478837843
MSFT,2024-03-28,420.96,421.87,419.12,420.72,-0.0016847400517285838,2.75,0.653268719118206,424.2857142857143,413.65833333333336,0.007939358364704848
MSFT,2024-04-01,423.95,427.89,422.22,424.57,0.00915097927362618,5.669999999999959,1.3374218657860502,424.1914285714286,414.25866666666667,0.007956179932702957
MSFT,2024-04-02,420.11,422.38,417.84,421.44,-0.007372164778481793,4.5400000000000205,1.0806693485039682,423.0585714285715,414.838,0.006962892947750966
MSFT,2024-04-03,419.73,423.26,419.085,420.45,-0.002349088838268787,4.175000000000011,0.9946870607295193,421.8742857142857,415.4266666666666,0.0069461232304102154
MSFT,2024-04-04,424.99,428.67,417.57,417.88,-0.0061124985134973775,11.100000000000023,2.611826160615549,421.1628571428572,415.95,0.0053625704370743685
MSFT,2024-04-05,420.01,426.51,418.32,425.52,0.018282760601129544,8.189999999999998,1.9499535725339867,421.71571428571434,416.4123333333334,0.009180909862757351
MSFT,2024-04-08,425.17,427.28,423.3,424.66,-0.0020210565895844024,3.9799999999999613,0.9360961497753749,422.1771428571428,416.8896666666667,0.009248872345833778
MSFT,2024-04-09,426.44,427.74,421.62,426.28,0.00381481655912963,6.1200000000000045,1.435137416752651,422.9714285714286,417.51433333333335,0.009203617270026741
MSFT,2024-04-10,422.19,424.03,419.7,423.26,-0.007084545369240858,4.329999999999984,1.0256045856131089,422.78428571428566,418.0403333333333,0.009121070957774329
MSFT,2024-04-11,425.82,429.37,422.36,427.93,0.011033407361905168,7.009999999999991,1.6462354985674676,423.7114285714285,418.714,0.00942602793898948
MSFT,2024-04-12,424.05,425.179,419.77,421.9,-0.014091089664197476,5.408999999999992,1.2755571276972035,423.9185714285714,418.9893333333333,0.011244691710207814
MSFT,2024-04-15,426.6,426.82,413.43,413.64,-0.019578099075610367,13.389999999999986,3.1387716830754773,423.31285714285707,418.9273333333333,0.013499372332617722
MSFT,2024-04-16,414.57,418.4,413.73,414.58,0.002272507494439635,4.669999999999959,1.1264683889331015,421.75,418.91600000000005,0.010673727388623152
MSFT,2024-04-17,417.25,418.88,410.33,411.84,-0.006609098364609989,8.550000000000011,2.0491312162971864,419.9185714285714,419.2223333333333,0.010696806186531248
MSFT,2024-04-18,410.63,411.89,403.95,404.27,-0.018380924630924667,7.939999999999998,1.933614202566787,416.77428571428567,419.295,0.011162976817513772
MSFT,2024-04-19,404.03,405.39,397.77,399.12,-0.012739011056966842,7.6200000000000045,1.8859985644630362,413.32571428571424,418.961,0.011331959183842834
MSFT,2024-04-22,400.08,402.85,395.75,400.96,0.00461014231308865,7.100000000000023,1.7746450709858086,409.4728571428571,418.78566666666666,0.00963925132733518
MSFT,2024-04-23,404.235,408.2,403.06,407.57,0.016485434956105438,5.139999999999986,1.271537595705465,407.42571428571426,418.8873333333333,0.013296358646176246
MSFT,2024-04-24,409.56,412.47,406.78,409.06,0.0036558137252495904,5.690000000000055,1.3892958296708797,406.7714285714286,418.68000000000006,0.011825127188394234
MSFT,2024-04-25,394.03,399.89,388.03,399.04,-0.02449518408057494,11.860000000000014,3.0099231023018587,404.5514285714285,418.1446666666667,0.014431569239813067
MSFT,2024-04-26,412.17,413.0,405.76,406.32,0.018243785084202102,7.240000000000009,1.756556760559965,403.7628571428572,417.51466666666664,0.016914622017970164
MSFT,2024-04-29,405.25,406.32,399.19,402.25,-0.01001673557786964,7.1299999999999955,1.7594077729796411,403.4742857142857,417.04233333333326,0.015807528448348155
MSFT,2024-04-30,401.49,402.16,389.17,389.33,-0.03211932877563706,12.990000000000009,3.235447956362552,402.07571428571424,416.10933333333327,0.01954232513841777
MSFT,2024-05-01,392.61,401.72,390.31,394.94,0.014409369943235939,11.410000000000025,2.906191895265027,401.21571428571434,415.227,0.020535535501960078
MSFT,2024-05-02,397.66,399.93,394.651,397.84,0.007342887527219233,5.278999999999996,1.3275159684152282,399.82571428571424,414.314,0.019426411819619686
MSFT,2024-05-03,402.28,407.15,401.86,406.66,0.022169716468932288,5.289999999999964,1.3150044744953675,399.48285714285714,413.55699999999996,0.02166037711721748
MSFT,2024-05-06,408.76,413.93,406.37,413.54,0.016918310136231796,7.560000000000002,1.8494960367942075,401.55428571428575,413.05033333333336,0.01961748072978255
MSFT,2024-05-07,414.66,414.67,409.09,409.34,-0.01015621221647256,5.580000000000041,1.3456807987266775,401.9857142857143,412.59966666666674,0.019424941258270954
MSFT,2024-05-08,408.17,412.23,406.713,410.54,0.0029315483461183067,5.516999999999996,1.3516426978954836,403.17,412.22933333333333,0.01878232526354505
MSFT,2024-05-09,410.57,412.72,409.1,412.32,0.00433575291080035,3.6200000000000045,0.8817010497600907,406.4542857142857,411.92566666666664,0.010724185374953852
MSFT,2024-05-10,412.935,415.38,411.8,414.74,0.005869227784245368,3.579999999999984,0.8669645343698122,409.28285714285715,411.7263333333333,0.010391112883095771
MSFT,2024-05-13,418.01,418.348,410.82,413.72,-0.002459372136760285,7.52800000000002,1.8009138537355613,411.5514285714286,411.36466666666666,0.010989683764408915
MSFT,2024-05-14,412.02,417.49,411.55,416.56,0.006864546069805577,5.939999999999998,1.441677588466579,412.96571428571434,411.202,0.008366668262440992
MSFT,2024-05-15,417.9,423.81,417.27,423.08,0.015652006913769778,6.5400000000000205,1.5649676956209668,414.3285714285715,411.2896666666667,0.008034581426035213
MSFT,2024-05-16,421.8,425.42,420.35,420.99,-0.0049399640729884675,5.069999999999993,1.2019914651493582,415.99285714285713,411.3933333333333,0.006712680396845395
MSFT,2024-05-17,422.54,422.92,418.025,420.21,-0.0018527756003706708,4.895000000000039,1.1584702040043637,417.3742857142857,411.21633333333335,0.007077555541156274
MSFT,2024-05-20,420.21,426.77,419.99,425.34,0.012208181623474035,6.779999999999973,1.613478974798309,419.23428571428576,411.239,0.007843778341445848
MSFT,2024-05-21,426.825,432.97,424.85,429.04,0.008698923214369714,8.120000000000005,1.9024190241902428,421.27714285714285,411.331,0.007998846817662764
MSFT,2024-05-22,430.09,432.41,427.13,430.52,0.0034495618124184,5.28000000000003,1.2276500267385966,423.6771428571429,411.57300000000004,0.007383107421025115
MSFT,2024-05-23,432.97,433.6,425.424,427.0,-0.008176159063458144,8.176000000000045,1.8883525417465514,425.16857142857145,411.54200000000003,0.009006583833199244
MSFT,2024-05-24,427.19,431.055,424.41,430.16,0.007400468384074932,6.644999999999982,1.5555139399330464,426.17999999999995,411.81733333333335,0.007591655705926883
MSFT,2024-05-28,429.63,430.82,426.6,430.32,0.00037195462153616354,4.21999999999997,0.9822405325512582,427.5128571428572,412.37333333333333,0.006976439415741325
MSFT,2024-05-29,425.69,430.94,425.69,429.17,-0.0026724298196689755,5.25,1.2332918320843806,428.79285714285714,412.8596666666666,0.0070806418767533795
MSFT,2024-05-30,424.3,424.3,414.24,414.67,-0.03378614535032742,10.060000000000002,2.370963940608061,427.2685714285714,412.954,0.014552879354650019
MSFT,2024-05-31,416.75,416.75,404.51,415.13,0.001109315841512526,12.240000000000009,2.937012597480506,425.28142857142853,413.316,0.01375049877547378
MSFT,2024-06-03,415.525,416.43,408.923,413.52,-0.0038783031821357783,7.507000000000005,1.8066301666566407,422.8528571428571,413.796,0.013305982724114459
MSFT,2024-06-04,412.43,416.44,409.675,416.07,0.00616656993615794,6.764999999999986,1.6402783502654963,421.2914285714286,414.29966666666667,0.013943280112397224
MSFT,2024-06-05,417.81,424.08,416.3,424.01,0.01908332732472906,7.779999999999973,1.8620904238768752,420.41285714285715,414.84766666666667,0.016025035523168567
MSFT,2024-06-06,424.01,425.31,420.58,424.52,0.001202801820711752,4.730000000000018,1.115539727836612,419.58428571428567,415.363,0.016048105486551445
MSFT,2024-06-07,426.2,426.28,423.0,423.85,-0.0015782530858380328,3.2799999999999727,0.7695917409666759,418.82428571428574,416.19,0.016043803635008964
MSFT,2024-06-10,424.7,428.08,423.89,428.0,0.009791199716880916,4.189999999999998,0.9865787614786903,420.72857142857146,416.9126666666667,0.007883892740919005
MSFT,2024-06-11,425.475,432.82,425.25,432.68,0.010934579439252357,7.569999999999993,1.7791879663905033,423.2357142857143,417.927,0.008040909216393041
MSFT,2024-06-12,435.32,443.4,433.25,441.0,0.01922899140242218,10.149999999999977,2.3316181200036703,427.1614285714286,419.6493333333334,0.008071765695164629
MSFT,2024-06-13,440.85,443.39,439.37,441.22,0.0004988662131519828,4.019999999999982,0.9118747873426293,430.7542857142857,421.192,0.008694198336473686
MSFT,2024-06-14,438.275,443.138,436.721,442.57,0.0030596981097863463,6.416999999999973,1.4641492213792648,433.4057142857143,422.683,0.007448661993554737
MSFT,2024-06-17,442.585,450.94,440.72,448.37,0.01310527148247731,10.21999999999997,2.3091609521334817,436.8128571428571,424.0733333333334,0.007486200198876693
MSFT,2024-06-18,449.705,450.14,444.89,446.34,-0.004527510761201725,5.25,1.1674319831889797,440.0257142857143,425.1666666666667,0.008158875779897469
MSFT,2024-06-20,446.3,446.53,441.27,445.7,-0.0014338844826813357,5.259999999999991,1.1785794308760902,442.55428571428564,426.3786666666666,0.008704945297333767
MSFT,2024-06-21,447.38,450.54,446.51,449.78,0.009154139555755059,4.03000000000003,0.9008002145826879,444.9971428571429,427.68666666666667,0.008555945777056657
MSFT,2024-06-24,449.8,452.75,446.41,447.79,-0.00442438525501343,6.339999999999975,1.4095153401511729,445.96714285714285,428.86899999999997,0.0067486392391088055
MSFT,2024-06-25,448.25,451.42,446.854,450.84,0.00681122847763449,4.566000000000031,1.0186279977691088,447.3414285714286,430.07233333333335,0.006902705061724609
MSFT,2024-06-26,449.0,453.6,448.19,452.12,0.002839144707656782,5.410000000000025,1.2048997772828565,448.7057142857143,431.3523333333333,0.006903456898784184
MSFT,2024-06-27,452.175,456.17,451.77,452.85,0.0016146155887817315,4.400000000000034,0.9730745839553346,449.3457142857143,432.562,0.005301057145633921
MSFT,2024-06-28,453.07,455.38,446.41,446.95,-0.013028596665562664,8.96999999999997,1.9798265168737659,449.43285714285713,433.35766666666666,0.007437505937454604
MSFT,2024-07-01,448.66,457.37,445.66,456.73,0.02188164224186151,11.70999999999998,2.609994204965894,451.0085714285715,434.54900000000004,0.010960404597073899
MSFT,2024-07-02,453.2,459.59,453.113,459.28,0.005583167297965819,6.476999999999975,1.4291703442188826,452.36571428571426,435.8513333333333,0.010736900970192743
MSFT,2024-07-03,458.19,461.02,457.88,460.77,0.003244208326075526,3.1399999999999864,0.6853052227241944,454.21999999999997,437.0323333333333,0.01022755132837656
MSFT,2024-07-05,459.61,468.35,458.965,467.4,0.014388957614428044,9.385000000000048,2.041948608602956,456.5857142857143,438.311,0.010934610627737236
MSFT,2024-07-08,466.55,467.7,464.46,466.24,-0.0024818142918270336,3.240000000000009,0.6944593291179958,458.6028571428571,439.50166666666667,0.01130614462702039
MSFT,2024-07-09,467.0,467.33,458.0,459.54,-0.014370281400137297,9.329999999999984,1.9978586723768705,459.5585714285714,440.58633333333336,0.013396970545932314
MSFT,2024-07-10,461.22,466.46,458.855,466.25,0.014601558079818888,7.604999999999961,1.648887732535441,462.3157142857143,441.78933333333333,0.012187035829229443
MSFT,2024-07-11,462.98,464.78,451.55,454.73,-0.024707774798927606,13.229999999999961,2.8575748412458335,462.0299999999999,442.603,0.014623510895829354
MSFT,2024-07-12,454.325,456.36,450.645,453.705,-0.002254084841554427,5.715000000000032,1.257910086391907,461.23357142857145,443.42083333333335,0.014374965655261626
MSFT,2024-07-15,453.3,457.26,451.43,454.07,0.000804487497382711,5.829999999999984,1.2861239797043864,460.27642857142854,444.7341666666667,0.014265566722777236
MSFT,2024-07-16,454.22,454.3,446.66,449.49,-0.010086550531856253,7.639999999999986,1.6820043150896011,457.71785714285716,445.8795,0.01246409213345135
MSFT,2024-07-17,442.59,444.85,439.18,443.52,-0.013281719281852844,5.670000000000016,1.2810953704331358,454.4721428571429,446.8795,0.012694630072921013
MSFT,2024-07-18,444.34,444.65,434.4,440.37,-0.007102272727272707,10.25,2.3067920961425936,451.73357142857145,447.68950000000007,0.012286009662726178
MSFT,2024-07-19,433.1,441.14,432.0,437.1,-0.007425573949179087,9.139999999999986,2.1103671207573274,447.56928571428574,448.12583333333333,0.008304666213184986
MSFT,2024-07-22,441.79,444.6,438.913,442.94,0.013360787005261887,5.687000000000012,1.2872631793386025,445.88500000000005,448.7398333333333,0.00886475450107077
MSFT,2024-07-23,443.895,448.39,443.1,444.85,0.004312096446471347,5.289999999999964,1.1917232678899208,444.61999999999995,449.4398333333333,0.009377333772070534
MSFT,2024-07-24,440.45,441.48,427.585,428.9,-0.03585478251095886,13.895000000000039,3.1547281189692447,441.0242857142857,449.4698333333333,0.015368501937800793
MSFT,2024-07-25,428.8,429.8,418.19,418.49,-0.024271391932851438,11.610000000000014,2.7075559701492566,436.5957142857143,448.9968333333333,0.01657553007866318
MSFT,2024-07-26,418.2,428.915,417.27,425.45,0.016631221773518945,11.645000000000039,2.7845528455284643,434.0142857142857,448.4785,0.019241282465552626
MSFT,2024-07-29,431.58,432.15,424.704,426.73,0.0030085791514866678,7.4459999999999695,1.7252884749061517,432.0657142857143,447.9955,0.019501838468333324
MSFT,2024-07-30,427.72,429.05,417.36,422.42,-0.010100063271858084,11.689999999999998,2.733096418217525,429.96857142857147,447.3238333333333,0.019598782432795687
MSFT,2024-07-31,420.495,421.775,412.21,418.36,-0.00961128734434924,9.564999999999998,2.2747000558865142,426.45714285714286,446.3235,0.017921706429156584
MSFT,2024-08-01,420.785,427.46,413.09,417.02,-0.0032029830767760226,14.370000000000005,3.4150456884157,422.4814285714286,445.3461666666666,0.017275833490300735
MSFT,2024-08-02,412.745,415.0,404.34,408.49,-0.020454654453023746,10.660000000000025,2.582708451949757,419.5657142857143,444.10583333333335,0.013956114935578906
MSFT,2024-08-05,389.17,401.04,385.58,395.24,-0.03243653455408946,15.460000000000036,3.9725569802400074,416.2442857142857,442.28783333333337,0.015864858966571048
MSFT,2024-08-06,400.0,405.67,398.5,399.42,0.010575852646493189,7.170000000000016,1.7925000000000038,412.5257142857143,440.67550000000006,0.014393301601237649
MSFT,2024-08-07,408.635,410.08,397.47,398.43,-0.0024785939612438357,12.609999999999957,3.0858834901562413,408.48285714285714,438.92850000000004,0.013773436991161549
MSFT,2024-08-08,402.44,405.86,399.941,403.02,0.011520216851140574,5.91900000000004,1.4707782526587914,405.7114285714286,437.29183333333333,0.01591865735183854
MSFT,2024-08-09,404.03,408.05,402.293,406.02,0.007443799315170363,5.757000000000005,1.4248941910254203,403.9485714285714,435.7308333333333,0.016665747339046088
MSFT,2024-08-12,407.06,408.76,404.243,406.81,0.00194571695975565,4.516999999999996,1.1096644229351926,402.48999999999995,434.39283333333333,0.016827217809528765
MSFT,2024-08-13,409.59,414.95,409.57,414.01,0.01769867997345198,5.3799999999999955,1.3135086305818005,403.2785714285714,432.96883333333335,0.01656395985353642
MSFT,2024-08-14,414.8,417.72,412.46,416.86,0.006883891693437505,5.260000000000048,1.2680810028929719,406.3671428571429,431.55483333333336,0.006586243733186622
MSFT,2024-08-15,419.8,421.11,417.66,421.04,0.010027347310847867,3.4499999999999886,0.8218199142448759,409.4557142857143,430.23049999999995,0.006548867918688342
MSFT,2024-08-16,420.6,421.34,417.3,418.47,-0.00610393311799351,4.039999999999964,0.9605325725154453,412.31857142857143,428.59950000000003,0.007544352585239611
MSFT,2024-08-19,418.96,421.75,416.46,421.53,0.007312352139938305,5.2900000000000205,1.2626503723505873,414.9628571428571,427.1091666666667,0.007293137065070089
MSFT,2024-08-20,421.7,425.86,421.64,424.8,0.007757454985410472,4.220000000000027,1.000711406212954,417.6457142857143,425.95116666666667,0.007301160319060228
MSFT,2024-08-21,424.075,426.4,421.72,424.14,-0.001553672316384258,4.67999999999995,1.103578376466415,420.12142857142857,424.54749999999996,0.007769962598138799
MSFT,2024-08-22,424.36,426.79,414.61,415.78,-0.019710472957042535,12.180000000000007,2.8702045433122834,420.37428571428575,423.24916666666667,0.01069827850244532
MSFT,2024-08-23,416.98,419.26,412.09,416.79,0.0024291692722113734,7.170000000000016,1.719506930788051,420.36428571428576,422.01866666666666,0.010394455437971673
MSFT,2024-08-26,416.365,417.28,411.34,413.61,-0.007629741596487438,5.939999999999998,1.4266328822067171,419.30285714285714,420.67,0.009679814435846371
MSFT,2024-08-27,412.86,414.34,410.25,413.84,0.0005560793984671353,4.089999999999975,0.9906505837329784,418.64142857142855,419.4816666666667,0.009593447363139834
MSFT,2024-08-28,414.88,415.0,407.31,410.6,-0.007829112700560525,7.689999999999998,1.853548013883532,417.08,418.38433333333336,0.008947883260273915
MSFT,2024-08-29,414.94,422.05,410.6,413.12,0.006137359961032596,11.449999999999989,2.7594350990504624,415.4114285714286,417.47599999999994,0.008616611276191172
MSFT,2024-08-30,415.6,417.45,412.13,417.14,0.009730828814872083,5.319999999999993,1.2800769971126065,414.4114285714286,416.8106666666667,0.010070975288793737
MSFT,2024-09-03,417.91,419.88,407.03,409.48,-0.018363139473557943,12.850000000000023,3.0748247230264942,413.51142857142855,415.69533333333334,0.009689091103087816
MSFT,2024-09-04,405.91,411.24,404.37,408.9,-0.0014164305949009304,6.8700000000000045,1.692493409869184,412.38428571428574,414.497,0.009494007533760333
MSFT,2024-09-05,407.62,413.1,406.13,408.36,-0.0013206162876008287,6.970000000000027,1.7099259113880643,411.6342857142857,413.81233333333336,0.009242801175347084
MSFT,2024-09-06,409.06,410.65,400.8,401.81,-0.01603976883142333,9.849999999999966,2.4079597125116035,409.9157142857143,413.2563333333334,0.010574343434708974
MSFT,2024-09-09,407.48,408.65,402.15,405.72,0.009730967372638899,6.5,1.59517031510749,409.21857142857147,412.59866666666665,0.011592024358013188
MSFT,2024-09-10,408.18,416.33,407.7,414.21,0.02092576160899129,8.629999999999995,2.1142633152040755,409.3742857142857,412.1813333333333,0.014282803935761349
MSFT,2024-09-11,415.5,423.99,409.58,423.33,0.02201781704932282,14.410000000000025,3.4681107099879727,410.25857142857143,412.2116666666667,0.01623328927192707
MSFT,2024-09-12,423.31,427.369,419.77,427.0,0.00866935960125681,7.599000000000046,1.7951383147102706,412.76142857142855,412.49966666666666,0.013507373017630424
MSFT,2024-09-13,425.825,431.83,425.46,430.59,0.008407494145199035,6.3700000000000045,1.4959196853167391,415.86,412.95200000000006,0.01310285300407364
MSFT,2024-09-16,430.6,433.53,428.22,431.34,0.0017417961401797744,5.309999999999945,1.2331630283325465,419.14285714285717,413.71366666666665,0.01280766550025125
MSFT,2024-09-17,440.23,441.85,432.27,435.15,0.00883293921268602,9.580000000000041,2.176135202053481,423.9057142857142,415.044,0.00733151290371093
MSFT,2024-09-18,435.0,436.03,430.41,430.84,-0.009904630587153851,5.619999999999948,1.2919540229884938,427.4942857142857,416.09133333333335,0.010965706252151142
MSFT,2024-09-19,441.225,441.5,436.9,438.58,0.017964905765481376,4.600000000000023,1.0425519859482173,430.9757142857143,417.42966666666666,0.010459604323308783
MSFT,2024-09-20,437.22,439.08,434.22,435.16,-0.007797893200784278,4.859999999999957,1.1115685467270382,432.6657142857143,418.50100000000003,0.0099769090180836
MSFT,2024-09-23,434.28,436.46,430.389,433.51,-0.0037917087967644925,6.0709999999999695,1.3979460256055931,433.5957142857143,419.4173333333334,0.01011312015264623
MSFT,2024-09-24,433.0,433.35,426.16,429.305,-0.009699891582662379,7.189999999999998,1.660508083140877,433.41214285714284,420.16716666666673,0.010568504264873551
MSFT,2024-09-25,429.83,433.119,428.58,432.11,0.006533816284459704,4.539000000000044,1.0559988832794462,433.5221428571429,420.77049999999997,0.010879418518030032
MSFT,2024-09-26,435.085,435.3,429.13,431.31,-0.001851380435537231,6.170000000000016,1.418113701920318,432.97357142857146,421.2521666666667,0.010212693455298547
MSFT,2024-09-27,431.52,431.85,427.47,428.02,-0.007627924230831695,4.3799999999999955,1.0150166852057834,432.57071428571425,421.4848333333333,0.009922174304747122
MSFT,2024-09-30,428.21,430.42,425.37,430.225,0.005151628428578192,5.050000000000011,1.1793278998622199,431.3771428571428,421.87666666666667,0.006430267584539976
MSFT,2024-10-01,428.45,428.48,418.81,420.675,-0.02219768725666804,9.670000000000016,2.2569728089625434,429.3078571428572,421.8481666666667,0.009762897219012284
MSFT,2024-10-02,422.58,422.82,416.71,417.13,-0.008426932905449602,6.110000000000014,1.4458800700459118,426.9678571428571,421.5925,0.009841310789475838
MSFT,2024-10-03,417.63,419.55,414.29,416.54,-0.0014144271570013522,5.259999999999991,1.2594880635969616,425.14428571428573,421.3391666666667,0.00974209762194395
MSFT,2024-10-04,418.24,419.6,414.97,416.06,-0.001152350314495676,4.6299999999999955,1.107019892884467,422.8514285714286,421.3485,0.008699941323538815
MSFT,2024-10-07,416.0,417.11,409.0,409.64,-0.015430466759602024,8.110000000000014,1.9495192307692342,419.7557142857143,421.11016666666666,0.009281699752620566
MSFT,2024-10-08,410.9,415.66,408.17,414.57,0.012034957523679335,7.490000000000009,1.8228279386712116,417.8342857142857,421.14216666666664,0.011799644848254017
MSFT,2024-10-09,415.86,420.38,414.3,417.46,0.006971078466845082,6.079999999999984,1.4620304910306314,416.01071428571424,421.26283333333333,0.012064513127590066
MSFT,2024-10-10,415.225,417.35,413.15,415.84,-0.0038806113160542166,4.2000000000000455,1.0114997892708881,415.32,421.4375,0.009153313596610813
MSFT,2024-10-11,416.135,417.13,413.25,416.32,0.001154290111581524,3.8799999999999955,0.9323897292945789,415.2042857142857,421.5441666666667,0.008668276183326343
MSFT,2024-10-14,417.77,424.04,417.52,419.11,0.006701575710991614,6.520000000000039,1.5606673528496635,415.57142857142856,421.60983333333326,0.009021431544412721
MSFT,2024-10-15,422.17,422.48,415.26,418.78,-0.0007873827873351447,7.220000000000027,1.7102115261624529,415.96,421.9198333333333,0.009008543947336524
MSFT,2024-10-16,415.17,416.36,410.48,416.12,-0.006351783752805651,5.8799999999999955,1.4162873039959523,416.88571428571424,422.1605,0.006580914864624312
MSFT,2024-10-17,422.36,422.5,415.59,416.72,0.0014418917619918314,6.910000000000025,1.6360450800265234,417.1928571428571,422.43916666666667,0.004983417080327622
MSFT,2024-10-18,417.14,419.63,416.26,418.16,0.00345555768861594,3.3700000000000045,0.8078822457688077,417.29285714285714,422.9841666666667,0.004394284141962689
MSFT,2024-10-21,416.12,418.96,413.75,418.78,0.0014826860531853558,5.2099999999999795,1.2520426799961502,417.71285714285716,423.4195,0.0040048285596385805
MSFT,2024-10-22,418.49,430.579,418.04,427.51,0.020846267730073142,12.538999999999987,2.996248416927522,419.31142857142856,423.86283333333336,0.008506285375674357
MSFT,2024-10-23,424.6,424.6,422.53,424.6,-0.006806858319103548,2.07000000000005,0.48751766368347854,420.0957142857142,423.9051666666666,0.009245612678875179
MSFT,2024-10-24,425.325,425.978,422.4,424.73,0.0003061705134244086,3.5780000000000314,0.8412390524892803,420.94571428571425,423.8295,0.009201826654836548
MSFT,2024-10-25,426.76,432.52,426.565,428.15,0.008052174322510597,5.954999999999984,1.3953978817133716,422.6642857142857,423.74816666666663,0.00859980790711105
MSFT,2024-10-28,431.655,431.89,426.31,426.71,-0.003363307252131298,5.579999999999984,1.2926990304757235,424.09142857142854,423.5938333333333,0.009029433033051579
MSFT,2024-10-29,428.0,433.17,425.84,431.97,0.012326873051955678,7.330000000000041,1.7126168224299159,426.0642857142857,423.48783333333336,0.009636643068306212
MSFT,2024-10-30,437.435,438.5,432.1,432.53,0.0012963863231241213,6.399999999999977,1.4630745139277783,428.0285714285714,423.5441666666666,0.009647235148706267
MSFT,2024-10-31,415.36,416.16,406.3,406.3,-0.06064319237971927,9.860000000000014,2.373844375963023,424.99857142857144,422.46816666666666,0.02453961766241525
MSFT,2024-11-01,409.01,415.5,407.5,410.37,0.010017228648781629,8.0,1.9559423974963939,422.96571428571434,421.6418333333333,0.02536881726659275
MSFT,2024-11-04,409.79,410.415,405.83,408.46,-0.004654336330628506,4.585000000000036,1.1188657605114904,420.6414285714286,420.8068333333333,0.02527894756275889
MSFT,2024-11-05,408.37,414.9,408.23,411.46,0.007344660431866101,6.669999999999959,1.633322722041276,418.25714285714287,420.21199999999993,0.025218092562762053
MSFT,2024-11-06,412.42,420.45,410.6,420.12,0.02104700335391052,9.849999999999966,2.388341981475187,417.3157142857143,419.81233333333336,0.027157008606702223
MSFT,2024-11-07,421.28,426.85,419.88,425.42,0.012615443206702937,6.970000000000027,1.6544815799468353,416.38,419.616,0.02718240277184872
MSFT,2024-11-08,425.32,426.5,421.78,422.54,-0.0067697804522589555,4.720000000000027,1.1097526568231044,414.95285714285717,419.43333333333334,0.02719756764630118
MSFT,2024-11-11,422.515,424.81,416.0,418.17,-0.010342216121550618,8.810000000000002,2.0851330721986208,416.6485714285714,419.0315,0.011608752222985377
MSFT,2024-11-12,418.25,424.44,417.28,423.01,0.011574240141569048,7.160000000000025,1.7118947997609144,418.4542857142857,419.10933333333327,0.011753261108631431
MSFT,2024-11-13,421.64,429.325,418.21,425.34,0.00550814401550781,11.115000000000009,2.636135091547294,420.86571428571426,419.383,0.011055048219690406
MSFT,2024-11-14,425.0,428.17,420.0,426.89,0.0036441435087224416,8.170000000000016,1.9223529411764744,423.07,419.72799999999995,0.01106035825867324
MSFT,2024-11-15,419.82,422.8,413.64,415.0,-0.02785260840029047,9.160000000000025,2.18188747558478,422.3385714285714,419.69266666666664,0.014410604224737044
MSFT,2024-11-18,414.87,418.404,412.1,415.76,0.001831325301204778,6.303999999999974,1.5195121363318567,420.9585714285714,419.89666666666665,0.013151502807915426
MSFT,2024-11-19,413.11,417.94,411.55,417.79,0.004882624591110218,6.389999999999986,1.5468035148023496,420.28000000000003,420.004,0.013360284358652481
MSFT,2024-11-20,416.87,417.085,410.58,415.49,-0.005505158093779161,6.5049999999999955,1.5604385060090664,419.8971428571428,419.93833333333333,0.012947643021068867
MSFT,2024-11-21,419.5,419.78,410.289,412.87,-0.006305807600664237,9.490999999999985,2.2624553039332507,418.4485714285715,419.83933333333334,0.011802182616457739
MSFT,2024-11-22,411.365,417.4,411.06,417.0,0.010003148690871155,6.339999999999975,1.5412103606286327,417.25714285714287,419.862,0.012470956883126503
MSFT,2024-11-25,418.38,420.89,414.85,418.79,0.004292565947242366,6.039999999999964,1.4436636550504238,416.1,419.8513333333333,0.012528706291859402
MSFT,2024-11-26,419.585,429.041,418.9,427.82,0.02156211943933717,10.14100000000002,2.4169119487112316,417.93142857142857,420.1526666666667,0.009535044407445849
MSFT,2024-11-27,425.105,427.23,422.02,422.99,-0.011289794773502893,5.210000000000036,1.2255795626962835,418.9642857142857,420.3816666666666,0.011257088773856064
MSFT,2024-11-29,420.09,424.885,417.8,423.46,0.0011111373791341528,7.0849999999999795,1.686543359756238,419.7742857142857,420.60633333333334,0.011215338032876202
MSFT,2024-12-02,421.57,433.0,421.31,430.98,0.017758465970811876,11.689999999999998,2.772967715919064,421.9871428571429,421.03366666666665,0.012043441645073837
MSFT,2024-12-03,429.84,432.47,427.74,431.2,0.0005104645227156368,4.730000000000018,1.1004094546808156,424.60571428571427,421.4476666666667,0.011193840824936404
MSFT,2024-12-04,433.03,439.67,432.63,437.42,0.014424860853432309,7.0400000000000205,1.6257534120037922,427.5228571428571,421.778,0.011557907138009495
MSFT,2024-12-05,437.92,444.66,436.171,442.62,0.011887888070961417,8.489000000000033,1.9384819145049397,430.9271428571428,422.3786666666667,0.011627545105760164
MSFT,2024-12-06,442.3,446.1,441.77,443.57,0.0021463106050336744,4.330000000000041,0.9789735473660504,433.1771428571429,423.0066666666666,0.010062195564963454
MSFT,2024-12-09,442.6,448.33,440.5,446.02,0.00552336722501523,7.829999999999984,1.769091730682328,436.46714285714285,423.6023333333333,0.007006869863224983
MSFT,2025-01-27,424.01,435.2,423.5,434.56,-0.025693915071072992,11.699999999999989,2.759368882809365,438.05285714285714,423.864,0.014488828272192108
MSFT,2025-01-28,434.6,448.38,431.38,447.2,0.02908689248895424,17.0,3.9116428900138054,440.36999999999995,424.37166666666667,0.016762803331894893
MSFT,2025-01-29,446.69,446.88,440.4,442.33,-0.0108899821109123,6.480000000000018,1.4506704873626046,441.96,424.6983333333334,0.017837777990142006
MSFT,2025-01-30,418.77,422.86,413.16,414.99,-0.06180905658671121,9.699999999999989,2.316307280846285,438.7557142857143,424.988,0.029631213610010525
MSFT,2025-01-31,418.98,420.69,414.91,415.06,0.00016867876334369925,5.779999999999973,1.3795407895364868,434.81857142857143,425.14433333333335,0.028695424598493613
MSFT,2025-02-03,411.6,415.41,408.66,410.92,-0.009974461523635125,6.75,1.639941690962099,430.1542857142857,425.2263333333333,0.02828896298956754
MSFT,2025-02-04,412.685,413.92,409.74,412.37,0.0035286673805119406,4.180000000000007,1.012879072416009,425.34714285714284,425.2566666666667,0.028109989165404466
MSFT,2025-02-05,412.35,413.827,410.4,413.29,0.002231006135266833,3.427000000000021,0.8310900933672901,422.3085714285714,425.02899999999994,0.027620864575146686
MSFT,2025-02-06,414.0,418.2,414.0,415.82,0.006121609523578986,4.199999999999989,1.0144927536231858,417.8257142857143,424.709,0.02373761500057429
MSFT,2025-02-07,416.48,418.65,408.1,409.75,-0.014597662450098636,10.549999999999955,2.533134844410285,413.17142857142863,424.2826666666667,0.023799748765987744
MSFT,2025-02-10,413.71,415.462,410.92,412.22,0.006028065893837864,4.541999999999973,1.0978704889898656,412.7757142857143,424.08433333333335,0.008142746183444518
MSFT,2025-02-11,409.64,412.49,409.3,411.44,-0.0018921934889137848,3.1899999999999977,0.7787325456498384,412.25857142857143,423.6986666666667,0.0081337489932432
MSFT,2025-02-12,407.21,410.75,404.367,409.04,-0.005833171300797191,6.382999999999981,1.567495886643251,411.98999999999995,423.1553333333333,0.0075183737101104575
MSFT,2025-02-13,407.0,411.0,406.36,410.54,0.003667123019753582,4.639999999999986,1.1400491400491366,411.72857142857146,422.61033333333336,0.007531310402550345
MSFT,2025-02-14,407.79,408.91,405.88,408.43,-0.005139572270667969,3.0300000000000296,0.7430295004781945,411.0342857142858,422.39133333333336,0.007582850760271285
MSFT,2025-02-18,408.0,410.597,406.5,409.64,0.002962563964449272,4.09699999999998,1.0041666666666618,410.15142857142854,422.18733333333336,0.007122306091939996
MSFT,2025-02-19,407.88,415.49,407.65,414.77,0.012523191094619746,7.840000000000032,1.9221339609689203,410.86857142857144,422.0866666666667,0.006554194715836223
MSFT,2025-02-20,415.29,419.31,412.54,416.13,0.0032789256696483804,6.769999999999982,1.6301861349900026,411.4271428571429,422.108,0.006334465786458287
MSFT,2025-02-21,417.335,418.048,407.89,408.21,-0.019032513877874746,10.158000000000015,2.4340158385948976,410.96571428571434,421.9526666666667,0.010035686610250318
MSFT,2025-02-24,408.51,409.37,399.39,404.0,-0.01031331912496014,9.980000000000018,2.4430246505593542,410.2457142857143,421.5193333333334,0.010520353040338774
MSFT,2025-02-25,401.1,401.915,396.7,397.995,-0.0148638613861386,5.215000000000032,1.3001745200698158,408.4535714285715,420.82616666666667,0.011244837208512586
MSFT,2025-02-26,397.87,403.6,394.245,399.73,0.004359351248131249,9.355000000000018,2.3512705154950155,407.2107142857143,419.88983333333334,0.011700305449810149
MSFT,2025-02-27,401.265,405.62,392.17,392.533,-0.018004653140870075,13.449999999999989,3.3518996174597806,404.76685714285713,418.87460000000004,0.012567509062960102
MSFT,2025-02-28,392.655,397.63,386.57,396.98,0.011328983805183324,11.060000000000002,2.816722058804804,402.22542857142855,417.99193333333335,0.012278823233989513
MSFT,2025-03-03,398.82,398.82,386.155,388.53,-0.021285707088518402,12.66500000000002,3.1756180733162878,398.28257142857143,416.5769333333334,0.012630754243942544
MSFT,2025-03-04,383.375,392.58,381.0,388.621,0.00023421614804530755,11.579999999999984,3.0205412455167875,395.4841428571429,415.1576333333333,0.012351066298906062
MSFT,2025-03-05,389.34,401.67,388.81,401.02,0.03190512092758757,12.860000000000014,3.303025633122724,395.0584285714285,413.9443,0.018964030700627098
MSFT,2025-03-06,394.28,402.15,393.29,396.89,-0.010298738217545234,8.859999999999957,2.2471340164350098,394.9005714285714,412.41996666666665,0.018476160559014625
MSFT,2025-03-07,392.32,394.8,385.54,393.31,-0.00902013152258807,9.259999999999991,2.3603181076672084,393.9834285714286,410.74463333333335,0.018611213132082208
MSFT,2025-03-10,385.84,386.4,377.22,380.16,-0.03343418677379162,9.17999999999995,2.379224549035857,392.21585714285715,408.54929999999996,0.02149101750995578
MSFT,2025-03-11,379.0,386.0,376.91,380.28,0.0003156565656563526,9.089999999999975,2.398416886543529,389.8301428571429,406.7399666666667,0.02053214634643218
MSFT,2025-03-12,382.95,385.216,378.951,383.27,0.007862627537603917,6.264999999999986,1.6359838098968498,389.0787142857143,404.6089666666667,0.019845622272336924
MSFT,2025-03-13,383.155,385.25,377.45,378.77,-0.011741070263782682,7.800000000000011,2.035729665540059,387.67142857142863,402.49030000000005,0.02015711395968599
MSFT,2025-03-14,379.775,390.23,379.54,388.56,0.02584681996990268,10.689999999999998,2.8148245671779337,385.8914285714286,401.6093,0.018441257919481223
MSFT,2025-03-17,386.7,392.705,385.7,388.81,0.0006434012765081931,7.0049999999999955,1.8114817688130322,384.7371428571428,400.7343,0.01831657563414463
MSFT,2025-03-18,387.07,387.07,381.1,383.52,-0.013605617139476944,5.96999999999997,1.5423566796703363,383.3385714285714,399.8209666666667,0.018655405674682858
MSFT,2025-03-19,385.525,389.68,384.0,387.797,0.011151960784313797,5.680000000000007,1.4733156085856967,384.4295714285714,399.0018666666667,0.013649433235204747
MSFT,2025-03-20,385.99,391.785,383.28,386.84,-0.002467785980809656,8.505000000000052,2.2034249591958477,385.3667142857143,398.12020000000007,0.013778049383536498
MSFT,2025-03-21,383.245,391.74,382.9,391.135,0.01110278151173616,8.840000000000032,2.3066184816501276,386.4902857142857,397.2973666666666,0.014039123545424076
MSFT,2025-03-24,395.4,395.4,389.93,393.08,0.004972707632914464,5.46999999999997,1.3834092058674685,388.5345714285714,396.7416999999999,0.01244721589592025
MSFT,2025-03-25,393.915,396.36,392.64,395.16,0.005291543706115842,3.7200000000000273,0.9443661703667103,389.47742857142856,396.17303333333336,0.008662793061249958
MSFT,2025-03-26,395.0,395.31,388.57,389.97,-0.013133920437291224,6.740000000000009,1.706329113924053,389.64314285714283,395.45736666666664,0.01050795061780324
MSFT,2025-03-27,390.13,392.24,387.41,390.58,0.0015642228889400922,4.829999999999984,1.238048855509698,390.65171428571426,394.84203333333335,0.008491247414149817
MSFT,2025-03-28,388.08,389.127,376.93,378.8,-0.03016027446361813,12.197000000000003,3.142908678622965,389.36642857142857,393.7840333333333,0.014096191279929596
MSFT,2025-03-31,372.535,377.07,367.28,374.87,-0.010374868004223936,9.79000000000002,2.62794099883233,387.65642857142853,392.66536666666667,0.014336744509586231
MSFT,2025-04-01,374.65,382.85,373.23,382.19,0.019526769280016953,9.620000000000005,2.567729881222476,386.37857142857143,391.7503666666667,0.01609927622845681
MSFT,2025-04-02,377.965,385.08,376.62,382.033,-0.0004107904445432853,8.45999999999998,2.2383024883256333,384.8004285714286,390.65913333333333,0.015769691263754847
MSFT,2025-04-03,374.47,377.48,369.38,373.18,-0.023173390780377612,8.100000000000023,2.1630571207306386,381.66042857142855,389.22746666666666,0.016633782975709298
MSFT,2025-04-04,364.125,374.42,359.48,359.72,-0.03606838522964784,14.939999999999998,4.102986611740473,377.339,387.61113333333327,0.01977106031359483
MSFT,2025-04-07,350.88,370.48,345.1,357.75,-0.0054764817079951955,25.379999999999995,7.233242134062927,372.649,386.06946666666664,0.019177760770798753
MSFT,2025-04-08,368.255,373.53,350.25,355.57,-0.006093640810621914,23.279999999999973,6.32170642625354,369.33042857142857,384.6553,0.017529796492869634
MSFT,2025-04-09,353.1,393.225,353.1,389.82,0.0963242118288945,40.125,11.363636363636363,371.46614285714287,384.3249666666667,0.04335963880546924
MSFT,2025-04-10,382.06,383.795,367.8,381.14,-0.022266687188959078,15.995000000000005,4.186515207035545,371.3161428571429,383.9452,0.0441177186877815
MSFT,2025-04-11,380.64,390.05,379.0,388.45,0.019179304192685098,11.050000000000011,2.9030054644808776,372.23285714285714,383.66086666666666,0.04467516829472396
MSFT,2025-04-14,393.22,394.6,384.21,387.81,-0.0016475736903075466,10.390000000000043,2.6422867605920457,374.3228571428571,383.63686666666666,0.0432758968230027
MSFT,2025-04-15,388.505,391.88,384.16,385.73,-0.005363451174544176,7.71999999999997,1.9871044130706093,378.0385714285714,383.5405,0.0396745093638243
MSFT,2025-04-16,380.67,381.61,368.0,371.61,-0.03660591605527186,13.610000000000014,3.5752751727217835,380.0185714285714,382.5601666666667,0.043358897140259846
MSFT,2025-04-17,373.745,374.322,366.89,367.78,-0.010306504130674687,7.432000000000016,1.9885215855730554,381.7628571428571,381.58983333333333,0.043586908092608886
MSFT,2025-04-21,362.815,364.48,355.67,359.12,-0.023546685518516464,8.810000000000002,2.4282347752987063,377.3771428571429,380.4501666666667,0.018114093993579963
MSFT,2025-04-22,363.375,367.77,359.86,366.82,0.02144130095789709,7.909999999999968,2.1768145854833074,375.33142857142855,380.00550000000004,0.021078171126616946
MSFT,2025-04-23,376.29,380.335,373.02,374.045,0.019696308816313346,7.314999999999998,1.9439793776076957,373.2735714285714,379.79766666666666,0.02117876186619353
MSFT,2025-04-24,375.695,388.45,375.19,387.3,0.035436912670935294,13.259999999999991,3.529458736475064,373.2007142857143,379.93199999999996,0.026244993470392067
MSFT,2025-04-25,387.0,392.16,384.6,391.85,0.011747998967208906,7.560000000000002,1.9534883720930238,374.075,380.368,0.02644661855468807
MSFT,2025-04-28,391.955,392.74,386.638,391.16,-0.0017608778869465658,6.102000000000032,1.556811368652022,376.86785714285713,380.45466666666664,0.02044648432964568
MSFT,2025-04-29,391.3,395.1,390.38,394.04,0.007362716024133409,4.720000000000027,1.206235624840283,380.6192857142857,380.629,0.018910521968811395
MSFT,2025-04-30,390.3,396.66,384.44,392.32,-0.0043650390823267715,12.220000000000027,3.130924929541385,385.3621428571428,380.9223333333333,0.013976105985732505
MSFT,2025-05-01,431.11,436.99,424.9,425.4,0.08431892332789559,12.090000000000032,2.80438867110483,393.7307142857143,382.1757666666666,0.03068171282154518
MSFT,2025-05-02,431.74,439.43,429.985,435.28,0.02322519981194171,9.444999999999993,2.1876592393570187,402.4785714285714,383.79043333333334,0.030670822401708417
MSFT,2025-05-05,432.87,439.5,432.11,436.083,0.0018447895607427434,7.389999999999986,1.7072100168641822,409.4475714285714,385.2887,0.030896443043370633
MSFT,2025-05-06,432.2,437.73,431.17,433.31,-0.006358881222152668,6.560000000000002,1.517815826006479,415.37042857142853,386.62970000000007,0.03218750144002769
MSFT,2025-05-07,433.84,438.12,431.16,433.35,9.231266298970198e-05,6.9599999999999795,1.6042780748663055,421.3975714285715,387.9027,0.03203493195515284
MSFT,2025-05-08,437.93,443.67,435.73,438.17,0.011122649128879614,7.939999999999998,1.8130751489964143,427.7018571428572,389.5093666666666,0.03191369650833317
MSFT,2025-05-09,440.0,440.74,435.88,438.73,0.001278042768788401,4.860000000000014,1.1045454545454576,434.3318571428572,391.1143666666667,0.03138942053700455
MSFT,2025-05-12,445.94,449.37,440.0,449.17,0.0237959565108381,9.370000000000005,2.1011795308785945,437.7275714285714,393.4600333333334,0.011851212069964914
MSFT,2025-05-13,447.78,450.673,445.36,449.14,-6.678985684716032e-05,5.312999999999988,1.1865201661530191,439.7075714285715,395.9357,0.009931573921783473
MSFT,2025-05-14,448.14,453.9,448.14,452.94,0.008460613617135015,5.759999999999991,1.285312625518809,442.1157142857143,398.29403333333335,0.009948259724026735
MSFT,2025-05-15,450.765,456.19,450.43,453.13,0.00041948160904303755,5.759999999999991,1.2778276929220307,444.94714285714286,400.6639333333333,0.008876590287141049
MSFT,2025-05-16,452.05,454.36,448.73,454.27,0.0025158343080351475,5.6299999999999955,1.2454374516093343,447.93571428571425,403.36693333333335,0.008631479104972833
MSFT,2025-05-19,450.875,459.585,450.875,458.87,0.010126136438681987,8.70999999999998,1.9317992791793688,450.89285714285717,406.6719333333333,0.008555987040153635
MSFT,2025-05-20,455.59,458.34,454.32,458.17,-0.0015254865212369628,4.019999999999982,0.882372308435212,453.66999999999996,410.0192666666666,0.008907587729567878
MSFT,2025-05-21,454.68,457.78,451.814,452.57,-0.012222537486086038,5.965999999999951,1.3121316090437123,454.1557142857143,413.25260000000003,0.007346904557893809
MSFT,2025-05-22,454.95,459.99,453.9,454.86,0.005059990719667784,6.090000000000032,1.3386086383119093,454.97285714285715,415.42060000000004,0.0074656625594503355
MSFT,2025-05-23,449.76,453.69,448.91,450.18,-0.010288880094974306,4.779999999999973,1.0627890430451736,454.57857142857137,417.7219333333333,0.008033545953396285
MSFT,2025-05-27,456.48,460.95,456.115,460.69,0.02334621706872797,4.8349999999999795,1.0591920785138405,455.65857142857146,420.1299333333334,0.012218534488650717
MSFT,2025-05-28,461.22,462.52,456.93,457.36,-0.007228288002778416,5.589999999999975,1.212002948701265,456.1,422.44826666666665,0.01275062239963415
MSFT,2025-05-29,461.55,461.72,455.31,458.68,0.0028861290886827984,6.410000000000025,1.3887986133680046,456.0728571428571,424.8799333333333,0.012171042999282419
MSFT,2025-05-30,459.715,461.68,455.54,459.59,0.001983953954826756,6.139999999999986,1.3356101062614851,456.27571428571434,427.8126,0.01216982620468757
MSFT,2025-06-02,457.14,462.11,456.89,461.97,0.005178528688613904,5.220000000000027,1.141882136763361,457.61857142857144,430.95226666666673,0.010841394963147488
MSFT,2025-06-03,461.47,464.14,460.862,462.97,0.0021646427257180356,3.277999999999963,0.7103387002405277,458.77714285714285,434.4139333333333,0.010804475723584638
MSFT,2025-06-04,464.0,465.69,463.02,463.87,0.0019439704516490686,2.670000000000016,0.5754310344827621,460.73285714285714,437.64893333333333,0.009254737210544586
MSFT,2025-06-05,464.955,469.65,464.03,467.61,0.008062603746739505,5.6200000000000045,1.2087191233560246,461.7214285714286,440.76776666666666,0.0047027436431957125
MSFT,2025-06-06,470.085,473.335,468.78,470.38,0.005923739868693989,4.555000000000007,0.9689736962464249,463.58142857142855,443.53710000000007,0.0023976534878364974
MSFT,2025-06-09,469.7,473.43,468.62,472.75,0.00503847952719072,4.810000000000002,1.0240579093038116,465.5914285714286,446.23376666666667,0.0023657308429238084
MSFT,2025-06-10,471.185,472.8,466.96,470.92,-0.003870967741935405,5.840000000000032,1.2394282500504115,467.21,448.8924333333334,0.003881823472740676
MSFT,2025-06-11,470.02,475.47,469.655,472.62,0.003609954981737884,5.815000000000055,1.2371813965363294,468.73142857142864,451.51176666666663,0.003812873378807048
MSFT,2025-06-12,475.02,480.415,473.52,478.87,0.013224154712030867,6.895000000000039,1.4515178308281838,471.0028571428571,454.3967666666667,0.005286361113495825
MSFT,2025-06-13,476.41,479.18,472.76,474.96,-0.008165055234197194,6.420000000000016,1.3475787661887901,472.58714285714285,456.04876666666667,0.007233823887121038
MSFT,2025-06-16,475.21,480.694,475.0,479.14,0.008800741115041255,5.694000000000017,1.198207108436274,474.2342857142857,457.51076666666665,0.007317954088080696
MSFT,2025-06-17,475.395,478.74,474.08,478.04,-0.002295779939057385,4.660000000000025,0.9802374867215737,475.3285714285715,458.90933333333334,0.007522445601056228
MSFT,2025-06-18,478.0,481.0,474.46,480.24,0.004602125345159358,6.5400000000000205,1.368200836820088,476.3985714285715,460.47366666666665,0.007498072519609703
MSFT,2025-06-20,482.23,483.46,476.87,477.16,-0.006413459936698285,6.589999999999975,1.3665678203346898,477.29,461.93399999999997,0.007896255402716249
MSFT,2025-06-23,478.21,487.75,472.51,486.0,0.01852628049291627,15.240000000000009,3.186884423161375,479.20142857142855,463.5283333333333,0.010128852899639492
MSFT,2025-06-24,488.95,491.849,486.795,490.11,0.008456790123456903,5.053999999999974,1.0336435218324929,480.8071428571429,465.241,0.009552252150072804
MSFT,2025-06-25,492.04,494.556,489.39,492.27,0.0044071738997366605,5.165999999999997,1.0499146410860898,483.28000000000003,466.67766666666665,0.008095190850158066
MSFT,2025-06-26,492.98,498.04,492.81,497.45,0.01052268064273676,5.230000000000018,1.060894965312998,485.8957142857143,468.28799999999995,0.008249143690491754
MSFT,2025-06-27,497.55,499.3,493.03,495.969,-0.002977183636546421,6.270000000000039,1.2601748567983195,488.457,469.7223,0.00835840104005191
MSFT,2025-06-30,497.04,500.76,495.33,497.14,0.002361034661440442,5.430000000000007,1.0924674070497358,490.87128571428565,471.1893,0.00843233682260716
MSFT,2025-07-01,496.47,498.05,490.98,492.05,-0.010238564589451604,7.069999999999993,1.4240538199689794,492.9984285714286,472.44863333333336,0.009366205946024357
MSFT,2025-07-02,489.99,493.5,488.7,490.97,-0.0021948988923889967,4.800000000000011,0.9796118288128353,493.70842857142856,473.5186333333333,0.00719358847937594
MSFT,2025-07-03,493.81,500.13,493.44,498.847,0.016043750127298972,6.689999999999998,1.3547720783297215,494.9565714285714,474.8745333333334,0.008810412008060757
MSFT,2025-07-07,497.38,498.75,495.23,497.72,-0.0022592097376549214,3.519999999999982,0.7077083919739398,495.7351428571428,476.3795333333333,0.008936925517435437
MSFT,2025-07-08,497.24,498.2,494.11,496.62,-0.002210077955477008,4.089999999999975,0.8225404231357042,495.6165714285715,477.77153333333337,0.008074274143177438
MSFT,2025-07-09,500.3,506.78,499.74,503.51,0.013873786798759502,7.039999999999964,1.407155706576047,496.69385714285715,479.54920000000004,0.009498411523586903
MSFT,2025-07-10,503.05,504.44,497.75,501.48,-0.004031697483664609,6.689999999999998,1.3298876851207628,497.31385714285716,480.90886666666665,0.009783018790872842
MSFT,2025-07-11,503.465,505.03,503.32,503.32,0.003669139347531214,1.7099999999999795,0.3396462514772585,498.9238571428572,482.44086666666664,0.00836213309793401
MSFT,2025-07-14,501.515,503.97,501.03,503.02,-0.000596042279265685,2.9400000000000546,0.5862237420615644,500.64528571428576,483.9188666666667,0.008208402493921473
MSFT,2025-07-15,503.02,508.3,502.79,505.82,0.005566379070414795,5.509999999999991,1.0953838813566044,501.64142857142855,485.4598666666667,0.006264693544961607
MSFT,2025-07-16,505.18,506.72,501.89,505.62,-0.00039539757225892647,4.830000000000041,0.9560948572786018,502.77000000000004,486.9148666666667,0.006090601756624864
MSFT,2025-07-17,505.68,513.37,505.62,511.7,0.012024840789525593,7.75,1.5325897800980859,504.9242857142857,488.5392,0.006692874494723182
MSFT,2025-07-18,514.48,514.64,507.43,510.05,-0.0032245456322063104,7.2099999999999795,1.4014150209920657,505.85857142857145,490.0785333333333,0.0056571175967065875
MSFT,2025-07-21,506.705,512.09,505.55,510.06,1.9605920988041703e-05,6.5400000000000205,1.290691822658158,507.0842857142857,491.49353333333335,0.005137388810717541
MSFT,2025-07-22,510.97,511.2,505.27,505.27,-0.009391052033094205,5.930000000000007,1.16053780065366,507.36285714285714,492.65653333333336,0.006737864016658318
MSFT,2025-07-23,506.75,506.79,500.7,505.87,0.00118748391948853,6.090000000000032,1.201776023680322,507.77,493.7605333333333,0.006720032873869933
MSFT,2025-07-24,508.77,513.67,507.3,510.88,0.009903730207365458,6.369999999999948,1.2520392318729383,508.4928571428572,495.09253333333334,0.0073958652932771575
MSFT,2025-07-25,512.465,518.29,510.359,513.71,0.00553946132164107,7.930999999999983,1.547617886099535,509.6485714285714,496.4622,0.007489128880497158
MSFT,2025-07-28,514.08,515.0,510.135,512.5,-0.002355414533491751,4.865000000000009,0.9463507625272347,509.7628571428572,497.5832,0.006243859481846103
MSFT,2025-07-29,515.53,517.62,511.56,512.93,0.0008390243902438588,6.060000000000002,1.1754893022714492,510.1742857142857,498.84886666666665,0.006054094298040351
MSFT,2025-07-30,515.17,515.95,509.435,513.24,0.0006043709667986619,6.515000000000043,1.264631092649037,510.6285714285714,499.9855333333333,0.00604523072943574
MSFT,2025-07-31,555.225,555.45,531.9,533.39,0.0392603850050659,23.550000000000068,4.241523706605442,514.6457142857142,501.8305333333334,0.014412732148121905
MSFT,2025-08-01,535.0,535.8,520.86,524.0,-0.01760437953467442,14.93999999999994,2.79252336448597,517.2357142857143,503.28920000000005,0.017318610400816045
MSFT,2025-08-04,528.27,538.25,528.13,535.64,0.022213740458015163,10.120000000000005,1.9156870539686157,520.7728571428571,505.23853333333335,0.018466403548448803
MSFT,2025-08-05,537.18,537.3,527.24,527.744,-0.014741244119184427,10.059999999999945,1.8727428422502599,522.7777142857143,506.63000000000005,0.020227560409246007
MSFT,2025-08-06,530.9,531.7,524.03,524.94,-0.0053131821489206255,7.670000000000073,1.4447165191184919,524.5548571428571,507.791,0.020413240976494718
MSFT,2025-08-07,526.8,528.09,517.551,520.84,-0.007810416428544298,10.538999999999987,2.0005694760820023,525.6848571428571,508.7433333333333,0.020865580164842763
MSFT,2025-08-08,522.6,524.66,519.41,522.04,0.002303970509177411,5.25,1.0045924225028702,526.942,509.56300000000005,0.020851456805611027
MSFT,2025-08-11,522.3,527.59,519.72,521.915,-0.00023944525323726928,7.8700000000000045,1.5067968600421224,525.3027142857143,510.42786666666666,0.013235784180814862
MSFT,2025-08-12,523.75,530.98,522.7,529.24,0.014034852418497445,8.279999999999973,1.580906921241045,526.0512857142857,511.49786666666665,0.012824030442142727
MSFT,2025-08-13,532.11,532.63,519.37,520.58,-0.01636308669034836,13.259999999999991,2.4919659468906787,523.8998571428572,512.4488666666666,0.01051664803700368
MSFT,2025-08-14,522.56,525.95,520.14,522.48,0.003649775250681886,5.810000000000059,1.1118340477648614,523.1478571428571,513.4992,0.009653160305299262
MSFT,2025-08-15,522.77,526.1,519.08,520.17,-0.004421221864951863,7.019999999999982,1.3428467586127708,522.4664285714285,514.2099666666667,0.009598491500592032
MSFT,2025-08-18,521.585,522.82,514.02,517.1,-0.005901916681084862,8.800000000000068,1.6871650833517198,521.9321428571428,514.8559666666666,0.009406728752420858
MSFT,2025-08-19,515.0,515.164,508.55,509.77,-0.014175207890156694,6.613999999999976,1.2842718446601895,520.1792857142857,515.2943,0.010449008576543075
MSFT,2025-08-20,509.865,511.0,504.44,505.72,-0.007944759401298573,6.560000000000002,1.2866150843850828,517.8657142857144,515.3679666666667,0.010473136660351294
MSFT,2025-08-21,503.69,507.63,502.72,504.24,-0.0029265206042869973,4.909999999999968,0.9748059322202084,514.2942857142857,515.4599666666667,0.006804291031046668
MSFT,2025-08-22,504.25,510.72,502.41,507.23,0.005929716008250097,8.310000000000002,1.647992067426872,512.3871428571429,515.5903000000001,0.006836955139181478
MSFT,2025-08-25,506.63,508.19,504.12,504.26,-0.005855331900715743,4.069999999999993,0.8033476106823506,509.7842857142858,515.6316333333333,0.00603436871177128
MSFT,2025-08-26,504.355,504.978,498.51,502.078,-0.004327132828302882,6.468000000000018,1.282430034400376,507.1997142857143,515.5069,0.006036086933282698
MSFT,2025-08-27,502.0,507.29,499.9,506.74,0.009285409836718772,7.390000000000043,1.472111553784869,505.7197142857143,515.5442333333333,0.008060063139249634
MSFT,2025-08-28,507.09,511.01,505.5,509.64,0.005722855902435153,5.509999999999991,1.086592123686129,505.7011428571429,515.4755666666666,0.00681691826743171
MSFT,2025-08-29,508.66,509.6,504.491,506.69,-0.005788399654658161,5.109000000000037,1.004403727440734,505.83971428571425,515.3635666666667,0.006437075796806036
MSFT,2025-09-02,500.465,506.0,496.81,505.12,-0.00309854151453548,9.189999999999998,1.8362922482091653,505.9654285714286,515.1989,0.006451720328535923
MSFT,2025-09-03,503.79,507.79,502.32,505.35,0.0004553373455813414,5.470000000000027,1.085769864427644,505.69685714285714,515.2015666666667,0.005964273717797507
MSFT,2025-09-04,504.3,508.15,503.15,507.97,0.005184525576333199,5.0,0.9914733293674399,506.2268571428571,515.2715666666667,0.005773389206134679
MSFT,2025-09-05,509.07,511.97,492.37,495.0,-0.025533003917554198,19.600000000000023,3.850158131494691,505.2157142857142,514.7422333333333,0.011647622563189939
MSFT,2025-09-08,498.105,501.195,495.03,498.22,0.006505050505050569,6.1650000000000205,1.2376908483151183,503.99857142857144,514.2259,0.011240217976568802
MSFT,2025-09-09,501.43,502.25,497.7,498.41,0.00038135763317415083,4.550000000000011,0.9074048222084861,502.39428571428573,513.7562333333333,0.010771199522472075
MSFT,2025-09-10,502.98,503.23,496.72,500.37,0.0039325053670671295,6.509999999999991,1.2942860551115334,501.4914285714286,513.3375666666667,0.010995298667264692
MSFT,2025-09-11,502.25,503.17,497.88,501.01,0.0012790535004096881,5.2900000000000205,1.0532603285216566,500.9042857142857,512.9299,0.011029520553570817
MSFT,2025-09-12,506.65,512.55,503.85,509.872,0.01768826969521564,8.699999999999932,1.7171617487417214,501.5502857142857,512.1459666666666,0.013156276717301804
MSFT,2025-09-15,508.79,515.47,507.0,515.418,0.010877239777826508,8.470000000000027,1.6647339766897986,502.61428571428576,511.8599,0.013601352591766284
MSFT,2025-09-16,516.88,517.23,508.6,509.04,-0.01237442231353969,8.629999999999995,1.6696331837176899,504.62,510.9732333333333,0.009394616191019788
MSFT,2025-09-17,510.62,511.28,505.93,509.99,0.0018662580543769014,5.349999999999966,1.0477458775606059,506.3014285714286,510.3814333333333,0.00935538618425864
MSFT,2025-09-18,511.49,513.07,507.66,508.35,-0.0032157493284181715,5.410000000000025,1.0576941875696542,507.7214285714286,509.82843333333335,0.009641862670630266
MSFT,2025-09-19,510.56,519.3,510.31,518.04,0.019061670109176587,8.989999999999952,1.7608116577875181,510.2457142857143,509.7351,0.011447669501451518
MSFT,2025-09-22,515.59,517.74,512.545,514.45,-0.0069299667979304536,5.19500000000005,1.0075835450648867,512.1657142857142,509.4821,0.012285318109190839
MSFT,2025-09-23,513.8,514.59,507.31,509.23,-0.010146758674312473,7.28000000000003,1.416893732970033,512.074,509.0592666666667,0.011543302329061277
MSFT,2025-09-24,510.38,512.48,506.92,510.15,0.0018066492547570423,5.560000000000002,1.0893843802656848,511.32142857142856,508.42293333333333,0.010570790686253238
MSFT,2025-09-25,508.3,510.01,505.04,507.03,-0.006115848279917735,4.96999999999997,0.9777690340350129,511.0342857142858,507.9712666666667,0.009720184370486652
MSFT,2025-09-26,510.06,513.94,506.62,511.46,0.008737155592371204,7.32000000000005,1.4351252793789064,511.2442857142857,507.6039333333334,0.010329687618422055
MSFT,2025-09-29,511.5,516.845,508.89,514.6,0.006139287529816739,7.955000000000041,1.555229716520047,512.1371428571429,507.4182666666666,0.010380402478517955
MSFT,2025-09-30,513.24,518.16,509.66,517.95,0.00650991061018269,8.499999999999943,1.6561452731665385,512.1242857142857,507.44660000000005,0.00761639031380304
MSFT,2025-10-01,514.8,520.505,511.69,519.71,0.0033980113910609955,8.814999999999998,1.712315462315462,512.8757142857143,507.77793333333335,0.007027790329986528
MSFT,2025-10-02,517.64,521.6,510.679,515.74,-0.007638875526736144,10.92100000000005,2.109767405919181,513.8057142857143,508.11193333333335,0.006369661628601012
MSFT,2025-10-03,517.1,520.49,515.0,517.35,0.003121728002482005,5.490000000000009,1.0616901953200557,514.8342857142858,508.5489333333333,0.006388095849404984
MSFT,2025-10-06,518.61,531.03,518.2,528.57,0.021687445636416447,12.829999999999927,2.4739206725670404,517.9114285714286,509.2602666666667,0.008707667192322641
MSFT,2025-10-07,528.285,529.8,521.44,523.98,-0.008683807253533127,8.3599999999999,1.5824791542443757,519.7,509.9176,0.010161049942883091
MSFT,2025-10-08,523.28,526.95,523.09,524.85,0.0016603687163632141,3.8600000000000136,0.7376547928451334,521.1642857142857,510.6766666666667,0.01010839032755678
MSFT,2025-10-09,522.335,524.325,517.4,522.4,-0.004668000381061299,6.925000000000068,1.3257775182593676,521.8,511.1986666666667,0.010317363754187361
MSFT,2025-10-10,519.64,523.58,509.63,510.96,-0.02189892802450233,13.950000000000045,2.6845508428912415,520.5500000000001,511.24266666666665,0.013412957420916215
MSFT,2025-10-13,516.41,516.41,511.68,514.05,0.006047440112728841,4.729999999999961,0.915938885769052,520.3085714285714,511.48800000000006,0.013509953091704547
MSFT,2025-10-14,510.225,515.282,506.0,513.71,-0.0006614142593130978,9.282000000000039,1.8191974129060786,519.7885714285715,511.77433333333335,0.01342141184518128
MSFT,2025-10-15,514.955,517.19,510.0,513.43,-0.0005450546027916392,7.190000000000055,1.396238506277258,517.6257142857143,512.0436666666667,0.009117284874464632
MSFT,2025-10-16,512.58,516.85,508.13,511.61,-0.0035447870206258836,8.720000000000027,1.701197861797188,515.8585714285715,512.1650000000001,0.008891437930501712
MSFT,2025-10-17,509.04,515.48,507.31,513.58,0.0038505893160807325,8.170000000000016,1.604981926764108,514.2485714285715,512.7843333333334,0.009133325122855057
MSFT,2025-10-20,514.61,518.7,513.43,516.79,0.0062502433895399445,5.2700000000000955,1.0240764851052437,513.4471428571429,513.4033333333333,0.009726008907602866
MSFT,2025-10-21,517.5,518.69,513.04,517.66,0.0016834691073743802,5.650000000000091,1.091787439613544,514.4042857142857,514.045,0.0037003494946335944
MSFT,2025-10-22,521.15,525.21,517.71,520.54,0.005563497276204421,7.5,1.4391250119927086,515.3314285714285,514.7173333333334,0.0036127473802522697
MSFT,2025-10-23,522.46,523.95,518.61,520.56,3.842163906697671e-05,5.340000000000032,1.0220878153351514,516.31,515.369,0.0035422917247638513
MSFT,2025-10-24,522.79,525.345,520.71,523.552,0.005747656370063137,4.634999999999991,0.8865892614625358,517.756,515.825,0.00361623133111397
MSFT,2025-10-27,531.78,534.58,529.01,531.52,0.015219118635780182,5.57000000000005,1.0474256271390519,520.6002857142856,516.3617333333334,0.004868293890979174
MSFT,2025-10-28,550.0,553.72,540.77,542.07,0.01984873570138479,12.950000000000045,2.354545454545463,524.6702857142857,517.4627333333333,0.007181879504810306
MSFT,2025-10-29,544.94,546.27,536.7287,542.56,0.0009039422952752396,9.541299999999978,1.7508900062392148,528.3517142857143,518.5484,0.0076394460435627596
MSFT,2025-10-30,530.48,534.97,522.12,525.818,-0.030857416691241424,12.850000000000023,2.4223344895189305,529.5171428571429,519.1306666666667,0.01634960535737067
MSFT,2025-10-31,528.875,529.32,515.1,517.81,-0.015229604159614274,14.220000000000027,2.688726069487124,529.1271428571429,519.123,0.017516143374155933
MSFT,2025-11-03,519.805,524.96,514.59,516.92,-0.0017187771576446798,10.370000000000005,1.994978886313138,528.6071428571429,519.2053333333333,0.017517751981105337
MSFT,2025-11-04,511.76,515.55,507.84,514.33,-0.0050104464907527735,7.7099999999999795,1.5065655776145028,527.2897142857142,519.3753333333333,0.0173111579496445
MSFT,2025-11-05,513.3,514.83,506.575,507.16,-0.013940466237629567,8.255000000000052,1.6082213130722878,523.8097142857142,519.2756666666667,0.015805943385697508
MSFT,2025-11-06,505.66,505.7,495.81,497.1,-0.019835949207350767,9.889999999999986,1.9558596685519885,517.3854285714286,518.9446666666666,0.011194207946662956
MSFT,2025-11-07,496.945,499.377,493.25,496.82,-0.0005632669483002228,6.1270000000000095,1.2329332219863385,510.8511428571428,518.4566666666666,0.010917367215905272
MSFT,2025-11-10,500.035,506.85,498.8,506.057,0.01859224668894166,8.050000000000011,1.60988730788845,508.0281428571429,518.1719,0.012849650430638486
MSFT,2025-11-11,504.8,509.6,502.3488,508.68,0.005183210586949594,7.25120000000004,1.4364500792393105,506.7238571428571,517.8629,0.01255648231537186
MSFT,2025-11-12,509.355,511.67,499.1201,511.409,0.005364865927498519,12.549900000000036,2.4638807904114097,505.9365714285714,517.5862,0.012907691321380263
MSFT,2025-11-13,510.31,513.5,501.29,503.37,-0.015719316633066693,12.20999999999998,2.392663283102424,504.3708571428571,517.1738666666666,0.013988219809033682
MSFT,2025-11-14,498.23,511.6,497.44,510.388,0.013942030712994269,14.160000000000025,2.8420608955703237,504.832,516.9418000000001,0.014315787046316523
MSFT,2025-11-17,508.45,512.12,504.91,507.49,-0.005678033182598297,7.2099999999999795,1.418035205034906,506.3162857142857,516.2391333333333,0.011630570504734497
MSFT,2025-11-18,495.365,502.98,486.78,493.79,-0.02699560582474525,16.200000000000045,3.2703158277230013,505.8834285714286,515.2328,0.016328758365701534
MSFT,2025-11-19,490.1,495.1872,482.83,487.03,-0.013690030174770773,12.357200000000034,2.5213629871454875,503.1652857142857,513.9721333333333,0.014397077816112325
MSFT,2025-11-20,492.71,493.57,475.5,478.43,-0.017658049812126486,18.069999999999993,3.6674717379391515,498.8438571428572,512.5064666666666,0.014193486440970925
MSFT,2025-11-21,478.5,478.92,468.27,472.236,-0.012946512551470502,10.650000000000034,2.225705329153612,493.24771428571427,511.2156666666667,0.012802858542976978
MSFT,2025-11-24,475.0,476.9,468.02,473.76,0.003227199959342286,8.879999999999995,1.8694736842105253,489.01771428571425,509.8726666666667,0.013673501653155095
MSFT,2025-11-25,474.07,479.15,464.89,476.99,0.006817798041202305,14.259999999999991,3.0079945999535918,484.24657142857143,508.6486666666667,0.011866751830904788
MSFT,2025-11-26,486.31,488.31,481.2,485.339,0.017503511604016753,7.110000000000014,1.4620303921367057,481.08214285714286,507.7123,0.01573496668397187
MSFT,2025-11-28,487.595,492.63,486.65,491.92,0.013559594427812405,5.980000000000018,1.2264276705052386,480.815,507.0559666666667,0.014215707368781631
MSFT,2025-12-01,488.435,489.8599,484.6475,486.74,-0.010530167506911714,5.212400000000002,1.067163491559778,480.7735714285714,506.1613,0.013768538690840252
MSFT,2025-12-02,486.715,493.4999,486.32,490.0,0.006697620906438662,7.179900000000032,1.4751754106612767,482.4264285714285,505.2683,0.011445013184396039
MSFT,2025-12-03,476.32,484.24,475.2,477.36,-0.02579591836734696,9.04000000000002,1.8978837756130376,483.15842857142854,503.92496666666665,0.014997103337096895
MSFT,2025-12-04,479.76,481.322,476.49,480.84,0.007290095525389617,4.831999999999994,1.0071702517925616,484.1698571428572,502.6016333333333,0.015146645864601054
MSFT,2025-12-05,482.515,483.4,478.8801,483.16,0.004824889776225083,4.51989999999995,0.9367377179983939,485.0512857142857,501.35496666666666,0.015064334532779607
MSFT,2025-12-08,484.885,492.3,484.38,491.12,0.016474873747826857,7.920000000000016,1.6333769862957228,485.8771428571429,500.2739,0.014891186586119026
MSFT,2025-12-09,489.1,492.12,488.5001,492.02,0.0018325460172665675,3.6199000000000296,0.7401144960130913,485.89142857142855,498.95723333333336,0.013977879269771471
MSFT,2025-12-10,484.03,484.25,475.08,478.32,-0.02784439656924509,9.170000000000016,1.8945106708261918,484.68857142857144,496.83223333333336,0.017309988112076857
MSFT,2025-12-11,476.63,486.03,475.86,483.47,0.010766850643920467,10.169999999999959,2.1337305666869395,483.7557142857143,494.8625666666666,0.01772814456957686
MSFT,2025-12-12,479.82,482.45,476.34,478.342,-0.010606656048979368,6.110000000000014,1.2733941894877274,483.896,493.28003333333334,0.015021486176165878
MSFT,2025-12-15,480.1,480.7205,472.52,474.81,-0.0073838383416049425,8.200500000000034,1.7080816496563285,483.03457142857144,491.8467,0.014921825729098396
MSFT,2025-12-16,471.905,477.89,470.88,476.39,0.0033276468482128507,7.009999999999991,1.485468473527509,482.0674285714286,490.49570000000006,0.014823027196888366
MSFT,2025-12-17,476.905,480.0,475.0,476.03,-0.0007556833686686026,5.0,1.0484268355332824,479.91171428571425,489.21903333333336,0.01250958631303366
MSFT,2025-12-18,478.19,489.6,477.89,483.88,0.016490557317816235,11.710000000000036,2.4488174156716025,478.74885714285716,488.44303333333335,0.014749258856148756
MSFT,2025-12-19,487.36,487.85,482.49,485.92,0.00421592130280235,5.360000000000014,1.0998030203545661,479.83457142857145,488.0703666666667,0.009552326886316668
MSFT,2025-12-22,486.12,488.73,482.69,484.715,-0.0024798320711229005,6.0400000000000205,1.242491565868514,480.01242857142853,487.6668666666667,0.00888258643227614
MSFT,2025-12-23,484.98,487.83,484.74,486.85,0.004404650155245937,3.089999999999975,0.6371396758629171,481.2278571428572,487.0266333333333,0.007484057029860819
MSFT,2025-12-24,485.68,489.1625,484.83,488.02,0.0024032042723629576,4.332500000000039,0.892048262230283,483.11499999999995,486.33796666666666,0.006107493005571147
MSFT,2025-12-26,486.705,488.12,485.96,487.71,-0.0006352198680381616,2.160000000000025,0.4438006595370964,484.73214285714283,485.548,0.006352859938973488
MSFT,2025-12-29,484.855,488.35,484.18,487.1,-0.0012507432695658682,4.170000000000016,0.8600509430654558,486.31357142857144,485.0056666666667,0.006409050250174001
MSFT,2025-12-30,485.93,489.68,485.5,487.53,0.0008827756107574469,4.180000000000007,0.8602062025394618,486.835,484.24373333333335,0.002699498809452631
MSFT,2025-12-31,487.84,488.14,483.3,483.62,-0.00802001928086471,4.839999999999975,0.9921285667431895,486.50642857142856,483.4480666666667,0.003984229639316632
MSFT,2026-01-02,484.385,484.66,470.16,472.94,-0.022083453951449505,14.5,2.993486586083384,484.8242857142856,482.7530666666666,0.009088231494835838
MSFT,2026-01-05,474.055,476.07,469.5,472.92,-4.2288662409517563e-05,6.569999999999993,1.3859151364293159,482.83428571428567,482.28273333333334,0.0085875740987967
MSFT,2026-01-06,473.8,478.7367,469.75,478.51,0.011820181003129537,8.986699999999985,1.89672857745884,481.4757142857143,482.2854,0.0103367762390862
MSFT,2026-01-07,479.755,489.7,477.95,483.64,0.010720779085076515,11.75,2.44916676220154,480.8942857142857,482.66553333333326,0.011546400224136728
MSFT,2026-01-08,481.24,482.63,475.86,478.11,-0.01143412455545445,6.769999999999982,1.406782478596954,479.61,482.8105333333333,0.012186600959679187
MSFT,2026-01-09,474.06,479.82,472.2001,479.28,0.0024471355964108543,7.619899999999973,1.6073703750580037,478.43142857142857,482.88686666666666,0.01227500242667965
MSFT,2026-01-12,476.67,480.99,475.6803,477.18,-0.004381572358537755,5.309700000000021,1.1139152873056875,477.51142857142855,482.6149,0.012071236400269823
MSFT,2026-01-13,474.675,475.7799,465.95,470.67,-0.013642650572111115,9.82990000000001,2.0708695423184302,477.18714285714293,481.90656666666666,0.009948134970509191
MSFT,2026-01-14,466.46,468.2,457.1701,459.534,-0.02365988909426997,11.029899999999998,2.3645971787505893,475.2748571428571,480.9997,0.013187407859682762
MSFT,2026-01-15,464.12,464.25,455.9,456.66,-0.006254161824805093,8.350000000000023,1.799103680082742,472.1534285714286,479.8883666666667,0.011187109964843647
MSFT,2026-01-16,457.83,463.19,456.48,459.86,0.007007401567906024,6.7099999999999795,1.4656095057117227,468.7562857142857,479.30503333333337,0.01028012586367066
MSFT,2026-01-20,451.215,456.8,449.28,454.79,-0.011025094594006801,7.520000000000039,1.6666112607072106,465.42485714285715,478.43670000000003,0.01025271686161972
MSFT,2026-01-21,452.595,452.69,438.68,444.11,-0.023483365949119372,14.009999999999991,3.0954827163357947,460.4005714285714,477.13503333333335,0.01090364289405237
MSFT,2026-01-22,447.62,452.84,444.7,450.865,0.015210195672243243,8.139999999999986,1.8185067691345307,456.64128571428574,475.7932,0.014679562702047948
MSFT,2026-01-23,451.87,471.1,450.54,465.95,0.03345790868663556,20.560000000000002,4.5499811892801025,455.967,474.9242,0.021058970562354225
MSFT,2026-01-26,465.305,474.25,462.0,470.28,0.009292842579675886,12.25,2.6326817893639656,457.5021428571429,474.6562,0.018773543349036092
MSFT,2026-01-27,473.7,482.87,473.16,480.58,0.02190184570893927,9.70999999999998,2.0498205615368335,460.9192857142857,474.55986666666666,0.01935318923939217
MSFT,2026-01-28,483.21,483.74,478.0,481.63,0.002184859960880692,5.740000000000009,1.1878893234825458,464.0292857142857,474.66946666666666,0.01945837752134477
MSFT,2026-01-29,439.99,442.5,421.02,433.48,-0.09997300832589329,21.480000000000018,4.881929134753067,460.985,473.2918,0.04513446457258397
MSFT,2026-01-30,439.17,439.6,426.45,430.39,-0.007128356556242554,13.150000000000034,2.9942846733611206,459.02500000000003,471.7584666666666,0.04449222621833813
MSFT,2026-02-02,430.235,430.736,422.25,423.23,-0.016636074258230882,8.48599999999999,1.9724104268597369,455.07714285714286,469.9984666666667,0.04387465562651305
MSFT,2026-02-03,422.01,422.05,408.57,411.28,-0.028235238522789086,13.480000000000018,3.19423710338618,447.26714285714286,467.57846666666666,0.04016846784614969
MSFT,2026-02-04,411.0,419.8,409.25,414.39,0.0075617584127603,10.550000000000011,2.5669099756691027,439.28285714285715,465.1941333333333,0.039984943839739204
MSFT,2026-02-05,407.44,408.3,392.32,393.5968,-0.05017785178213763,15.980000000000018,3.922049872373851,426.8566857142857,462.15686000000005,0.03744041423147226
MSFT,2026-02-06,399.165,401.79,392.92,401.14,0.019164789957641926,8.870000000000005,2.222138714566659,415.35811428571424,459.29986,0.040136153615396415
MSFT,2026-02-09,404.85,414.89,400.87,413.715,0.03134815775041133,14.019999999999982,3.463010991725326,412.5345428571428,456.8230266666667,0.02820144448567366
MSFT,2026-02-10,419.62,423.68,412.7,413.27,-0.0010756196898831227,10.980000000000018,2.6166531623850195,410.08882857142856,454.34169333333335,0.02826454790347952
MSFT,2026-02-11,416.175,416.46,401.01,404.37,-0.021535557867737753,15.449999999999989,3.7123806091187572,407.3945428571428,451.58402666666666,0.028646220002283045
MSFT,2026-02-12,405.0,406.2,398.01,401.884,-0.006147834903677318,8.189999999999998,2.0222222222222217,406.0522571428572,448.72916,0.02697390896634179
MSFT,2026-02-13,404.45,405.54,398.05,401.32,-0.0014033900329448734,7.490000000000009,1.8518976387687007,404.1851142857143,445.98582666666664,0.026600188302359985
NVDA,2023-01-03,148.438,149.887,140.89,143.079,,8.997000000000014,6.061116425713102,143.079,143.079,
NVDA,2023-01-04,145.598,148.458,142.339,147.418,0.030325903871287974,6.119,4.2026676190607,145.2485,145.2485,
NVDA,2023-01-05,144.838,145.568,141.409,142.579,-0.03282502815124344,4.15900000000002,2.8714840028169544,144.35866666666666,144.35866666666666,0.04465445227138266
NVDA,2023-01-06,144.668,150.027,140.27,148.518,0.04165410053373919,9.756999999999977,6.74440788564159,145.3985,145.3985,0.040132092030800315
NVDA,2023-01-09,152.765,160.481,151.336,156.203,0.05174456968178953,9.144999999999982,5.986318855758834,147.5594,147.5594,0.03805270747592782
NVDA,2023-01-10,154.994,159.542,154.644,159.013,0.017989411214893503,4.897999999999996,3.160122327315894,149.46833333333333,149.46833333333333,0.03302258855527625
NVDA,2023-01-11,158.318,160.201,155.554,159.931,0.005773112890141041,4.646999999999991,2.9352316224307984,150.963,150.963,0.030250367046380077
NVDA,2023-01-12,160.921,166.288,154.844,165.028,0.03186999393488432,11.444000000000017,7.111564059383187,154.09857142857143,152.721125,0.028032641080591766
NVDA,2023-01-13,162.7,169.136,161.571,168.907,0.023505102164481206,7.564999999999998,4.649661954517516,157.1684285714286,154.51955555555554,0.02776904375006664
NVDA,2023-01-17,168.907,177.193,168.907,176.933,0.04751727281877005,8.286000000000001,4.905658143238587,162.07614285714286,156.7609,0.016722923050623176
NVDA,2023-01-18,176.583,178.643,172.736,173.685,-0.018357231268333107,5.907000000000011,3.345169127265938,165.67142857142858,158.29945454545455,0.024284563152722333
NVDA,2023-01-19,170.276,171.886,167.228,167.568,-0.035218930823041616,4.657999999999987,2.7355587399281087,167.29500000000002,159.07183333333333,0.028860173341122505
NVDA,2023-01-20,170.026,178.473,168.167,178.303,0.06406354435214356,10.306000000000012,6.061425899568308,170.0507142857143,160.55115384615385,0.03538527098552307
NVDA,2023-01-23,180.551,192.355,178.088,191.835,0.07589328278267904,14.266999999999996,7.901922448504853,174.60842857142856,162.78571428571428,0.04112908984400826
NVDA,2023-01-24,188.177,194.855,188.107,192.555,0.0037532254281023025,6.7479999999999905,3.585985534895333,178.54085714285716,164.77033333333335,0.04194354372312904
NVDA,2023-01-25,189.031,193.605,185.709,193.135,0.0030121264054425723,7.895999999999987,4.1770926461797195,182.002,166.543125,0.042614053822433134
NVDA,2023-01-26,196.915,201.561,192.685,197.924,0.024796127061382123,8.876000000000005,4.507528629103931,185.0007142857143,168.3890588235294,0.041012404381578445
NVDA,2023-01-27,194.525,206.179,193.955,203.549,0.028419999595804546,12.22399999999999,6.284025189564319,189.26700000000002,170.34238888888888,0.0380217867038397
NVDA,2023-01-30,199.402,201.301,191.405,191.525,-0.05907177141621922,9.895999999999987,4.962838888275939,192.68942857142858,171.45726315789474,0.044654857011757074
NVDA,2023-01-31,191.6,196.775,189.406,195.275,0.01957968933559595,7.369,3.846033402922756,195.114,172.64815000000002,0.04031386029746422
NVDA,2023-02-01,196.815,211.816,196.015,209.327,0.07196005633081537,15.801000000000016,8.028351497599278,197.61285714285714,174.3947619047619,0.039318795588117156
NVDA,2023-02-02,209.897,219.383,206.899,216.984,0.03657913217119635,12.484000000000009,5.947679099748929,201.10271428571428,176.33063636363636,0.03995570521162219
NVDA,2023-02-03,209.897,217.344,207.788,210.896,-0.02805736828521932,9.555999999999983,4.552709185934046,203.64000000000001,177.83347826086955,0.043456991249667516
NVDA,2023-02-06,207.958,215.594,207.758,210.786,-0.0005215840983232578,7.835999999999984,3.768068552303823,205.47742857142856,179.2065,0.04340961049380355
NVDA,2023-02-07,213.715,222.481,211.396,221.622,0.05140758873929019,11.085000000000008,5.1868142151931345,208.05928571428572,180.90312000000003,0.0458502459141604
NVDA,2023-02-08,223.76,228.667,219.973,221.941,0.0014393877864109506,8.693999999999988,3.8854129424383217,212.40442857142858,182.4815,0.034191985953563306
NVDA,2023-02-09,225.949,230.087,221.092,223.261,0.005947526594905828,8.994999999999976,3.9809868598665963,216.40242857142857,183.99185185185183,0.03472161809283665
NVDA,2023-02-10,216.794,220.669,208.008,212.545,-0.047997635054935706,12.661000000000001,5.840106276003949,216.86214285714286,185.01160714285714,0.034300153944120094
NVDA,2023-02-13,215.274,220.373,209.517,217.773,0.024597144134183457,10.855999999999995,5.042875591107145,216.97485714285716,186.1413103448276,0.03258279331057088
NVDA,2023-02-14,215.674,230.375,213.555,229.597,0.05429506871834433,16.819999999999993,7.798807459406324,219.64642857142854,187.58983333333333,0.035122095267811834
NVDA,2023-02-15,225.379,228.437,220.952,227.527,-0.009015797244737667,7.485000000000014,3.321072504536809,222.038,190.40476666666666,0.03579682675229564
NVDA,2023-02-16,221.222,225.389,219.161,219.913,-0.03346416029745913,6.228000000000009,2.8152715371888912,221.79385714285715,192.82126666666667,0.034382186116628716
NVDA,2023-02-17,216.204,217.294,209.647,213.775,-0.02791103754666624,7.64700000000002,3.5369373369595474,220.62728571428573,195.19446666666667,0.035850362498409415
NVDA,2023-02-21,209.897,214.832,206.079,206.449,-0.0342696760612794,8.752999999999986,4.170140592766923,218.2255714285714,197.12550000000002,0.037044950669655886
NVDA,2023-02-22,206.969,210.936,204.109,207.439,0.004795373191441854,6.826999999999998,3.298561620339277,217.49614285714284,198.83336666666665,0.03333592235426382
NVDA,2023-02-23,234.285,238.762,230.137,236.525,0.14021471372307048,8.625,3.6814136628465333,220.17499999999998,201.4171,0.06390883260679585
NVDA,2023-02-24,232.137,234.625,229.357,232.746,-0.01597716943240668,5.268000000000001,2.2693495651274898,220.62485714285714,203.84426666666667,0.06192488026406567
NVDA,2023-02-27,236.585,238.682,234.425,234.895,0.00923324138760706,4.256999999999977,1.7993532979690074,221.67742857142858,206.17316666666665,0.06169475992748008
NVDA,2023-02-28,233.605,238.133,231.947,232.047,-0.012124566295578898,6.186000000000007,2.6480597589948878,223.41085714285714,208.27783333333335,0.059916189159638256
NVDA,2023-03-01,231.807,232.442,224.969,226.868,-0.02231875439027442,7.473000000000013,3.2238025598881883,225.28128571428573,209.94233333333332,0.059374707121976525
NVDA,2023-03-02,224.769,233.689,224.21,233.026,0.02714353721106555,9.478999999999985,4.217218566617276,229.078,211.92036666666667,0.05620687189102465
NVDA,2023-03-03,233.086,238.882,231.187,238.782,0.024701106314316768,7.694999999999993,3.3013565808328225,233.55557142857145,214.29416666666665,0.05588823125662117
NVDA,2023-03-06,238.792,242.362,234.755,235.425,-0.014058848656933964,7.606999999999999,3.1856176086301042,233.39842857142858,216.19823333333335,0.02052871665425665
NVDA,2023-03-07,235.925,241.173,232.336,232.806,-0.011124561962408408,8.836999999999989,3.7456818904312765,233.407,217.56393333333335,0.019993362175768196
NVDA,2023-03-08,234.795,241.923,234.16,241.733,0.03834523165210513,7.763000000000005,3.306288464405122,234.38385714285715,219.20319999999998,0.02466565893861627
NVDA,2023-03-09,241.673,244.463,233.753,234.285,-0.030810853296819207,10.710000000000008,4.4316079992386435,234.70357142857145,220.57486666666665,0.02758612044997252
NVDA,2023-03-10,234.015,236.195,227.186,229.576,-0.02009945152271808,9.008999999999986,3.8497532209473695,235.0904285714286,221.6299333333333,0.027275113298966144
NVDA,2023-03-13,227.446,232.906,222.899,229.586,4.3558560128387214e-05,10.007000000000005,4.399725649165079,234.599,222.49783333333332,0.02493675344413475
NVDA,2023-03-14,234.885,242.113,234.525,240.553,0.047768592161542944,7.587999999999994,3.230517061540752,234.85200000000003,224.13209999999998,0.0300345152083995
NVDA,2023-03-15,237.533,242.783,233.525,242.203,0.006859195270896734,9.257999999999981,3.8975637069375546,235.82028571428572,225.69636666666668,0.029266517795770077
NVDA,2023-03-16,240.193,255.799,238.863,255.329,0.0541942089899794,16.936000000000007,7.050996490322368,239.03785714285712,227.22976666666668,0.03357759285378892
NVDA,2023-03-17,259.737,263.906,256.597,257.167,0.00719855558906346,7.309000000000026,2.814000315703972,241.2427142857143,228.5692,0.03179251949922202
NVDA,2023-03-20,256.067,260.157,251.217,258.917,0.006804916649492343,8.93999999999997,3.491273768193469,244.76157142857144,230.16989999999998,0.026643377011131012
NVDA,2023-03-21,261.716,263.836,253.729,261.906,0.011544240046038157,10.107,3.861819682403827,249.38014285714286,231.8739,0.022046568990320533
NVDA,2023-03-22,264.166,275.801,262.286,264.596,0.01027086053775017,13.514999999999986,5.116101239372208,254.38157142857145,233.30636666666666,0.020872973797377067
NVDA,2023-03-23,271.068,274.902,266.814,271.823,0.027313338070114268,8.087999999999965,2.98375315419008,258.84871428571427,234.9691,0.01762490494665581
NVDA,2023-03-24,270.223,271.583,263.466,267.703,-0.015156921967603987,8.117000000000019,3.0038153673077486,262.4915714285714,236.4505,0.021441503527288328
NVDA,2023-03-27,268.283,269.913,263.566,265.226,-0.009252791339656175,6.347000000000037,2.3657853833452127,263.90542857142856,238.20653333333334,0.014047833692392597
NVDA,2023-03-28,264.386,265.046,258.417,264.016,-0.004562146999162908,6.629000000000019,2.5073188444168824,264.88385714285715,239.74796666666668,0.014510909502632181
NVDA,2023-03-29,268.163,270.693,265.885,269.753,0.021729743651899724,4.807999999999993,1.7929393689658872,266.43185714285715,241.0865,0.016033725686785537
NVDA,2023-03-30,272.203,274.902,270.933,273.742,0.01478760199145146,3.968999999999994,1.4581029599232904,268.12271428571427,242.627,0.01626636652242584
NVDA,2023-03-31,271.313,278.254,270.963,277.681,0.014389461609836784,7.290999999999997,2.6873021196920153,269.992,244.55259999999998,0.016500529251149802
NVDA,2023-04-03,275.002,279.91,273.272,279.56,0.00676675753832634,6.638000000000034,2.413800626904544,271.0972857142857,246.74543333333335,0.013917472136339792
NVDA,2023-04-04,279.57,279.91,272.983,274.442,-0.018307340105880643,6.927000000000021,2.4777336624101376,272.06,249.01186666666666,0.01467435227894672
NVDA,2023-04-05,268.203,269.893,263.866,268.723,-0.020838647145845046,6.026999999999987,2.247178443194143,272.5595714285714,251.0546666666667,0.01686248179548385
NVDA,2023-04-06,265.755,270.713,264.186,270.283,0.005805234386338398,6.527000000000044,2.456021523583768,273.4548571428571,252.17993333333334,0.01664444617650518
NVDA,2023-04-10,268.143,276.121,266.604,275.701,0.0200456558496096,9.516999999999996,3.5492255997732545,274.3045714285714,253.61176666666668,0.016346126426676058
NVDA,2023-04-11,277.146,277.811,271.173,271.603,-0.014863928676355997,6.637999999999977,2.3951274779358087,273.999,254.8353666666667,0.016691881039539478
NVDA,2023-04-12,273.612,274.591,264.391,264.866,-0.02480458610545544,10.199999999999989,3.7279066707600497,272.16828571428573,255.92933333333335,0.017233936379752093
NVDA,2023-04-13,267.254,268.782,263.206,264.546,-0.0012081580874857556,5.575999999999965,2.0864046936621956,270.0234285714286,257.1852666666667,0.016448782565732623
NVDA,2023-04-14,264.956,268.743,262.116,267.493,0.011139839574213939,6.6270000000000095,2.5011700055858364,269.0307142857143,258.3341666666667,0.017049968140708006
NVDA,2023-04-17,265.571,269.973,264.247,269.933,0.009121734026684702,5.725999999999999,2.15610891249421,269.2035714285715,259.37253333333337,0.015687460068175143
NVDA,2023-04-18,275.247,281.01,273.482,276.581,0.024628333697621407,7.527999999999963,2.73499801996024,270.10328571428573,260.7444,0.01812299957374555
NVDA,2023-04-19,273.522,279.91,272.233,279.22,0.009541508635806606,7.677000000000021,2.8067212143813007,270.606,262.2915333333333,0.01691307918181359
NVDA,2023-04-20,276.621,280.21,269.913,270.953,-0.029607477974357366,10.296999999999969,3.7224216527306204,270.51314285714284,263.26553333333334,0.01999177022622039
NVDA,2023-04-21,269.433,271.743,267.134,271.103,0.00055360154713191,4.6089999999999804,1.7106293586902794,271.40414285714286,264.49280000000005,0.016831591588154782
NVDA,2023-04-24,270.043,273.572,266.625,270.333,-0.002840248909086185,6.947000000000003,2.572553260036366,272.23085714285713,265.85136666666665,0.016917999060182796
NVDA,2023-04-25,270.693,272.383,262.166,262.326,-0.02961902542419903,10.216999999999985,3.7743864821033366,271.49271428571427,266.9427,0.020394574007427023
NVDA,2023-04-26,269.933,273.212,266.965,269.473,0.027244726027919386,6.247000000000014,2.314277987500607,271.427,267.9067,0.02310170204180236
NVDA,2023-04-27,273.542,274.862,266.166,272.173,0.01001955669028054,8.696000000000026,3.1790364916539424,270.79728571428575,268.9057,0.021075534750150036
NVDA,2023-04-28,272.163,277.491,270.628,277.401,0.019208371146292924,6.8629999999999995,2.5216506284836657,270.5374285714286,269.64143333333334,0.02224957500251148
NVDA,2023-05-01,278.311,290.49,277.711,289.007,0.04183834953731247,12.778999999999996,4.591625914893769,273.1165714285715,270.70276666666666,0.023158091531540526
NVDA,2023-05-02,286.708,288.267,280.74,282.01,-0.02421048625119815,7.526999999999987,2.6253191400309674,274.6747142857143,271.47253333333333,0.02641295026967198
NVDA,2023-05-03,278.311,283.58,274.632,277.931,-0.014464026098365279,8.947999999999979,3.2151082781492577,275.76014285714285,272.0067,0.027404369517001755
NVDA,2023-05-04,276.421,278.501,272.313,275.531,-0.008635236803379187,6.187999999999988,2.2386142876264783,277.6465714285714,272.3712,0.024015303911799037
NVDA,2023-05-05,278.166,287.458,277.221,286.708,0.04056530844079265,10.237000000000023,3.680176585204527,280.10871428571426,272.86736666666667,0.02628125162559752
NVDA,2023-05-08,285.129,292.106,283.41,291.416,0.016420888151010615,8.69599999999997,3.0498476128348813,282.8577142857143,273.6578,0.026425946113793553
NVDA,2023-05-09,288.897,289.637,284.41,285.618,-0.019895956296153927,5.226999999999975,1.8092953543996564,284.03157142857145,274.33753333333334,0.028250627756879487
NVDA,2023-05-10,289.957,291.036,284.522,288.757,0.01099020369864645,6.51400000000001,2.246540004207524,283.9958571428571,275.16223333333335,0.023457982394240115
NVDA,2023-05-11,288.867,289.407,282.37,285.688,-0.01062831377248008,7.036999999999978,2.4360691944735735,284.52128571428574,275.6934,0.021599115078034196
NVDA,2023-05-12,285.198,287.707,280.37,283.31,-0.00832376578645233,7.336999999999989,2.5725986858252825,285.2897142857143,276.01233333333334,0.0209310035092036
NVDA,2023-05-15,284.994,289.597,281.43,289.437,0.021626486887155405,8.166999999999973,2.8656743650743426,287.27628571428573,276.4042,0.021267215336038005
NVDA,2023-05-16,288.317,298.604,288.227,292.036,0.008979501584109872,10.37700000000001,3.599163420818061,288.0374285714286,276.8200666666667,0.015622465423328319
NVDA,2023-05-17,295.745,301.893,294.206,301.683,0.03303359859743327,7.686999999999955,2.5991986339582933,289.5041428571429,277.72810000000004,0.018954023099432452
NVDA,2023-05-18,304.003,318.178,303.103,316.678,0.04970449113804887,15.074999999999989,4.958832643098914,293.9412857142857,279.32660000000004,0.021704973425652703
NVDA,2023-05-19,315.258,315.698,309.061,312.54,-0.013066900763551548,6.6370000000000005,2.105259818941946,297.33885714285714,280.73516666666666,0.024215205205585105
NVDA,2023-05-22,308.912,315.098,306.702,311.66,-0.0028156395981314697,8.396000000000015,2.717926140777961,301.04914285714284,281.93379999999996,0.023176751179255405
NVDA,2023-05-23,309.9,312.78,306.212,306.782,-0.015651671693512337,6.567999999999984,2.1193933526944124,304.40228571428577,283.1064333333333,0.024418626700216252
NVDA,2023-05-24,302.003,305.972,297.964,305.282,-0.004889465483633337,8.007999999999981,2.651629288450771,306.66585714285713,284.45363333333336,0.024675109262467274
NVDA,2023-05-25,385.106,394.672,366.233,379.679,0.24369926821758248,28.43900000000002,7.3847200511028195,319.1862857142857,288.2914,0.09254118233318567
NVDA,2023-05-26,378.779,391.575,375.379,389.336,0.025434643475146235,16.19599999999997,4.275844225788644,331.70814285714283,292.35283333333336,0.0927005333231651
NVDA,2023-05-30,405.82,419.245,399.362,400.981,0.029909897877411717,19.88299999999998,4.899462816026805,343.7514285714286,296.7211,0.09266934756338248
NVDA,2023-05-31,394.752,402.821,378.099,378.219,-0.05676578191984161,24.722000000000037,6.262666180285353,353.1341428571428,300.10903333333334,0.09796544889494146
NVDA,2023-06-01,384.766,400.372,383.276,397.572,0.05116876730148401,17.096000000000004,4.443220035034281,365.40728571428565,304.0541,0.0969541921693405
NVDA,2023-06-02,400.842,404.87,390.456,393.144,-0.011137605263952133,14.413999999999987,3.595930566158234,377.74471428571434,308.12713333333335,0.09654435701052361
NVDA,2023-06-05,388.966,395.522,386.946,391.585,-0.003965468123639293,8.575999999999965,2.20481995855678,390.07371428571423,312.14320000000004,0.09647394702106353
NVDA,2023-06-06,388.176,391.475,381.358,386.416,-0.013200199190469442,10.117000000000019,2.606291991261701,391.0361428571428,316.0126333333333,0.035661469757333836
NVDA,2023-06-07,389.066,394.903,373.478,374.668,-0.03040246780671607,21.42500000000001,5.506777770352591,388.9407142857143,319.75736666666666,0.03606601354787557
NVDA,2023-06-08,377.158,388.556,374.968,385.016,0.027619118793171582,13.587999999999965,3.6027341326446645,386.66,323.60880000000003,0.035705969747200944
NVDA,2023-06-09,390.286,397.023,385.586,387.616,0.006752966110499248,11.437000000000012,2.930415131467696,388.0024285714286,327.4569,0.027574483284931107
NVDA,2023-06-12,391.916,395.213,386.096,394.733,0.0183609551721291,9.117000000000019,2.326263791220572,387.5968571428571,331.3679666666667,0.019911358905389386
NVDA,2023-06-13,401.773,410.921,397.313,410.131,0.03900864635082435,13.608000000000004,3.386987179327631,390.0235714285714,335.40543333333335,0.0241617471937313
NVDA,2023-06-14,408.151,429.907,405.432,429.877,0.04814559250580919,24.474999999999966,5.996555196483646,395.4938571428571,340.33433333333335,0.028164343074589933
NVDA,2023-06-15,425.928,432.796,421.378,426.438,-0.007999962780051106,11.418000000000006,2.680734772074155,401.21128571428574,345.28456666666665,0.027392865054283504
NVDA,2023-06-16,434.406,437.115,426.513,426.827,0.0009122076362801934,10.602000000000032,2.4405740252206534,408.6625714285714,350.32776666666666,0.020537199576408684
NVDA,2023-06-20,429.887,439.804,426.647,437.984,0.026139396055076203,13.156999999999982,3.060571731641102,416.2294285714285,355.3703,0.02044074204432855
NVDA,2023-06-21,434.916,436.056,420.708,430.357,-0.017413878132534366,15.347999999999956,3.5289573158954735,422.3352857142857,360.0016666666667,0.024453660491980802
NVDA,2023-06-22,422.438,434.161,422.248,430.157,-0.00046473044472394864,11.913000000000011,2.8200588015282744,427.39585714285715,364.81963333333334,0.025088847785551007
NVDA,2023-06-23,424.548,427.997,420.058,421.998,-0.01896749326408731,7.939000000000021,1.8699887880757937,429.09114285714287,369.261,0.024487152470580895
NVDA,2023-06-26,424.328,427.547,400.913,406.232,-0.03736036663680864,26.634000000000015,6.276748175939371,425.7132857142857,373.27913333333333,0.019885263341913297
NVDA,2023-06-27,407.901,419.308,404.392,418.668,0.030613048701234602,14.915999999999997,3.656769657343325,424.6032857142858,377.79106666666667,0.024634632064519244
NVDA,2023-06-28,406.511,418.359,405.092,411.081,-0.01812175757402046,13.266999999999996,3.2636263225349365,422.3538571428571,381.84586666666667,0.025255499806630846
NVDA,2023-06-29,415.49,415.909,405.912,408.131,-0.007176201283932038,9.997000000000014,2.40607475510843,418.0891428571429,385.71569999999997,0.02120563402004969
NVDA,2023-06-30,416.709,425.408,414.921,422.928,0.03625551599853982,10.487000000000023,2.5166243109700113,417.02785714285716,389.7572,0.026938803069795292
NVDA,2023-07-03,425.078,428.887,421.928,424.038,0.0026245602088299513,6.959000000000003,1.6371113066307836,416.1537142857143,393.3358666666667,0.02699672625677209
NVDA,2023-07-05,421.258,431.676,420.758,423.078,-0.002263948042392494,10.918000000000006,2.591760868636324,416.308,397.02046666666666,0.02593692110009247
NVDA,2023-07-06,418.349,421.698,413.371,420.938,-0.005058168942842611,8.326999999999998,1.990443385785552,418.40885714285713,400.6630666666667,0.020309621387531014
NVDA,2023-07-07,423.128,432.046,421.708,424.938,0.00950258707933238,10.337999999999965,2.4432323079540863,419.30457142857136,404.6016,0.017256700379426896
NVDA,2023-07-10,426.478,428.017,416.399,421.708,-0.007601108867646533,11.617999999999995,2.7241733454011685,420.8227142857143,408.4824666666666,0.015561427974100156
NVDA,2023-07-11,424.718,427.487,420.578,423.958,0.005335445379267112,6.909000000000049,1.6267264396611512,423.0837142857143,409.9584333333333,0.014796385548531727
NVDA,2023-07-12,430.237,439.254,427.68,438.924,0.03530066657546249,11.574000000000012,2.6901451990414613,425.3688571428571,411.6113666666667,0.014466779852491304
NVDA,2023-07-13,445.083,461.449,444.823,459.67,0.04726558584174034,16.626000000000033,3.735483044735483,430.45914285714287,413.5676666666667,0.02127420652694437
NVDA,2023-07-14,465.727,480.775,450.502,454.592,-0.011047055496334446,30.272999999999968,6.500159964958005,434.9611428571429,416.11343333333326,0.022466365926502505
NVDA,2023-07-17,462.789,464.859,452.526,464.509,0.02181516612698875,12.33299999999997,2.664929373861516,441.18557142857145,418.3446666666667,0.021639909274720603
NVDA,2023-07-18,466.909,478.856,457.241,474.837,0.02223423012255954,21.61500000000001,4.629381742480871,448.314,421.0677666666667,0.0216978498500336
NVDA,2023-07-19,474.537,478.077,467.318,470.668,-0.008779854981814772,10.759000000000015,2.2672626159814757,455.3082857142858,423.70386666666667,0.021916695754265688
NVDA,2023-07-20,464.969,470.768,450.522,455.101,-0.03307426891141951,20.24599999999998,4.354268779208932,459.75728571428573,425.99336666666665,0.028772687438960463
NVDA,2023-07-21,457.781,458.56,440.904,442.993,-0.026605083267230767,17.656000000000006,3.856866056039898,460.3385714285714,428.2708666666667,0.029397387183196875
NVDA,2023-07-24,447.213,450.992,440.304,446.023,0.006839837198330478,10.688000000000045,2.389912636707798,458.389,430.30443333333335,0.021988315914553413
NVDA,2023-07-25,449.313,461.724,449.133,456.691,0.02391804906921835,12.591000000000008,2.802278144634143,458.68885714285716,432.6069333333333,0.024021468224042337
NVDA,2023-07-26,460.11,460.43,446.203,454.422,-0.004968348401873324,14.227000000000032,3.0920866749255684,457.2478571428571,434.59656666666666,0.02220010256961285
NVDA,2023-07-27,465.089,473.847,457.401,458.9,0.00985427642147596,16.44599999999997,3.5360973921120404,454.9711428571428,436.2222,0.020271636800221135
NVDA,2023-07-28,466.579,470.168,463.709,467.398,0.018518195685334637,6.459000000000003,1.3843314851289927,454.504,437.4729,0.021912554473625764
NVDA,2023-07-31,467.438,471.198,464.959,467.188,-0.0004492958891566534,6.238999999999976,1.334722465867126,456.2307142857143,438.83123333333333,0.016766180149236774
NVDA,2023-08-01,464.494,468.898,460.17,464.969,-0.0047496939133711,8.728000000000009,1.8790339595344627,459.3701428571429,440.1026333333333,0.011283101277130106
NVDA,2023-08-02,458.21,458.3,433.776,442.594,-0.04812148766907043,24.524,5.3521311189192735,458.8802857142858,440.2563,0.023699813556164948
NVDA,2023-08-03,437.905,451.082,437.905,445.053,0.0055558819143504135,13.177000000000021,3.009100147292226,457.21771428571435,440.7461666666667,0.02140578424689279
NVDA,2023-08-04,449.752,456.321,443.833,446.703,0.003707423610221694,12.488,2.776641349010121,456.11499999999995,441.2977,0.021555888310059643
NVDA,2023-08-07,451.012,455.301,445.538,454.067,0.016485226201749414,9.762999999999977,2.1646874140821035,455.4245714285715,442.3666666666667,0.02230854861127917
NVDA,2023-08-08,448.433,452.322,440.464,446.543,-0.016570241836557198,11.858000000000004,2.644319218255571,452.4452857142857,443.71036666666674,0.021019933507192553
NVDA,2023-08-09,442.644,443.023,421.248,425.448,-0.04724069126601471,21.775000000000034,4.919303096845328,446.48242857142856,443.93636666666663,0.025753946956605957
NVDA,2023-08-10,421.508,435.646,418.259,423.788,-0.0039017694289312788,17.387,4.124951365098646,440.5994285714286,444.3599333333333,0.02580111803374899
NVDA,2023-08-11,417.419,420.088,406.302,408.461,-0.03616666823978021,13.786000000000001,3.3026766869740003,435.7232857142857,444.37093333333337,0.023358873668563124
NVDA,2023-08-14,404.772,437.905,403.023,437.435,0.07093455678755123,34.88199999999995,8.61769094700225,434.63499999999993,444.85450000000003,0.03899464801466824
NVDA,2023-08-15,445.503,452.582,437.005,439.304,0.004272634791454566,15.576999999999998,3.49649721775162,433.578,445.36336666666665,0.039008587850140476
NVDA,2023-08-16,445.103,446.653,433.966,434.766,-0.010329976508294814,12.687000000000012,2.85035149167721,430.82071428571425,445.7529666666667,0.03822929277358763
NVDA,2023-08-17,439.604,440.524,429.917,433.341,-0.0032776252052828525,10.607000000000028,2.412853386229431,428.9347142857143,446.1664,0.03792080966211368
NVDA,2023-08-18,426.258,435.686,416.509,432.896,-0.0010269049086054638,19.176999999999964,4.498918495371339,429.9987142857143,446.4316666666666,0.03274055495470893
NVDA,2023-08-21,444.843,470.548,442.124,469.568,0.08471318746303957,28.423999999999978,6.389670063370668,436.53871428571426,448.027,0.044631499431038085
NVDA,2023-08-22,481.245,481.765,453.233,456.581,-0.027657336104674912,28.531999999999982,5.928788870533716,443.413,449.11443333333335,0.04307568139155425
NVDA,2023-08-23,458.56,471.898,451.982,471.058,0.0317074078860049,19.915999999999997,4.343161200279134,448.21628571428573,450.18556666666666,0.036980315012324856
NVDA,2023-08-24,502.051,502.551,471.488,471.528,0.0009977539920775769,31.062999999999988,6.187220023463749,452.8197142857143,450.5808333333333,0.03710307445236542
NVDA,2023-08-25,470.018,477.947,450.142,460.08,-0.024278515803939582,27.805000000000007,5.915730886902206,456.43600000000004,450.7637666666667,0.0387603182379292
NVDA,2023-08-28,464.719,469.698,448.783,468.248,0.01775343418535913,20.914999999999964,4.500569161148987,461.42271428571433,450.8884,0.03848769937621381
NVDA,2023-08-29,466.559,490.704,463.809,487.734,0.04161469990261568,26.894999999999982,5.764544248423025,469.2567142857143,451.31829999999997,0.03949094863714097
NVDA,2023-08-30,490.334,499.162,484.144,492.533,0.009839379661864989,15.017999999999972,3.0628102477086987,472.5374285714286,452.0471333333333,0.0262922644494006
NVDA,2023-08-31,493.693,497.332,489.474,493.443,0.0018475919380021022,7.858000000000004,1.5916774189627976,477.8034285714285,453.3252,0.021758208450899257
NVDA,2023-09-01,497.512,497.892,481.311,484.984,-0.017142810821108023,16.581000000000017,3.332783932849864,479.79285714285714,454.72490000000005,0.0219752547260553
NVDA,2023-09-05,482.125,488.402,478.497,485.374,0.0008041502400080169,9.904999999999973,2.0544464609800306,481.7708571428571,456.0366,0.021980336310015697
NVDA,2023-09-06,484.344,485.424,465.737,470.547,-0.030547577744172494,19.686999999999955,4.064673042300504,483.2661428571428,456.4984666666667,0.023421585671824754
NVDA,2023-09-07,455.189,463.377,451.459,462.347,-0.01742652699942837,11.918000000000006,2.61825307729317,482.42314285714286,456.7626333333334,0.02361514559088923
NVDA,2023-09-08,459.358,465.997,452.649,455.659,-0.0144653258267059,13.348000000000013,2.905794608997778,477.84099999999995,456.6546,0.014129180326385918
NVDA,2023-09-11,461.417,461.567,443.06,451.719,-0.008646817027645692,18.507000000000005,4.010905536640394,472.0104285714286,456.13196666666664,0.011347368665954245
NVDA,2023-09-12,447.32,456.669,445.25,448.64,-0.006816184397822611,11.418999999999983,2.552758651524632,465.61000000000007,455.51370000000003,0.009942043382827752
NVDA,2023-09-13,445.94,459.238,444.97,454.789,0.013705866619115659,14.267999999999972,3.1995335695384965,461.2964285714285,455.1743666666667,0.014034028771972898
NVDA,2023-09-14,459.438,459.807,451.249,455.749,0.0021108689963917904,8.557999999999993,1.8627105289505859,457.0642857142857,455.6128666666666,0.014194813643808
NVDA,2023-09-15,453.349,455.929,438.02,438.94,-0.03688214346054519,17.908999999999992,3.950378185459766,452.549,455.40909999999997,0.015905945485563403
NVDA,2023-09-18,427.422,442.36,419.943,439.6,0.0015036223629654177,22.41700000000003,5.244699617708033,449.29942857142856,455.1723333333333,0.015997070074542652
NVDA,2023-09-19,438.27,439.6,429.962,435.142,-0.010141037306642509,9.638000000000034,2.199101010792442,446.3684285714286,454.54150000000004,0.01574540524581572
NVDA,2023-09-20,435.942,438.97,422.173,422.333,-0.02943636789829518,16.797000000000025,3.8530354955475783,442.1704285714286,453.73449999999997,0.018024132878960136
NVDA,2023-09-21,415.773,420.943,409.745,410.115,-0.028929778160835196,11.197999999999979,2.6932965825101625,436.6668571428571,453.2234,0.01937830369075145
NVDA,2023-09-22,415.663,421.093,412.255,416.043,0.014454482279360636,8.838000000000022,2.1262416909852506,431.1317142857143,452.96523333333334,0.019548871362806072
NVDA,2023-09-25,415.853,425.303,411.715,422.163,0.014710017954874921,13.588000000000022,3.26750077551443,426.3337142857143,453.42196666666666,0.02158909521199477
NVDA,2023-09-26,419.953,428.142,416.493,419.053,-0.007366822767509218,11.649000000000001,2.7738818391581916,423.49271428571427,452.80923333333334,0.01823998016023714
NVDA,2023-09-27,423.243,428.662,416.234,424.623,0.01329187477478988,12.427999999999997,2.9363746122204026,421.3531428571428,452.31986666666666,0.019591661262101084
NVDA,2023-09-28,424.543,434.405,421.093,430.832,0.014622382678281642,13.311999999999955,3.1356069938734015,420.7374285714286,452.18873333333335,0.020667233547122493
NVDA,2023-09-29,438.21,441.38,433.011,434.932,0.009516470457161974,8.368999999999971,1.9098149289153536,422.5372857142857,452.24176666666665,0.01666546438162942
NVDA,2023-10-02,440.24,451.689,438.55,447.76,0.029494265770281247,13.13900000000001,2.9845084499364005,427.9151428571428,452.73723333333334,0.010847575443668349
NVDA,2023-10-03,448.02,451.239,432.402,435.112,-0.02824727532606741,18.83699999999999,4.204499799116109,430.6392857142857,451.5887,0.018783705537493953
NVDA,2023-10-04,437.361,441.37,432.862,440.35,0.012038279799224005,8.507999999999981,1.9453037650819305,433.2374285714286,451.04766666666666,0.018617248325406805
NVDA,2023-10-05,440.44,448.94,438.82,446.82,0.014692857953900296,10.120000000000005,2.2977022977022985,437.20414285714287,450.2397333333334,0.017788026877604963
NVDA,2023-10-06,441.87,457.829,440.2,457.559,0.024034286737388832,17.62900000000002,3.9896349605087513,441.9092857142858,449.7741,0.01862889311473098
NVDA,2023-10-09,448.36,455.989,443.62,452.669,-0.0106871463570819,12.368999999999971,2.7587206708894576,445.0288571428572,449.52706666666666,0.020173319260637534
NVDA,2023-10-10,453.039,462.527,450.819,457.919,0.011597878361451652,11.70799999999997,2.584324969814954,448.31271428571426,449.1827666666667,0.0202273353313381
NVDA,2023-10-11,461.897,468.527,460.438,467.997,0.02200825910259252,8.088999999999999,1.7512562324500915,451.20371428571434,448.5248666666667,0.01903729549316688
NVDA,2023-10-12,467.707,476.026,463.237,469.387,0.0029701045092169753,12.788999999999987,2.7344042317091657,456.1001428571429,447.75333333333333,0.011838789143917462
NVDA,2023-10-13,469.537,471.097,452.739,454.549,-0.03161144215753742,18.358000000000004,3.9098090246349075,458.1285714285714,446.45686666666666,0.019912745025968567
NVDA,2023-10-16,450.569,462.187,449.06,460.887,0.013943491240768324,13.12700000000001,2.913427244217869,460.1381428571429,445.6536333333333,0.019852084791171835
NVDA,2023-10-17,439.94,447.48,424.743,439.32,-0.046794550508042154,22.737000000000023,5.168204755193895,457.53257142857143,444.1185,0.025536858381920102
NVDA,2023-10-18,425.853,432.132,418.193,421.903,-0.039645361012473734,13.939000000000021,3.2731952105538817,453.1374285714286,442.4970333333333,0.02866874540655581
NVDA,2023-10-19,428.052,432.912,418.763,420.953,-0.002251702405529299,14.149000000000001,3.3054395260388927,447.85657142857144,441.11723333333333,0.027408378963530194
NVDA,2023-10-20,418.843,424.643,410.725,413.815,-0.016956762393901426,13.91799999999995,3.322963497062133,440.1162857142857,439.7224333333333,0.02304915700104762
NVDA,2023-10-23,412.235,432.422,409.395,429.692,0.03836738639247006,23.027000000000044,5.58589154244546,434.44557142857144,438.9882,0.0307921632400376
NVDA,2023-10-24,430.712,436.911,426.852,436.572,0.01601146867989156,10.059000000000026,2.3354352792585362,431.8774285714286,438.58593333333334,0.031031966746516957
NVDA,2023-10-25,433.922,436.442,415.494,417.733,-0.04315210320405338,20.94799999999998,4.827595743013716,425.7125714285714,437.3507333333334,0.03258573129133949
NVDA,2023-10-26,418.473,422.498,398.748,403.206,-0.03477580176811501,23.75,5.6753960231603955,420.5534285714285,435.5993,0.030806403700917202
NVDA,2023-10-27,411.245,412.005,400.096,404.945,0.004312931851212509,11.908999999999992,2.8958406789140274,418.13085714285717,434.46613333333335,0.028577223894601246
NVDA,2023-10-30,410.815,417.603,404.755,411.555,0.016323204385780832,12.848000000000013,3.1274417925343556,416.78828571428573,433.5313,0.029765929812602746
NVDA,2023-10-31,404.445,408.735,392.248,407.745,-0.00925757189197074,16.487000000000023,4.076450444436208,415.92114285714285,432.61806666666666,0.029295832424511024
NVDA,2023-11-01,408.785,423.753,408.635,423.193,0.03788642411310983,15.117999999999995,3.6982766001687915,414.99271428571427,432.6467333333333,0.029186452595035953
NVDA,2023-11-02,433.222,438.78,428.882,435.002,0.02790452583100378,9.897999999999968,2.2847408488026852,414.76842857142856,433.4763,0.03070334658248256
NVDA,2023-11-03,440.14,453.029,437.171,449.989,0.034452715159930314,15.858000000000004,3.602944517653475,419.3764285714286,434.60783333333336,0.026259969237596846
NVDA,2023-11-06,452.784,459.288,448.93,457.449,0.01657818302225178,10.358000000000004,2.287625004417118,427.1254285714286,435.7840333333333,0.0168261399377054
NVDA,2023-11-07,457.129,462.117,451.514,459.488,0.004457327483500917,10.603000000000009,2.3194765591332005,434.9172857142857,437.13186666666667,0.016806190808884465
NVDA,2023-11-08,460.937,468.607,459.618,465.677,0.013469339786893242,8.989000000000033,1.9501580476290759,442.649,438.50033333333334,0.016897494696499264
NVDA,2023-11-09,474.606,482.235,467.437,469.437,0.008074266068541114,14.798000000000002,3.117954682410252,451.46214285714285,439.7871666666667,0.013091374548114525
NVDA,2023-11-10,474.936,484.654,472.767,483.285,0.029499166022277867,11.887,2.502863543719575,460.0467142857143,441.39893333333333,0.011513249391891928
NVDA,2023-11-13,483.135,491.094,480.925,486.134,0.00589507226584729,10.168999999999983,2.104794726111746,467.35128571428567,442.67806666666667,0.01174452280029223
NVDA,2023-11-14,496.733,498.273,490.334,496.493,0.021308939510505276,7.939000000000021,1.598242919234281,473.99471428571434,444.7241,0.009057273781976134
NVDA,2023-11-15,499.283,499.533,481.935,488.814,-0.01546648190407518,17.598000000000013,3.5246543543441318,478.47542857142855,446.33956666666666,0.01425293893759916
NVDA,2023-11-16,486.724,495.18,483.235,494.734,0.012110946085832186,11.944999999999993,2.454162934229665,483.51057142857144,447.9367,0.01408477207179058
NVDA,2023-11-17,495.173,497.103,490.004,492.914,-0.0036787445374686367,7.0989999999999895,1.4336403640747757,487.40157142857146,449.1152,0.014985064136090827
NVDA,2023-11-20,493.054,505.412,491.744,504.022,0.022535371281805716,13.66799999999995,2.7721101542630118,492.34228571428577,450.8269666666667,0.015924338212247088
NVDA,2023-11-21,501.192,505.102,492.154,499.373,-0.009223803722853363,12.947999999999979,2.5834410764736826,494.64057142857143,452.2087666666667,0.014838138079017347
NVDA,2023-11-22,498.453,503.281,476.836,487.094,-0.02458883439833548,26.444999999999993,5.305414953867264,494.77771428571435,452.8453333333333,0.018483055090693853
NVDA,2023-11-24,484.634,489.144,477.386,477.696,-0.019294017171223588,11.757999999999981,2.4261607728718952,492.09242857142857,453.1223,0.017161906132733024
NVDA,2023-11-27,477.936,485.234,476.456,482.355,0.009753064710610992,8.777999999999963,1.836647584613832,491.1697142857143,454.0491666666667,0.017335924320169175
NVDA,2023-11-28,482.295,483.164,474.666,478.146,-0.008725938364897212,8.49799999999999,1.7619921417389752,488.8,454.6244666666667,0.0163141484952326
NVDA,2023-11-29,483.724,487.554,478.536,481.335,0.0066695109861840685,9.017999999999972,1.8642862458757417,487.1458571428571,456.02496666666667,0.016885832893470648
NVDA,2023-11-30,480.175,481.035,464.157,467.637,-0.028458350213468764,16.878000000000043,3.514968501067328,481.948,457.54943333333335,0.01476520492794338
NVDA,2023-12-01,465.187,471.937,461.807,467.587,-0.00010692053879401975,10.129999999999995,2.177618893047311,477.40714285714284,459.1039,0.015294556113804269
NVDA,2023-12-04,460.708,460.708,450.039,455.039,-0.02683564769764768,10.66900000000004,2.3157835331706935,472.82785714285717,460.47803333333337,0.01568860374140314
NVDA,2023-12-05,454.639,465.978,452.689,465.638,0.023292508993734584,13.288999999999987,2.922978451034774,471.10528571428574,461.67623333333336,0.019162442532852195
NVDA,2023-12-06,472.123,473.848,454.099,455.009,-0.022826745239864388,19.749000000000024,4.183020102812196,467.19871428571423,462.2908,0.019366039827050888
NVDA,2023-12-07,456.979,466.268,456.019,465.938,0.02401930511264605,10.248999999999967,2.242772643819512,465.45471428571426,463.8976333333333,0.022843920498273395
NVDA,2023-12-08,465.928,477.386,465.478,475.038,0.019530495473646825,11.908000000000015,2.5557596881921705,464.55514285714287,466.2920333333333,0.024267576517044535
NVDA,2023-12-11,474.888,475.288,458.278,466.248,-0.018503782855266326,17.00999999999999,3.5818972052357587,464.35671428571425,468.33546666666666,0.022672411628136928
NVDA,2023-12-12,460.438,476.638,460.438,476.548,0.022091247576397244,16.19999999999999,3.5183890122014234,465.63685714285714,470.5019,0.02418994871639882
NVDA,2023-12-13,476.268,485.917,476.058,480.857,0.009042111182923973,9.85899999999998,2.0700529953723494,469.3251428571429,472.93896666666666,0.020313213340057448
NVDA,2023-12-14,483.877,486.677,474.198,483.477,0.005448605302615928,12.479000000000042,2.578961182283936,471.8735714285714,474.9484333333333,0.019175554221347906
NVDA,2023-12-15,481.917,494.017,481.177,488.877,0.011169093876234104,12.839999999999975,2.664359215383557,476.7118571428571,476.7442666666667,0.01453683269170791
NVDA,2023-12-18,493.977,504.306,491.477,500.746,0.024278090399016516,12.829000000000008,2.5970844796417665,481.6844285714286,478.4361666666666,0.014577514641366217
NVDA,2023-12-19,494.217,496.977,488.927,496.017,-0.009443909686747354,8.049999999999955,1.62883915365112,484.68142857142857,479.72176666666667,0.015639829726742466
NVDA,2023-12-20,496.527,499.967,480.957,481.087,-0.030099774806105484,19.00999999999999,3.8285934098246406,486.8012857142857,480.44173333333333,0.018965189998688625
NVDA,2023-12-21,488.087,490.927,484.167,489.877,0.018271123518199373,6.760000000000048,1.3849989858365512,488.7054285714285,481.2484,0.01842667123189032
NVDA,2023-12-22,491.927,493.807,484.647,488.277,-0.003266125986727375,9.160000000000025,1.8620648998733602,489.7654285714285,481.8764,0.01846313860627471
NVDA,2023-12-26,489.657,495.977,489.577,492.767,0.009195600038502727,6.399999999999977,1.3070373751421867,491.09257142857143,482.19246666666663,0.018622027957242174
NVDA,2023-12-27,495.087,496.777,490.827,494.147,0.002800512209624406,5.949999999999989,1.2018089749882321,491.8454285714286,482.45956666666666,0.01826580772422873
NVDA,2023-12-28,496.407,498.816,494.097,495.197,0.0021248737723795763,4.718999999999994,0.9506312360623428,491.0527142857142,482.41636666666665,0.01538992286079722
NVDA,2023-12-29,498.107,499.947,487.487,495.197,0.0,12.45999999999998,2.501470567568811,490.93557142857145,482.6291333333333,0.01498487864010228
NVDA,2024-01-02,492.417,492.927,475.928,481.657,-0.02734265352980736,16.999000000000024,3.4521553886238747,491.017,482.19323333333335,0.014074710945360848
NVDA,2024-01-03,474.828,481.818,473.178,475.668,-0.012434159578289083,8.639999999999986,1.819606257423738,488.9871428571429,481.61836666666665,0.012181383130819052
NVDA,2024-01-04,477.648,484.977,475.058,479.957,0.009016793225526953,9.918999999999983,2.0766338391451407,487.79857142857145,480.8162,0.013171291633788587
NVDA,2024-01-05,484.597,495.447,483.037,490.947,0.022897884602162355,12.410000000000025,2.560890802047892,487.5385714285714,480.5353333333333,0.015911057958014924
NVDA,2024-01-08,495.097,522.725,494.767,522.505,0.06427985098187783,27.958000000000027,5.646974229292447,491.58971428571425,481.7157,0.02931056142899043
NVDA,2024-01-09,523.985,543.225,516.876,531.375,0.01697591410608501,26.349000000000046,5.028579062377749,496.7579999999999,483.50500000000005,0.02932123168585138
NVDA,2024-01-10,536.135,545.974,534.865,543.474,0.022769230769230875,11.109000000000037,2.0720527479086495,503.6547142857143,485.54229999999995,0.02922704577097385
NVDA,2024-01-11,549.964,553.434,535.575,548.194,0.008684868089365638,17.858999999999924,3.247303459862813,513.16,487.8772333333334,0.023373209541760587
NVDA,2024-01-12,546.174,549.674,543.275,547.074,-0.0020430723430027165,6.399000000000001,1.1716046534620839,523.3608571428571,490.0685333333333,0.021289765751183548
NVDA,2024-01-16,550.154,568.323,548.974,563.794,0.030562592994731963,19.348999999999933,3.517015235733982,535.3375714285714,493.27376666666663,0.020929459145114893
NVDA,2024-01-17,563.444,564.68,547.374,560.504,-0.005835464726478001,17.305999999999926,3.071467617012503,545.2742857142857,496.371,0.023690564018029363
NVDA,2024-01-18,572.573,575.973,561.044,571.043,0.018802720408774842,14.928999999999974,2.6073531235318423,552.2082857142857,500.2378,0.013246908439664272
NVDA,2024-01-19,579.863,594.972,572.223,594.882,0.0417464183958125,22.749000000000024,3.923168058662136,561.2807142857142,504.54593333333327,0.01724067084231444
NVDA,2024-01-22,600.462,603.282,590.672,596.512,0.0027400392010517027,12.610000000000014,2.1000496284527603,568.8575714285714,509.2627,0.017661243116385898
NVDA,2024-01-23,595.672,599.072,585.823,598.702,0.0036713427391235065,13.249000000000024,2.224210639412298,576.073,513.6881666666666,0.01798874533837618
NVDA,2024-01-24,603.012,628.461,599.352,613.591,0.024868799502924643,29.109000000000037,4.827267119062314,585.5754285714286,518.3066,0.01714206328650455
NVDA,2024-01-25,623.471,627.161,608.471,616.141,0.0041558627815596605,18.68999999999994,2.9977336556150873,593.0535714285714,523.3030333333332,0.016462469388221452
NVDA,2024-01-26,609.571,617.801,605.702,610.281,-0.009510810025627259,12.099000000000046,1.9848385175804042,600.1645714285714,527.7608,0.01720085564464195
NVDA,2024-01-29,612.291,624.861,609.041,624.621,0.023497372521838367,15.819999999999936,2.583738777803354,607.8185714285713,532.5529333333333,0.017581532421689906
NVDA,2024-01-30,628.97,634.9,622.571,627.711,0.004946999860715673,12.32899999999995,1.9601888802327536,612.5084285714286,537.3607333333333,0.012257489827392937
NVDA,2024-01-31,614.371,622.661,606.972,615.241,-0.019865829975896587,15.688999999999965,2.5536687115765497,615.1840000000001,541.5728666666666,0.01615951525311983
NVDA,2024-02-01,620.971,631.88,616.471,630.24,0.024379064464169264,15.408999999999992,2.481436331165222,619.6894285714286,545.8893333333333,0.01778787600228828
NVDA,2024-02-02,639.71,665.969,636.87,661.569,0.049709634424980775,29.099000000000046,4.548779915899399,626.5434285714285,551.4077333333333,0.02341822425537542
NVDA,2024-02-05,682.218,694.937,672.018,693.287,0.047943600743082015,22.918999999999983,3.359483332307266,637.5642857142857,558.4810666666667,0.026865871517575236
NVDA,2024-02-06,696.267,697.507,662.969,682.198,-0.01599481888453136,34.5379999999999,4.960453389288864,647.8381428571429,564.8917666666667,0.028030845364349303
NVDA,2024-02-07,683.158,702.167,675.968,700.957,0.027497881846619388,26.19900000000007,3.834984000772891,658.7432857142857,571.9810999999999,0.028240290441803893
NVDA,2024-02-08,700.707,707.907,694.517,696.377,-0.006533924334873653,13.389999999999986,1.9109271064795965,668.5527142857143,578.7680999999999,0.029364283013716342
NVDA,2024-02-09,705.297,721.816,702.087,721.296,0.03578377803976873,19.729000000000042,2.797261295596045,683.7034285714286,586.3397333333335,0.025539312282424273
NVDA,2024-02-12,725.966,746.075,712.467,722.446,0.0015943523879238253,33.60800000000006,4.629417906623734,696.8757142857143,593.9147,0.026793335840192157
NVDA,2024-02-13,703.967,734.466,696.167,721.246,-0.0016610237997027877,38.29899999999998,5.440453884912215,705.401,601.4496666666668,0.02421036270036484
NVDA,2024-02-14,731.986,742.325,719.346,738.965,0.024567207305135952,22.979000000000042,3.1392676909121273,711.9264285714286,610.0265999999999,0.01973026325220845
NVDA,2024-02-15,738.655,739.715,723.966,726.546,-0.016805938034954226,15.749000000000024,2.1321185127021445,718.2618571428573,618.3892,0.019905331952825105
NVDA,2024-02-16,740.965,743.985,724.976,726.096,-0.0006193689043777484,19.009000000000015,2.5654383135505743,721.8531428571429,626.5938333333332,0.018377255335547234
NVDA,2024-02-20,719.436,719.526,677.308,694.487,-0.04353281108834095,42.21799999999996,5.868207873945696,721.5831428571429,633.3785,0.026035845030295934
NVDA,2024-02-21,680.028,688.848,662.449,674.688,-0.028508812979940568,26.399,3.882046033398625,714.9248571428571,638.4512666666667,0.022347939372058905
NVDA,2024-02-22,750.215,785.713,742.165,785.343,0.16400914200341488,43.548,5.80473597568697,723.9101428571429,646.9168666666667,0.06968905707068204
NVDA,2024-02-23,807.862,823.901,775.664,788.133,0.003552587850149669,48.236999999999966,5.970945532776634,733.4654285714286,655.0721666666666,0.06952242728469235
NVDA,2024-02-26,796.963,806.422,785.013,790.883,0.0034892587926149687,21.408999999999992,2.68632295351227,740.8822857142858,663.1618,0.0694785632278309
NVDA,2024-02-27,793.773,794.763,771.584,786.973,-0.004943841250855119,23.179000000000087,2.9201043623302994,749.5147142857143,671.1584333333333,0.06881015294003393
NVDA,2024-02-28,776.164,789.293,771.214,776.594,-0.013188508373222385,18.07899999999995,2.3292757716152708,756.7287142857143,678.2517666666666,0.0693969129915761
NVDA,2024-02-29,790.903,799.862,783.463,791.083,0.018657110407754862,16.399,2.0734527495786463,770.5281428571428,685.9377333333334,0.06501152691038171
NVDA,2024-03-01,799.962,822.961,794.313,822.751,0.04003119773778474,28.648000000000025,3.581170105580018,791.6800000000001,694.3279999999999,0.06147624422148386
NVDA,2024-03-04,841.261,876.909,837.151,852.33,0.03595133886194013,39.75800000000004,4.726000610987558,801.2495714285715,702.9096000000001,0.020285663897097492
NVDA,2024-03-05,852.7,860.97,834.17,859.64,0.00857649032651664,26.800000000000068,3.142957663891177,811.4648571428572,711.6805333333333,0.0200268657363481
NVDA,2024-03-06,880.22,897.24,870.3,887.0,0.031827276534363236,26.940000000000055,3.060598486741957,825.195857142857,721.2904666666667,0.02071792219773122
NVDA,2024-03-07,901.58,927.67,896.02,926.69,0.0447463359639233,31.649999999999977,3.510503782248938,845.1554285714285,731.7271000000001,0.02057768729557125
NVDA,2024-03-08,951.379,974.0,865.06,875.28,-0.05547702036279667,108.94000000000005,11.450746758126892,859.2534285714285,740.3650666666667,0.03464554915424027
NVDA,2024-03-11,864.29,887.97,841.66,857.74,-0.020039301709167345,46.31000000000006,5.3581552488169555,868.7758571428573,748.6137,0.03745190344868964
NVDA,2024-03-12,880.49,919.6,861.501,919.13,0.0715718049758669,58.099000000000046,6.598484934525099,882.5442857142856,758.4306666666666,0.04286070660395934
NVDA,2024-03-13,910.55,915.04,884.35,908.88,-0.011151850119134443,30.68999999999994,3.3704903629674305,890.6228571428571,767.8029666666666,0.04303845490823029
NVDA,2024-03-14,895.77,906.46,866.0,879.44,-0.03239151483144087,40.460000000000036,4.516784442435004,893.4514285714286,776.6096,0.04595237848694704
NVDA,2024-03-15,869.3,895.46,862.57,878.365,-0.001222368780132821,32.889999999999986,3.7835039687104555,892.217857142857,784.8804333333334,0.04430360175438364
NVDA,2024-03-18,903.88,924.05,870.85,884.55,0.007041491862722182,53.19999999999993,5.885737044740445,886.1978571428572,792.3131333333333,0.03995498857908192
NVDA,2024-03-19,867.0,905.44,850.1,893.98,0.010660787971285002,55.34000000000003,6.382929642445218,888.8692857142858,799.0029,0.033607703941871715
NVDA,2024-03-20,897.97,904.1,882.23,903.72,0.010895098324347208,21.870000000000005,2.435493390647795,895.4378571428571,806.3869666666667,0.03199224800117168
NVDA,2024-03-21,923.0,926.48,904.05,914.35,0.011762492807506852,22.430000000000064,2.4301191765980565,894.7550000000001,813.5000666666667,0.016292071192383233
NVDA,2024-03-22,911.41,947.78,908.34,942.89,0.03121343030568169,39.43999999999994,4.327360902338128,899.6135714285714,821.7171666666667,0.01931938457018991
NVDA,2024-03-25,939.41,967.66,935.1,950.02,0.007561857692838014,32.559999999999945,3.4660052586197665,909.6964285714286,829.3412999999999,0.009883050392809073
NVDA,2024-03-26,958.51,963.75,925.02,925.61,-0.025694195911664997,38.73000000000002,4.040646419964322,916.4457142857143,836.1134333333333,0.016852077547410468
NVDA,2024-03-27,931.12,932.4,891.23,902.5,-0.024967318849191344,41.16999999999996,4.421556834779616,919.01,842.1552333333333,0.020897012739338125
NVDA,2024-03-28,900.0,913.0,891.93,903.56,0.0011745152354569743,21.07000000000005,2.341111111111117,920.3785714285715,847.6417333333334,0.020627939129969606
NVDA,2024-04-01,902.99,922.25,892.04,903.63,7.747133560598307e-05,30.210000000000036,3.3455519994684364,920.3657142857143,853.5445333333333,0.020226132072168505
NVDA,2024-04-02,884.48,900.94,876.2,894.52,-0.010081559930502526,24.74000000000001,2.7971237337192485,917.5328571428571,859.1586666666666,0.019818911997198915
NVDA,2024-04-03,884.84,903.74,884.0,889.64,-0.005455439788937033,19.74000000000001,2.2309118032638677,909.9257142857143,865.6637666666666,0.01292991971152888
NVDA,2024-04-04,904.06,906.34,858.8,859.05,-0.034384694932781845,47.54000000000008,5.2585005419994335,896.93,871.8091666666667,0.014077900630561989
NVDA,2024-04-05,868.66,884.81,859.26,880.08,0.02448053081892798,25.549999999999955,2.9413119056938224,890.4257142857142,874.9670666666666,0.01911614223112864
NVDA,2024-04-08,887.0,888.3,867.32,871.33,-0.009942277974729574,20.979999999999905,2.3652762119503836,885.9728571428572,877.7403,0.01754430281876763
NVDA,2024-04-09,874.42,876.35,830.22,853.54,-0.020417063569485805,46.129999999999995,5.275496900802818,878.8271428571428,879.8288666666666,0.018189443749021428
NVDA,2024-04-10,839.26,874.0,837.09,870.39,0.019741312650842335,36.90999999999997,4.397921978886158,874.0785714285713,882.6094333333334,0.020947059908527042
NVDA,2024-04-11,874.2,907.39,869.26,906.16,0.04109651995082664,38.129999999999995,4.361702127659574,875.7414285714285,886.9283,0.02699709805015108
NVDA,2024-04-12,896.99,901.75,875.3,881.86,-0.02681645625496598,26.450000000000045,2.9487508221942327,874.63,889.9541999999999,0.02912475580170665
NVDA,2024-04-15,890.98,906.13,859.29,860.01,-0.02477717551538794,46.84000000000003,5.257132595568927,874.767142857143,891.1961666666667,0.027462270835011956
NVDA,2024-04-16,864.325,881.18,860.639,874.15,0.01644166928291524,20.54099999999994,2.376536603708089,873.9200000000001,891.9235000000001,0.026440460800428493
NVDA,2024-04-17,883.4,887.75,839.5,840.35,-0.0386661328147343,48.25,5.461851935702966,869.4942857142856,891.2805000000001,0.030095926440894077
NVDA,2024-04-18,849.7,861.9,824.02,846.71,0.007568275123460477,37.879999999999995,4.458044015534894,868.5185714285714,889.9375,0.02952447291064432
NVDA,2024-04-19,831.5,843.24,756.06,762.0,-0.10004606063469201,87.18000000000006,10.484666265784734,853.0342857142857,884.4478333333333,0.04585225819850221
NVDA,2024-04-22,781.04,800.73,764.0,795.18,0.043543307086614025,36.73000000000002,4.70270408685855,837.1800000000001,881.7778333333333,0.04638308330875471
NVDA,2024-04-23,807.69,827.69,802.64,824.23,0.03653260896903854,25.050000000000068,3.101437432678387,828.9471428571429,880.6608333333334,0.050286412867576374
NVDA,2024-04-24,839.5,840.82,791.83,796.77,-0.03331594336532284,48.99000000000001,5.8356164383561655,819.9128571428572,876.5821666666667,0.05084788446663834
NVDA,2024-04-25,788.68,833.23,782.23,826.32,0.037087239730411614,51.0,6.4665009889942695,813.0799999999999,873.8301666666666,0.0531633662491111
NVDA,2024-04-26,838.18,883.309,833.87,877.35,0.061755736276503104,49.438999999999965,5.898375050705095,818.3657142857143,873.7605000000001,0.05655844655852084
NVDA,2024-04-29,875.95,879.92,852.66,877.57,0.0002507551148345222,27.25999999999999,3.1120497745305085,822.7742857142857,873.734,0.05662648342581342
NVDA,2024-04-30,872.4,888.19,863.0,864.02,-0.015440363731668239,25.190000000000055,2.887436955524995,837.3485714285715,873.0496666666667,0.03497294779212277
NVDA,2024-05-01,850.77,860.0,812.546,830.41,-0.03889956251012705,47.45399999999995,5.577770725342919,842.3814285714286,870.9306666666668,0.038851691474469034
NVDA,2024-05-02,844.49,862.37,832.0,858.17,0.033429269878734624,30.370000000000005,3.596253360016105,847.2299999999999,869.4123333333333,0.03847242785198102
NVDA,2024-05-03,877.89,892.81,870.4,887.89,0.03463183285363036,22.409999999999968,2.552711615350439,860.2471428571429,868.5303333333334,0.035212653993761486
NVDA,2024-05-06,893.9,922.2,890.55,921.4,0.037741161630382214,31.65000000000009,3.540664503859502,873.8299999999999,867.8140000000001,0.03527836706462775
NVDA,2024-05-07,910.98,917.81,890.11,905.54,-0.017212936835250714,27.699999999999932,3.040681463917971,877.8571428571429,866.3313333333334,0.030602741775189343
NVDA,2024-05-08,894.825,911.94,894.2,904.12,-0.001568125096627404,17.74000000000001,1.9825105467549529,881.65,865.615,0.03065675398292663
NVDA,2024-05-09,905.29,910.72,882.31,887.47,-0.018415697031367473,28.410000000000082,3.138220901589555,885.0,865.114,0.03100072577707271
NVDA,2024-05-10,903.045,914.01,892.27,898.78,0.012744092758065095,21.74000000000001,2.407410483419986,894.7671428571429,864.9546666666666,0.02448188223457461
NVDA,2024-05-13,904.78,909.98,885.29,903.99,0.005796746701083766,24.690000000000055,2.7288401600389105,901.3128571428571,864.9666666666667,0.022529379609764574
NVDA,2024-05-14,895.99,916.51,889.34,913.56,0.010586400292038611,27.16999999999996,3.03239991517762,904.9799999999999,865.6013333333334,0.019341626505092076
NVDA,2024-05-15,924.72,948.62,915.99,946.3,0.03583782127063362,32.629999999999995,3.5286356951293363,908.5371428571428,867.49,0.01879788773361536
NVDA,2024-05-16,949.1,958.19,941.03,943.59,-0.002863785268942154,17.160000000000082,1.8080286587293313,913.972857142857,870.3079999999999,0.016777078819949467
NVDA,2024-05-17,943.69,947.4,918.06,924.79,-0.019923907629373017,29.340000000000032,3.1090718350305746,916.9257142857142,871.7983333333334,0.01939105103845007
NVDA,2024-05-20,937.5,952.0,934.4,947.8,0.024881324408784655,17.600000000000023,1.8773333333333357,925.5442857142856,874.3473333333333,0.018139594784037733
NVDA,2024-05-21,935.99,954.0,931.8,953.86,0.006393753956531079,22.200000000000045,2.371820211754404,933.4128571428572,877.6913333333334,0.01811374584099888
NVDA,2024-05-22,954.59,960.2,932.49,949.5,-0.004570901390141158,27.710000000000036,2.902816916162964,939.9142857142858,880.3283333333333,0.018798987277246097
NVDA,2024-05-23,1020.28,1063.2,1015.2,1037.99,0.09319641916798327,48.0,4.704590896616615,957.6899999999999,884.7226666666667,0.037706787619528205
NVDA,2024-05-24,1044.49,1064.75,1030.0,1064.69,0.025722791163691472,34.75,3.32698254650595,974.602857142857,890.8169999999999,0.037143272210030866
NVDA,2024-05-28,1102.44,1149.39,1098.83,1139.01,0.06980435619757852,50.56000000000017,4.586190631689722,1002.5199999999999,900.117,0.04049166236496338
NVDA,2024-05-29,1130.5,1154.92,1109.01,1148.25,0.00811230805699692,45.91000000000008,4.061034940291913,1034.4428571428573,909.2536666666666,0.03612005959052683
NVDA,2024-05-30,1146.5,1158.19,1096.63,1105.0,-0.0376660134988025,61.559999999999945,5.369385085041426,1056.9,918.0753333333333,0.04483958292915137
NVDA,2024-05-31,1125.2,1127.17,1069.4,1096.33,-0.007846153846153947,57.76999999999998,5.134198364735156,1077.252857142857,926.3960000000001,0.046025807044737896
NVDA,2024-06-03,1136.21,1150.0,1120.03,1150.0,0.048954238231189606,29.970000000000027,2.63771661928693,1105.8957142857141,939.3293333333334,0.04551981438902327
NVDA,2024-06-04,1157.16,1166.0,1140.45,1164.37,0.012495652173913019,25.549999999999955,2.207991980365719,1123.95,951.6356666666667,0.035567769772548635
NVDA,2024-06-05,1183.71,1224.49,1174.68,1224.4,0.05155577694375513,49.809999999999945,4.207956340657757,1146.7657142857142,964.9746666666667,0.03787879201738706
NVDA,2024-06-06,1240.48,1255.87,1183.2,1209.98,-0.011777196994446348,72.66999999999985,5.858216174384097,1156.9042857142856,978.7483333333333,0.03243826554669411
NVDA,2024-06-07,1197.7,1216.92,1180.22,1208.88,-0.0009091059356352016,36.700000000000045,3.064206395591554,1165.5657142857142,991.5003333333334,0.03266332815952536
NVDA,2024-06-10,120.37,123.1,117.01,121.71,-0.8993200317649395,6.089999999999989,5.059400182769784,1025.0957142857144,966.3123333333333,0.3466958348184611
NVDA,2024-06-11,121.77,122.87,118.74,120.91,-0.0065730013967627565,4.13000000000001,3.3916399770058385,885.75,941.0903333333333,0.34676190650057015
NVDA,2024-06-12,123.06,126.88,122.57,125.2,0.03548093623356219,4.310000000000002,3.502356574028931,739.3500000000001,916.463,0.345735519713834
NVDA,2024-06-13,129.39,129.8,127.16,129.61,0.03522364217252405,2.640000000000015,2.0403431486204613,591.527142857143,893.1029999999998,0.3472577624199179
NVDA,2024-06-14,129.96,132.84,128.32,131.88,0.01751408070364935,4.52000000000001,3.477993228685757,435.45285714285717,868.8933333333333,0.3447863496143193
NVDA,2024-06-17,132.99,133.73,129.58,131.006,-0.006627236882013943,4.149999999999977,3.1205353785998775,281.3137142857143,843.6638666666666,0.3450577239809571
NVDA,2024-06-18,131.14,136.33,130.69,135.58,0.03491443140008865,5.640000000000015,4.3007472929693575,127.98514285714285,817.4698666666666,0.34733992291973553
NVDA,2024-06-20,139.8,140.72,129.52,130.75,-0.03562472341053258,11.199999999999989,8.011444921316158,129.27657142857143,791.6435333333333,0.027667049835693944
NVDA,2024-06-21,127.12,130.63,124.3,126.57,-0.03196940726577446,6.329999999999998,4.979546884833227,130.08514285714287,765.7252,0.03167196788934515
NVDA,2024-06-24,123.24,124.46,118.05,118.07,-0.06715651418187563,6.409999999999997,5.201233365790325,129.06657142857142,740.0785333333333,0.03915609053069763
NVDA,2024-06-25,121.2,126.5,119.32,126.09,0.06792580672482429,7.180000000000007,5.92409240924093,128.5637142857143,714.3222000000001,0.04640692457322625
NVDA,2024-06-26,126.13,128.12,122.6,126.37,0.002220636053612557,5.52000000000001,4.376437009434719,127.77657142857143,688.4015333333334,0.0456335543320191
NVDA,2024-06-27,124.1,126.41,122.92,123.99,-0.018833583920234265,3.489999999999995,2.812248186946007,126.77428571428571,662.0825333333333,0.045929964334848514
NVDA,2024-06-28,124.58,127.71,122.75,123.47,-0.004193886603758301,4.959999999999994,3.981377428158608,125.0442857142857,634.6548666666666,0.04222016902694871
NVDA,2024-07-01,123.47,124.84,118.83,124.3,0.00672228071596348,6.010000000000005,4.867579169028918,124.12285714285713,607.3452,0.04138319134157378
NVDA,2024-07-02,121.13,123.41,121.03,122.67,-0.013113435237328996,2.3799999999999955,1.964831173119785,123.5657142857143,580.6078666666667,0.04003853428364227
NVDA,2024-07-03,121.66,128.28,121.36,128.28,0.045732452922474964,6.920000000000002,5.687982903172778,125.02428571428572,553.2905333333333,0.03222792863242231
NVDA,2024-07-05,127.38,128.85,125.68,125.82,-0.019176800748363032,3.1699999999999875,2.488616737321391,124.9857142857143,525.6892,0.022559266496775813
NVDA,2024-07-08,127.49,130.77,127.04,128.236,0.019202034652678446,3.730000000000004,2.9257196642873984,125.25228571428572,498.31373333333335,0.023731944130813087
NVDA,2024-07-09,130.35,133.82,128.65,131.38,0.0245172962350666,5.1699999999999875,3.9662447257383873,126.30799999999999,468.0934,0.022930251657314667
NVDA,2024-07-10,134.03,135.1,132.42,134.93,0.027020855533566923,2.680000000000007,1.9995523390285808,127.94514285714286,437.10139999999996,0.023078769747838873
NVDA,2024-07-11,135.75,136.15,127.05,127.4,-0.05580671459275177,9.100000000000009,6.703499079189693,128.388,403.38106666666664,0.03495348200247323
NVDA,2024-07-12,128.26,131.92,127.22,129.275,0.014717425431711062,4.699999999999989,3.6644316232652336,129.3315714285714,369.4152333333333,0.034251108594839874
NVDA,2024-07-15,130.56,131.39,127.18,128.44,-0.0064590988203442334,4.2099999999999795,3.224571078431357,129.35442857142857,336.8632333333333,0.03010565103679918
NVDA,2024-07-16,128.44,128.99,124.59,126.41,-0.01580504515727188,4.400000000000006,3.4257240734973577,129.4387142857143,304.53256666666664,0.029761997926187164
NVDA,2024-07-17,121.35,121.85,116.72,117.97,-0.06676686970967483,5.1299999999999955,4.227441285537697,127.97214285714287,270.1315666666667,0.03770363782226932
NVDA,2024-07-18,121.85,122.4,116.57,121.29,0.028142748156311015,5.8300000000000125,4.784571194091106,126.53071428571427,235.36223333333334,0.03829670001472287
NVDA,2024-07-19,120.35,121.59,117.37,117.93,-0.02770220133564183,4.219999999999999,3.506439551308682,124.10214285714287,198.4799,0.03473074274417304
NVDA,2024-07-22,120.35,124.07,119.86,123.54,0.047570592724497596,4.209999999999994,3.4981304528458614,123.55071428571429,162.26523333333336,0.03805586502901996
NVDA,2024-07-23,122.78,124.67,122.1,122.445,-0.008863525983487275,2.5700000000000074,2.0931747841668082,122.575,126.05073333333334,0.037181547465561356
NVDA,2024-07-24,119.17,119.95,113.44,114.25,-0.06692800849360936,6.510000000000005,5.462784257783003,120.54785714285715,125.80206666666668,0.04348996153870881
NVDA,2024-07-25,113.04,116.63,106.4,112.34,-0.01671772428884022,10.22999999999999,9.049893842887464,118.53785714285716,125.51639999999999,0.04349147102535949
NVDA,2024-07-26,116.19,116.2,111.58,113.1,0.006765177140822365,4.6200000000000045,3.9762458042860866,117.84214285714286,125.11306666666668,0.03764341785947134
NVDA,2024-07-29,113.69,116.28,111.3,111.59,-0.013351016799292625,4.980000000000004,4.3803324830679955,116.45642857142857,124.5124,0.03462922024575072
NVDA,2024-07-30,111.52,111.99,102.54,103.73,-0.07043641903396358,9.449999999999989,8.473816355810607,114.42785714285715,123.57406666666665,0.04115164340321202
NVDA,2024-07-31,112.9,118.34,110.88,117.115,0.129036922780295,7.460000000000008,6.607617360496021,113.51,123.11103333333334,0.06638144528906036
NVDA,2024-08-01,117.53,120.16,106.81,109.39,-0.06596080775306323,13.349999999999994,11.358802007997953,111.645,122.23803333333333,0.07021978150599963
NVDA,2024-08-02,103.83,108.72,101.37,107.27,-0.019380199286955002,7.349999999999994,7.078878936723484,110.64785714285713,121.45536666666666,0.0664378955126759
NVDA,2024-08-05,92.06,103.41,90.75,100.68,-0.06143376526521849,12.659999999999997,13.751900934173362,108.98214285714286,120.59236666666666,0.06958637204906522
NVDA,2024-08-06,103.87,107.71,100.6,104.02,0.03317441398490262,7.109999999999999,6.8450948300760555,107.68500000000002,120.12403333333333,0.07155851895814325
NVDA,2024-08-07,107.81,108.8,98.69,98.95,-0.04874062680253788,10.11,9.37760875614507,105.87928571428571,119.21936666666667,0.0730879535693682
NVDA,2024-08-08,102.0,105.5,97.52,104.97,0.06083880747852444,7.980000000000004,7.82352941176471,106.05642857142857,118.50603333333333,0.07328062192082829
NVDA,2024-08-09,105.64,106.6,103.43,104.75,-0.002095836905782633,3.1699999999999875,3.0007572889057057,104.28999999999999,117.8647,0.04856138733490526
NVDA,2024-08-12,106.32,111.0,101.0,109.002,0.040591885441527475,10.0,9.405568096313017,104.23457142857141,117.38243333333334,0.04650823782587874
NVDA,2024-08-13,112.44,116.23,111.58,116.14,0.06548503697179875,4.650000000000006,4.135538954108863,105.50171428571427,117.11043333333333,0.05130022697200589
NVDA,2024-08-14,118.53,118.6,114.14,118.013,0.016127087997244827,4.459999999999994,3.762760482578245,107.97785714285713,116.9552,0.039729839215791804
NVDA,2024-08-15,118.76,123.24,117.47,122.86,0.04107174633303101,5.769999999999996,4.858538228359714,110.6692857142857,116.77453333333334,0.04015602006677947
NVDA,2024-08-16,121.94,125.0,121.18,124.58,0.013999674426176112,3.819999999999993,3.1326882073150673,114.3307142857143,116.7332,0.025255013286602984
NVDA,2024-08-19,124.28,130.0,123.42,130.0,0.043506180767378444,6.579999999999998,5.294496298680397,117.90642857142858,116.792,0.022891809662065297
NVDA,2024-08-20,128.4,129.88,125.89,127.25,-0.02115384615384619,3.989999999999995,3.107476635514015,121.12071428571429,116.65433333333334,0.028065968180498904
NVDA,2024-08-21,127.315,129.35,126.66,128.5,0.00982318271119853,2.6899999999999977,2.112869654007774,123.90614285714287,116.44000000000001,0.02826859182439164
NVDA,2024-08-22,130.02,130.75,123.1,123.795,-0.0366147859922179,7.650000000000006,5.8837101984310145,124.99971428571428,116.31983333333334,0.029675150883040728
NVDA,2024-08-23,125.86,129.587,125.22,129.283,0.04433135425501833,4.36699999999999,3.4697282695057923,126.60971428571429,116.3201,0.032499393025977534
NVDA,2024-08-26,129.57,131.26,124.37,126.45,-0.02191316723776504,6.889999999999986,5.317588948058954,127.12257142857143,116.25376666666666,0.03233359228379893
NVDA,2024-08-27,125.05,129.2,123.89,128.3,0.014630288651640955,5.309999999999988,4.246301479408228,127.654,116.31676666666667,0.032365112473433606
NVDA,2024-08-28,128.12,128.33,122.64,125.61,-0.020966484801247187,5.690000000000012,4.441148922884805,127.02685714285714,116.57143333333333,0.02839799693500025
NVDA,2024-08-29,121.355,124.43,116.71,117.59,-0.06384841971180633,7.720000000000013,6.3615013802480425,125.64685714285714,116.4481,0.036098763315546754
NVDA,2024-08-30,119.53,121.75,117.22,119.38,0.015222382855685002,4.530000000000001,3.789843553919519,124.34400000000001,116.49643333333333,0.03666242666101999
NVDA,2024-09-03,116.01,116.21,107.29,108.0,-0.09532585022616846,8.919999999999987,7.688992328247554,122.08757142857144,115.97843333333334,0.04857749529505556
NVDA,2024-09-04,105.41,109.99,104.12,106.21,-0.016574074074074185,5.86999999999999,5.56873161939094,118.79142857142857,115.43726666666666,0.04023474925347544
NVDA,2024-09-05,104.985,109.65,104.76,107.24,0.009697768571697685,4.890000000000001,4.657808258322619,116.04714285714284,115.2036,0.04260101965667591
NVDA,2024-09-06,108.04,108.15,100.95,102.84,-0.04102946661693385,7.200000000000003,6.664198445020365,112.41,114.88693333333335,0.03961592395461452
NVDA,2024-09-09,104.88,106.55,103.69,106.47,0.03529754959159859,2.8599999999999994,2.726926010678871,109.67571428571429,114.66593333333331,0.04688969150033828
NVDA,2024-09-10,107.92,109.39,104.95,108.1,0.015309476847938264,4.439999999999998,4.114158636026684,108.31999999999998,114.54960000000001,0.04471265244007349
NVDA,2024-09-11,109.39,117.18,107.42,116.78,0.0802960222016651,9.760000000000005,8.922204954749068,107.94857142857143,114.9846,0.056340063274863954
NVDA,2024-09-12,116.88,120.79,115.38,119.14,0.020208939886966926,5.410000000000011,4.628678986995218,109.53999999999999,115.05209999999998,0.03844187634366235
NVDA,2024-09-13,119.08,119.955,117.67,119.08,-0.0005036091992614011,2.2849999999999966,1.918878065166272,111.37857142857142,115.3751,0.03670024725152678
NVDA,2024-09-16,116.79,118.18,114.36,116.78,-0.019314746388982118,3.8200000000000074,3.2708279818477672,112.74142857142859,115.6921,0.039219327777452136
NVDA,2024-09-17,118.17,118.8,114.83,115.59,-0.010190101044699418,3.969999999999999,3.359566725903359,114.56285714285714,116.18910000000001,0.03346179046199523
NVDA,2024-09-18,115.89,117.7,113.22,113.25,-0.020243965740981085,4.480000000000004,3.8657347484683786,115.53142857142856,116.49676666666667,0.03503129046626466
NVDA,2024-09-19,117.35,119.66,117.25,117.87,0.040794701986754944,2.4099999999999966,2.05368555602897,116.92714285714285,117.12743333333333,0.03701981653657366
NVDA,2024-09-20,117.06,118.59,115.39,116.0,-0.01586493594638161,3.200000000000003,2.7336408679309776,116.81571428571428,117.49510000000001,0.023121198010556947
NVDA,2024-09-23,116.55,116.99,114.87,116.26,0.0022413793103448487,2.1199999999999903,1.8189618189618106,116.4042857142857,117.87876666666668,0.021337723105928054
NVDA,2024-09-24,116.515,121.8,115.41,120.95,0.04034061586100113,6.390000000000001,5.484272411277518,116.67142857142858,118.27703333333334,0.027049134584911032
NVDA,2024-09-25,122.02,124.94,121.61,123.51,0.021165770979743703,3.3299999999999983,2.729060809703326,117.63285714285713,118.5227,0.025901495051286732
NVDA,2024-09-26,126.8,127.665,121.8,124.04,0.004291150514128317,5.865000000000009,4.625394321766569,118.84000000000002,118.7236,0.024728391349286127
NVDA,2024-09-27,123.97,124.03,119.26,121.35,-0.021686552724927588,4.769999999999996,3.8477050899411114,119.99714285714286,118.67326666666666,0.025030401310715957
NVDA,2024-09-30,118.31,121.5,118.15,121.435,0.0007004532344458969,3.3499999999999943,2.8315442481616047,120.50642857142859,118.56843333333333,0.021143680898543044
NVDA,2024-10-01,121.765,122.435,115.79,116.85,-0.037756824638695674,6.644999999999996,5.4572331950888975,120.62785714285715,118.1301,0.025764390301362794
NVDA,2024-10-02,116.44,119.38,115.17,118.85,0.01711596063329046,4.209999999999994,3.6155960151150754,120.99785714285713,117.85009999999998,0.026456381463561492
NVDA,2024-10-03,120.92,124.36,120.34,122.8,0.03323517038283552,4.019999999999996,3.3245120740985743,121.26214285714286,117.6601,0.024895477652265886
NVDA,2024-10-04,124.94,125.04,121.83,124.92,0.017263843648208432,3.210000000000008,2.569233231951343,121.46357142857143,117.6976,0.0244458895734843
NVDA,2024-10-07,124.99,130.64,124.95,127.78,0.022894652577649666,5.6899999999999835,4.552364189135118,121.99785714285713,117.6475,0.025729207119656122
NVDA,2024-10-08,130.26,133.48,129.42,132.936,0.04035060259821566,4.060000000000002,3.1168432366037178,123.653,117.86370000000001,0.025874550676605167
NVDA,2024-10-09,134.11,134.52,131.43,132.65,-0.002151411205392084,3.0900000000000034,2.304078741331745,125.25514285714284,118.0087,0.026129049628157895
NVDA,2024-10-10,131.91,135.0,131.0,134.82,0.016358839050131913,4.0,3.0323705556819047,127.82228571428571,118.3157,0.013624575494777394
NVDA,2024-10-11,134.01,135.78,133.66,134.804,-0.00011867675419074963,2.1200000000000045,1.5819714946645809,130.10142857142858,118.8895,0.015773071136748636
NVDA,2024-10-14,136.47,139.6,136.3,138.16,0.024895403697219542,3.299999999999983,2.418113871180467,132.29571428571427,119.5155,0.014734350789011851
NVDA,2024-10-15,137.87,138.57,128.74,131.835,-0.04578025477706993,9.829999999999984,7.129904982954946,133.28357142857143,120.31,0.027943359574225064
NVDA,2024-10-16,133.98,136.62,131.58,135.72,0.029468653999317196,5.039999999999992,3.7617554858934117,134.41785714285714,121.29366666666667,0.02862697715190489
NVDA,2024-10-17,139.34,140.89,136.87,136.928,0.008900677866195084,4.019999999999982,2.88502942442944,134.98814285714286,122.28326666666666,0.025143192929397495
NVDA,2024-10-18,138.665,138.9,137.28,138.0,0.007828931993456356,1.6200000000000045,1.1682832726354917,135.75242857142857,123.45526666666666,0.024984938768062376
NVDA,2024-10-21,138.13,143.71,138.0,143.71,0.04137681159420303,5.710000000000008,4.1337870122348574,137.02242857142855,124.6966,0.028294502262467006
NVDA,2024-10-22,142.91,144.42,141.78,143.59,-0.0008350149606847213,2.6399999999999864,1.8473164928976185,138.27757142857143,125.8796,0.028336396145704112
NVDA,2024-10-23,142.03,142.43,137.46,139.56,-0.02806602131067626,4.969999999999999,3.4992607195662875,138.47757142857145,126.63893333333334,0.030499827662806022
NVDA,2024-10-24,140.82,141.35,138.46,140.41,0.006090570364001069,2.8899999999999864,2.0522653032239644,139.70257142857142,127.34793333333333,0.022163191674995524
NVDA,2024-10-25,140.93,144.13,140.8,141.54,0.00804785983904277,3.329999999999984,2.3628751862626722,140.534,128.0966,0.020307769105042717
NVDA,2024-10-28,143.0,143.14,140.05,140.52,-0.007206443408223739,3.089999999999975,2.160839160839143,141.04714285714286,128.88793333333334,0.020854858152693476
NVDA,2024-10-29,140.285,142.26,138.9,141.28,0.005408482778252122,3.359999999999985,2.395124211426728,141.5157142857143,129.74426666666668,0.020798673620654046
NVDA,2024-10-30,139.54,140.33,136.81,139.18,-0.014864099660249153,3.5200000000000102,2.522574172280357,140.86857142857144,130.6086,0.013237038067787804
NVDA,2024-10-31,137.6,137.61,132.111,132.76,-0.04612731714326779,5.499000000000024,3.9963662790697843,139.32142857142858,131.10493333333335,0.020325006166169047
NVDA,2024-11-01,134.7,137.31,134.57,135.37,0.019659536004820843,2.740000000000009,2.0341499628804818,138.72285714285712,131.7506,0.021595308540769156
NVDA,2024-11-04,137.21,138.96,135.58,136.14,0.005688114057767368,3.3799999999999955,2.463377304861158,138.11285714285714,132.41326666666666,0.021564039938872893
NVDA,2024-11-05,137.45,140.37,137.33,139.93,0.027838989275745796,3.039999999999992,2.2117133503091977,137.88285714285715,133.04593333333335,0.02453074076166987
NVDA,2024-11-06,142.96,146.49,141.96,145.61,0.04059172443364534,4.530000000000001,3.1687185226636827,138.61,133.78259999999997,0.02889942031218668
NVDA,2024-11-07,146.39,148.92,146.17,148.875,0.022422910514387606,2.75,1.8785436163672384,139.695,134.61043333333333,0.029601689890649933
NVDA,2024-11-08,148.77,149.77,146.26,147.65,-0.00822837951301425,3.5100000000000193,2.3593466424682523,140.905,135.4871,0.02884834242569771
NVDA,2024-11-11,148.68,148.85,143.57,145.27,-0.01611920081273277,5.280000000000001,3.5512510088781277,142.69214285714287,136.2816,0.02027548206464661
NVDA,2024-11-12,146.78,149.65,146.01,148.31,0.020926550561024326,3.640000000000015,2.479901893991017,144.5407142857143,137.3302666666667,0.020349092726238218
NVDA,2024-11-13,149.07,149.33,145.9,146.41,-0.012811003978153934,3.430000000000007,2.3009324478432998,146.00785714285715,138.24893333333333,0.02258162390262225
NVDA,2024-11-14,147.64,149.0,145.56,146.76,0.0023905470937777284,3.4399999999999977,2.3299918721213753,146.98357142857142,139.0476,0.02137108081151458
NVDA,2024-11-15,144.87,145.24,140.08,141.98,-0.0325701826110657,5.159999999999997,3.561814040173947,146.46499999999997,139.6162666666667,0.02006940865584927
NVDA,2024-11-18,139.5,141.55,137.15,140.15,-0.01288913931539637,4.400000000000006,3.154121863799287,145.21857142857144,140.0286,0.01663264468157357
NVDA,2024-11-19,141.32,147.13,140.99,147.01,0.048947556189796515,6.139999999999986,4.344749504670242,145.12714285714284,140.49773333333331,0.02735492229934639
NVDA,2024-11-20,147.41,147.56,142.73,145.89,-0.007618529351744785,4.8300000000000125,3.276575537616181,145.21571428571428,140.93906666666666,0.026717041230057383
NVDA,2024-11-21,149.35,152.89,140.7,146.67,0.005346493933785723,12.189999999999998,8.162035487110812,144.98142857142855,141.33406666666667,0.02538756541447397
NVDA,2024-11-22,145.93,147.16,141.1,141.95,-0.03218108679348197,6.060000000000002,4.152675940519428,144.34428571428572,141.57226666666665,0.027791282096178982
NVDA,2024-11-25,141.99,142.05,135.82,136.02,-0.041775272983444744,6.230000000000018,4.387632931896625,142.81,141.50093333333334,0.030914820805385646
NVDA,2024-11-26,137.7,139.3,135.67,136.86,0.006175562417291669,3.630000000000024,2.6361655773420654,142.07857142857142,141.66843333333333,0.029727834575381726
NVDA,2024-11-27,135.01,137.22,131.8,135.34,-0.011106239953237007,5.4199999999999875,4.01451744315235,141.39142857142858,141.65576666666666,0.029655090034752335
NVDA,2024-11-29,136.78,139.35,136.05,138.25,0.021501403871730496,3.299999999999983,2.412633425939452,140.14000000000001,141.69983333333332,0.022296432264994413
NVDA,2024-12-02,138.83,140.45,137.825,138.63,0.0027486437613020165,2.625,1.890801699920766,139.10285714285715,141.72083333333333,0.022707022884428715
NVDA,2024-12-03,138.26,140.54,137.95,140.265,0.011793983986150058,2.5900000000000034,1.8732822219007694,138.18785714285715,141.60600000000002,0.023413058305803383
NVDA,2024-12-04,141.995,145.79,140.29,145.14,0.03475564110790286,5.5,3.873375823092362,138.64357142857142,141.65766666666664,0.024632796540012738
NVDA,2024-12-05,145.11,146.54,143.95,145.06,-0.0005511919525973408,2.5900000000000034,1.7848528702363746,139.935,141.841,0.015106400909196328
NVDA,2024-12-06,144.6,145.7,141.31,142.44,-0.018061491796498075,4.389999999999986,3.035961272475786,140.73214285714286,141.90866666666665,0.018374339973065566
NVDA,2024-12-09,138.97,139.95,137.13,138.81,-0.02548441449031169,2.819999999999993,2.029214938475925,141.22785714285712,141.81766666666667,0.021177951070570477
NVDA,2025-01-27,124.8,128.4,116.7,118.42,-0.1468914343347021,11.700000000000003,9.375000000000004,138.395,141.08100000000002,0.059216634994643205
NVDA,2025-01-28,121.81,129.0,116.25,128.99,0.08925857118729952,12.75,10.467120926032345,137.01785714285714,140.67133333333334,0.07237890344077508
NVDA,2025-01-29,126.5,126.89,120.05,123.7,-0.0410109310799287,6.840000000000003,5.407114624505931,134.65142857142857,140.15533333333332,0.07273717882913902
NVDA,2025-01-30,123.1,125.0,118.1,124.65,0.007679870654810017,6.900000000000006,5.605199025182783,131.7242857142857,139.88500000000002,0.0703030510409944
NVDA,2025-01-31,123.78,127.85,119.19,120.07,-0.036742880064179806,8.659999999999997,6.99628372919696,128.15428571428572,139.375,0.07002515437749811
NVDA,2025-02-03,114.75,118.57,113.01,116.66,-0.028400099941700674,5.559999999999988,4.845315904139423,124.47142857142856,138.72566666666668,0.06997660416994168
NVDA,2025-02-04,116.96,121.2,116.7,118.65,0.01705811760672038,4.5,3.8474692202462384,121.59142857142857,138.01633333333334,0.07184539707344323
NVDA,2025-02-05,121.76,125.0,120.76,124.83,0.05208596713021496,4.239999999999995,3.482260183968458,122.50714285714285,137.32366666666667,0.04891393626249967
NVDA,2025-02-06,127.42,128.77,125.21,128.68,0.03084194504526172,3.5600000000000165,2.7939099042536624,122.46285714285715,136.65050000000002,0.036176207946605574
NVDA,2025-02-07,129.22,130.37,125.0,129.84,0.009014609884985925,5.3700000000000045,4.155703451478103,123.34,136.05683333333334,0.03128512998469869
NVDA,2025-02-10,130.09,135.0,129.96,133.57,0.02872766481823774,5.039999999999992,3.8742409101391284,124.61428571428573,135.66683333333333,0.03231521421590161
NVDA,2025-02-11,132.58,134.48,131.02,132.8,-0.005764767537620563,3.4599999999999795,2.6097450595866487,126.43285714285715,135.14983333333333,0.02636062447015395
NVDA,2025-02-12,130.02,132.24,129.08,131.14,-0.012500000000000178,3.1599999999999966,2.4303953237963363,128.50142857142856,134.64083333333332,0.02240679373523427
NVDA,2025-02-13,131.555,136.5,131.17,135.29,0.03164556962025311,5.3300000000000125,4.0515373798031336,130.87857142857143,134.2585,0.02307431727898137
NVDA,2025-02-14,136.48,139.25,135.5,138.85,0.026313844334392877,3.75,2.7476553341148886,132.88142857142856,134.15416666666667,0.018557158006190788
NVDA,2025-02-18,141.27,143.44,137.925,139.4,0.003961109110551142,5.514999999999986,3.9038720181213185,134.41285714285715,134.12916666666666,0.01760234560148451
NVDA,2025-02-19,139.51,141.36,137.22,139.23,-0.0012195121951220633,4.140000000000015,2.967529209375683,135.75428571428571,133.86983333333333,0.018268039747313124
NVDA,2025-02-20,140.03,140.66,136.79,140.11,0.006320476908712402,3.8700000000000045,2.763693494251235,136.6885714285714,133.67716666666666,0.016334352912185025
NVDA,2025-02-21,140.04,141.46,134.03,134.43,-0.040539576047391335,7.430000000000007,5.305626963724655,136.92142857142858,133.26916666666665,0.024230717544795978
NVDA,2025-02-24,136.56,138.59,130.08,130.28,-0.030871085323216585,8.509999999999991,6.231693028705324,136.79857142857142,132.88016666666667,0.026909464005641
NVDA,2025-02-25,129.98,130.2,124.44,126.62,-0.02809333742708009,5.759999999999991,4.431450992460372,135.56,132.56683333333334,0.024316571591125092
NVDA,2025-02-26,129.985,133.73,128.49,131.28,0.03680303269625651,5.239999999999981,4.0312343731968925,134.47857142857143,132.38083333333333,0.027037897174231662
NVDA,2025-02-27,135.0,135.01,120.01,120.15,-0.084780621572212,14.999999999999986,11.1111111111111,131.72857142857146,131.8745,0.038887304802932066
NVDA,2025-02-28,118.02,125.06,116.4,124.805,0.03874323761964216,8.659999999999997,7.337739366209115,129.66785714285714,131.42633333333333,0.044666228788759615
NVDA,2025-03-03,123.51,123.7,112.28,114.06,-0.08609430711910582,11.420000000000002,9.246214881386123,125.94642857142857,130.60733333333334,0.05069250184646002
NVDA,2025-03-04,110.645,119.31,110.11,115.96,0.01665789935121853,9.200000000000003,8.3148809254824,123.30785714285715,129.79716666666667,0.05286622131491253
NVDA,2025-03-05,117.58,118.278,114.535,117.3,0.011555708865125913,3.743000000000009,3.1833645177751397,121.45357142857142,128.86916666666667,0.05379094202396334
NVDA,2025-03-06,113.53,115.35,110.22,110.56,-0.057459505541346934,5.1299999999999955,4.518629437153171,119.15928571428572,127.71916666666667,0.056200720204738416
NVDA,2025-03-07,111.25,113.48,107.56,112.69,0.019265557163531177,5.920000000000002,5.321348314606743,116.50357142857145,126.72749999999999,0.05369618231781068
NVDA,2025-03-10,109.9,111.84,105.46,106.98,-0.05066997959002573,6.38000000000001,5.805277525022756,114.62214285714285,125.6665,0.048128582838745666
NVDA,2025-03-11,106.99,112.236,104.77,108.76,0.016638624041876993,7.466000000000008,6.978222263762976,112.33,125.3445,0.044575913302644626
NVDA,2025-03-12,114.12,116.76,112.88,115.74,0.06417800662008077,3.8800000000000097,3.3999298983526196,112.57000000000001,124.90283333333333,0.04279561213275257
NVDA,2025-03-13,117.03,117.75,113.79,115.708,-0.00027648176948325,3.9599999999999937,3.383747756985383,112.534,124.63643333333333,0.042363471487968346
NVDA,2025-03-14,118.61,121.88,118.164,121.55,0.050489162374252494,3.715999999999994,3.1329567490093533,113.14114285714287,124.53310000000002,0.04642396489193267
NVDA,2025-03-17,122.74,122.89,118.03,119.48,-0.017030028794734586,4.859999999999999,3.9595893759165715,114.41542857142858,124.51343333333332,0.03915559561444787
NVDA,2025-03-18,118.0,119.02,114.54,115.529,-0.03306829594911287,4.47999999999999,3.796610169491517,114.82100000000001,124.47573333333334,0.042357712500394176
NVDA,2025-03-19,117.27,120.445,115.68,117.52,0.017233768144794714,4.764999999999986,4.063272789289662,116.32671428571429,124.43806666666666,0.034758241557289085
NVDA,2025-03-20,116.55,120.2,116.47,118.53,0.008594281824370276,3.730000000000004,3.200343200343204,117.72242857142858,124.22806666666666,0.03479033813868471
NVDA,2025-03-21,116.94,117.99,115.42,117.65,-0.007424280772800107,2.569999999999993,2.1977082264409042,117.99528571428573,123.8604,0.02680100035054817
NVDA,2025-03-24,119.88,122.22,119.34,121.41,0.031959201019974515,2.8799999999999955,2.4024024024023984,118.80985714285714,123.5794,0.02890234073134847
NVDA,2025-03-25,120.545,121.29,118.92,120.69,-0.005930318754633013,2.3700000000000045,1.9660707619561197,118.687,123.15006666666666,0.02183839121150893
NVDA,2025-03-26,118.73,118.84,112.71,113.49,-0.05965697240865031,6.13000000000001,5.162974816811261,117.83128571428571,122.5064,0.031096200284753718
NVDA,2025-03-27,111.35,114.45,110.66,111.43,-0.01815137897612118,3.7900000000000063,3.4036820835204367,117.24571428571429,121.8494,0.029472689644051007
NVDA,2025-03-28,111.485,112.84,109.07,109.67,-0.015794669299111552,3.7700000000000102,3.3816208458537114,116.12428571428572,120.9954,0.027968760569092904
NVDA,2025-03-31,105.13,108.96,103.65,108.77,-0.008206437494301166,5.309999999999988,5.050889375059439,114.73,119.99273333333333,0.026857389992888173
NVDA,2025-04-01,108.515,110.2,106.51,110.15,0.01268732187183974,3.6899999999999977,3.4004515504768906,113.65857142857143,119.01773333333334,0.02844319380184185
NVDA,2025-04-02,107.29,111.98,106.79,110.42,0.002451202905129346,5.189999999999998,4.837356696803054,112.08857142857143,118.05739999999999,0.023030380224950922
NVDA,2025-04-03,103.53,105.63,101.6,101.835,-0.07774859626879194,4.030000000000001,3.892591519366368,109.395,116.78156666666665,0.03305322990896332
NVDA,2025-04-04,98.858,100.13,92.11,94.32,-0.07379584622182944,8.019999999999996,8.112646422140845,106.65642857142858,115.44456666666666,0.035937928807303135
NVDA,2025-04-07,87.5,101.75,86.68,97.71,0.03594147582697205,15.069999999999993,17.222857142857134,104.69642857142857,114.35889999999999,0.042920776703712846
NVDA,2025-04-08,103.805,105.82,94.46,96.71,-0.010234367004400724,11.36,10.943596165887962,102.845,113.3619,0.043015008199784065
NVDA,2025-04-09,98.89,115.1,97.9,114.33,0.18219418881191185,17.19999999999999,17.39306299929213,103.63928571428572,112.79690000000001,0.08710020571421748
NVDA,2025-04-10,109.37,110.85,103.01,107.7,-0.05799002886381521,7.839999999999989,7.1683276949803325,103.28928571428571,112.3819,0.09078425136749575
NVDA,2025-04-11,108.63,111.55,107.52,110.93,0.02999071494893224,4.030000000000001,3.709840743809262,103.36214285714286,111.91940000000001,0.09149620517585311
NVDA,2025-04-14,114.11,114.29,109.07,110.71,-0.001983232669251045,5.220000000000013,4.574533345017977,104.63000000000001,111.80773333333333,0.08441416143766706
NVDA,2025-04-15,110.97,113.615,110.52,112.2,0.013458585493631992,3.094999999999999,2.7890420834459753,107.1842857142857,111.68239999999999,0.07506266714361391
NVDA,2025-04-16,104.55,106.79,100.45,104.49,-0.06871657754010707,6.340000000000003,6.06408417025347,108.15285714285713,111.25540000000001,0.0830606873980205
NVDA,2025-04-17,104.45,104.47,100.06,101.425,-0.029332950521581025,4.409999999999997,4.222115844901864,108.82642857142856,110.9509,0.08423305259867403
NVDA,2025-04-21,98.77,99.44,95.04,96.91,-0.044515651959576075,4.3999999999999915,4.454793965779074,106.33785714285715,110.4249,0.03740713909915263
NVDA,2025-04-22,98.78,99.811,97.28,98.89,0.020431328036322416,2.531000000000006,2.562259566713916,105.07928571428572,110.15523333333334,0.036824740573384925
NVDA,2025-04-23,104.52,104.8,102.02,102.515,0.03665689149560114,2.780000000000001,2.6597780329123624,103.87714285714286,109.94706666666666,0.038139977219853204
NVDA,2025-04-24,103.475,106.54,103.11,106.43,0.03818953323903829,3.430000000000007,3.3148103406620026,103.26571428571428,109.63673333333332,0.04242894011242182
NVDA,2025-04-25,106.85,111.92,105.73,111.01,0.04303297942309503,6.189999999999998,5.793167992512867,103.0957142857143,109.48013333333333,0.04588553176129946
NVDA,2025-04-28,109.69,110.37,106.02,108.63,-0.0214395099540583,4.3500000000000085,3.9657215789953586,103.68714285714285,109.04946666666667,0.03676216723553227
NVDA,2025-04-29,107.67,110.2,107.44,109.02,0.0035901684617509755,2.760000000000005,2.5633881303984443,104.77214285714287,108.70080000000002,0.03342071403394664
NVDA,2025-04-30,104.47,108.9,104.16,108.7,-0.00293524124013933,4.740000000000009,4.537187709390264,106.45642857142856,108.47316666666667,0.024424723687433945
NVDA,2025-05-01,113.08,114.94,111.3,111.61,0.026770929162833523,3.6400000000000006,3.21896002829855,108.27357142857143,108.27616666666668,0.02469827223647936
NVDA,2025-05-02,114.18,115.4,113.37,114.42,0.02517695546993992,2.030000000000001,1.7778945524610272,109.9742857142857,108.13916666666667,0.023585411130319738
NVDA,2025-05-05,112.905,114.665,112.66,113.82,-0.00524383848977461,2.0050000000000097,1.7758292369691417,111.03,108.0115,0.02247905991594745
NVDA,2025-05-06,111.48,114.74,110.822,113.54,-0.002460024600245858,3.917999999999992,3.5145317545748047,111.39142857142858,107.74916666666667,0.01725614906418776
NVDA,2025-05-07,113.045,117.68,112.282,117.06,0.03100228994187071,5.39800000000001,4.775089566102004,112.59571428571428,107.62816666666666,0.016040358011836172
NVDA,2025-05-08,118.25,118.68,115.88,117.37,0.0026482145908082177,2.8000000000000114,2.3678646934460987,113.78857142857143,107.7575,0.016115121076388496
NVDA,2025-05-09,117.35,118.225,115.25,116.65,-0.006134446621794298,2.9749999999999943,2.535151256923728,114.92428571428572,107.9315,0.016604485399627566
NVDA,2025-05-12,121.97,123.0,120.32,122.995,0.05439348478354056,2.680000000000007,2.197261621710262,116.55071428571429,108.37566666666666,0.023169230368094713
NVDA,2025-05-13,124.98,131.219,124.47,129.93,0.05638440587015725,6.748999999999995,5.400064010241635,118.76642857142858,109.08099999999999,0.028109712186159895
NVDA,2025-05-14,133.195,135.435,131.74,135.34,0.041637804971907943,3.694999999999993,2.7741281579638826,121.84071428571428,109.92066666666666,0.02703065595805881
NVDA,2025-05-15,134.295,136.3,132.66,134.85,-0.003620511304861851,3.640000000000015,2.710450873077937,124.885,110.735,0.027232474611620396
NVDA,2025-05-16,136.22,136.35,133.46,135.305,0.0033741193919170076,2.8899999999999864,2.121568051681094,127.49142857142859,111.85066666666667,0.028232967692561232
NVDA,2025-05-19,132.39,135.87,132.39,135.513,0.0015372676545581943,3.480000000000018,2.628597326082044,130.08328571428572,113.22376666666668,0.028357746225135132
NVDA,2025-05-20,134.29,134.58,132.63,134.387,-0.008309165910281746,1.950000000000017,1.4520813165537398,132.61714285714285,114.44633333333333,0.02871526742094068
NVDA,2025-05-21,133.06,137.4,130.59,131.813,-0.019153638372759407,6.810000000000002,5.117991883360892,133.87685714285715,115.61643333333333,0.0278033972176602
NVDA,2025-05-22,132.23,134.25,131.59,132.83,0.007715475711804087,2.6599999999999966,2.011646373742719,134.29114285714286,116.2331,0.019057927376843795
NVDA,2025-05-23,130.0,132.68,129.16,131.29,-0.011593766468418476,3.5200000000000102,2.7076923076923154,133.71257142857144,117.01943333333334,0.009378182331560111
NVDA,2025-05-27,134.15,135.66,133.31,135.5,0.03206641785360653,2.3499999999999943,1.751770406261643,133.80542857142856,117.83843333333333,0.016669893953894326
NVDA,2025-05-28,136.025,137.25,134.79,134.81,-0.0050922509225092005,2.460000000000008,1.808491086197396,133.7347142857143,118.64176666666665,0.016759343655821882
NVDA,2025-05-29,142.245,143.49,137.91,139.178,0.032401157184185125,5.5800000000000125,3.922809237583052,134.2582857142857,119.54103333333335,0.020902931404216066
NVDA,2025-05-30,138.715,139.62,132.92,134.84,-0.03116871919412545,6.700000000000017,4.830047219118348,134.323,120.55269999999999,0.024605184892528463
NVDA,2025-06-02,135.49,138.115,135.4,137.38,0.01883714031444672,2.7150000000000034,2.003837921617834,135.11828571428572,121.7512,0.023657671637217898
NVDA,2025-06-03,138.78,142.0,137.95,141.4,0.029261901295676296,4.050000000000011,2.9182879377431985,136.34257142857143,123.23420000000002,0.02524146678031937
NVDA,2025-06-04,142.19,142.39,139.545,141.92,0.003677510608203649,2.844999999999999,2.0008439412054284,137.86114285714285,124.66853333333333,0.02375650875125644
NVDA,2025-06-05,142.17,144.0,138.83,139.95,-0.013881059751972957,5.1699999999999875,3.636491524231545,138.49685714285712,125.91636666666666,0.023448774129717288
NVDA,2025-06-06,142.51,143.27,141.51,141.688,0.012418720971775654,1.7600000000000193,1.2350010525577289,139.47942857142857,127.09163333333335,0.02314185850334304
NVDA,2025-06-09,143.19,145.0,141.94,142.63,0.006648410592287268,3.0600000000000023,2.1370207416719063,139.97257142857143,128.14563333333334,0.020380436588148438
NVDA,2025-06-10,142.69,144.29,141.525,143.96,0.009324826474093939,2.7649999999999864,1.9377671876094935,141.27542857142856,129.3233,0.013385097409941723
NVDA,2025-06-11,144.61,144.99,141.87,142.83,-0.007849402611836642,3.1200000000000045,2.157527141968055,142.054,130.4503,0.014055990121667094
NVDA,2025-06-12,141.97,145.0,141.85,145.0,0.015192886648463189,3.1500000000000057,2.2187786152003985,142.56828571428574,131.6603,0.010730780087386238
NVDA,2025-06-13,142.48,143.58,140.855,141.97,-0.020896551724137957,2.7250000000000227,1.9125491297024306,142.57542857142855,132.6723,0.014183522951205237
NVDA,2025-06-16,143.345,146.175,143.2,144.69,0.019158977248714404,2.9750000000000227,2.075412466427167,143.25257142857143,133.6813,0.0142385945523609
NVDA,2025-06-17,144.49,145.22,143.78,144.12,-0.003939456769645355,1.4399999999999977,0.9966087618520296,143.6,134.6913,0.014132651580470381
NVDA,2025-06-18,144.005,145.65,143.12,145.48,0.009436580627254942,2.530000000000001,1.7568834415471695,144.00714285714284,135.75596666666667,0.014306618799058568
NVDA,2025-06-20,145.45,146.2,142.65,143.78,-0.011685455045367,3.549999999999983,2.440701271914736,143.98142857142858,136.64663333333334,0.014928937130983987
NVDA,2025-06-23,142.5,144.78,142.03,144.17,0.002712477396021651,2.75,1.9298245614035088,144.17285714285714,137.53996666666666,0.014541920841019535
NVDA,2025-06-24,145.56,147.96,145.5,147.9,0.025872234167996222,2.460000000000008,1.6900247320692552,144.58714285714285,138.58163333333331,0.016636361205419514
NVDA,2025-06-25,149.27,154.45,149.27,154.31,0.04334009465855315,5.179999999999978,3.47022174582969,146.35,139.62546666666668,0.01885768225090429
NVDA,2025-06-26,155.975,156.715,154.0,155.02,0.004601127600285082,2.7150000000000034,1.7406635678794702,147.82571428571427,140.4618,0.01875550636010672
NVDA,2025-06-27,156.04,158.71,155.255,157.74,0.017546123080892873,3.4550000000000125,2.214175852345561,149.77142857142857,141.20846666666665,0.01781960537614211
NVDA,2025-06-30,158.4,158.66,155.96,157.99,0.001584886522125073,2.6999999999999886,1.7045454545454475,151.5585714285714,141.9798,0.018329741485204828
NVDA,2025-07-01,156.29,157.2,151.49,153.3,-0.029685423128046118,5.7099999999999795,3.6534647130334506,152.91857142857143,142.57963333333333,0.02289875570520218
NVDA,2025-07-02,152.98,157.6,152.97,157.25,0.025766470971950284,4.6299999999999955,3.0265394169172413,154.78714285714287,143.3042,0.023424346491136065
NVDA,2025-07-03,158.37,160.98,157.77,159.288,0.012960254372019087,3.2099999999999795,2.0268990339079243,156.41400000000002,144.13423333333333,0.022713454297392677
NVDA,2025-07-07,158.2,159.31,157.342,158.24,-0.006579277786148419,1.9679999999999893,1.2439949431099808,156.97542857142858,145.01513333333335,0.018211351680570472
NVDA,2025-07-08,159.33,160.22,158.39,160.008,0.011172901921132405,1.8300000000000125,1.1485595932969388,157.68800000000002,145.92106666666666,0.01843108847594619
NVDA,2025-07-09,161.22,164.42,161.16,162.88,0.017949102544872586,3.259999999999991,2.0220816275896234,158.42228571428572,146.97406666666666,0.018478538052262745
NVDA,2025-07-10,164.32,164.5,161.61,164.1,0.007490176817288807,2.8899999999999864,1.7587633885102156,159.29514285714285,147.9274,0.01844534207637677
NVDA,2025-07-11,164.92,164.92,164.92,164.92,0.004996953077391897,0.0,0.0,160.95514285714287,148.93106666666665,0.010215142347308763
NVDA,2025-07-14,165.37,165.49,162.02,164.07,-0.005154014067426549,3.469999999999999,2.098324968253008,161.9294285714286,149.76080000000002,0.009162989240440636
NVDA,2025-07-15,171.19,172.4,169.195,170.7,0.04040958127628458,3.2050000000000125,1.8721887960745445,163.5597142857143,150.95613333333333,0.015943343494300963
NVDA,2025-07-16,171.06,171.75,168.9,171.356,0.003842999414176873,2.8499999999999943,1.666082076464395,165.43342857142858,152.08866666666665,0.014559131082743646
NVDA,2025-07-17,172.02,174.16,170.83,173.0,0.009594061486029037,3.329999999999984,1.9358214161143958,167.28942857142857,153.142,0.014577796951850379
NVDA,2025-07-18,173.64,174.25,171.26,172.41,-0.003410404624277441,2.990000000000009,1.721953466943106,168.65085714285715,154.15833333333333,0.015178158894012354
NVDA,2025-07-21,172.75,173.38,171.0,171.38,-0.005974131430891538,2.3799999999999955,1.3777134587554243,169.69085714285714,155.206,0.016115126700660874
NVDA,2025-07-22,171.34,171.39,164.58,167.01,-0.0254988913525499,6.809999999999974,3.974553519318299,169.98942857142856,156.05006666666668,0.020151862374897838
NVDA,2025-07-23,169.53,171.26,167.97,170.78,0.0225734985928987,3.289999999999992,1.940659470300237,170.948,156.9884,0.021214598361327032
NVDA,2025-07-24,172.44,173.83,171.3,173.74,0.0173322403091698,2.530000000000001,1.4671769890976578,171.3822857142857,157.98106666666666,0.016153535590229032
NVDA,2025-07-25,173.61,174.72,172.96,173.5,-0.001381374467595342,1.759999999999991,1.0137664881055184,171.6885714285714,159.0034,0.016209125888380534
NVDA,2025-07-28,174.02,177.0,173.97,176.769,0.018841498559077907,3.030000000000001,1.7411791748074938,172.227,160.06236666666666,0.01728287044031773
NVDA,2025-07-29,177.96,179.38,175.02,175.51,-0.007122289541718341,4.359999999999985,2.449988761519434,172.66985714285713,161.18036666666666,0.017574399011173854
NVDA,2025-07-30,176.51,179.89,176.04,179.27,0.021423280724745197,3.8499999999999943,2.181179536570163,173.79700000000003,162.33303333333333,0.018358739180852162
NVDA,2025-07-31,182.9,183.3,175.93,177.87,-0.007809449433814897,7.3700000000000045,4.029524330235104,175.34842857142857,163.45803333333333,0.013874513902797184
NVDA,2025-08-01,174.09,176.54,170.89,173.59,-0.02406251756901112,5.650000000000006,3.24544775690735,175.74985714285714,164.39503333333332,0.01714946550653305
NVDA,2025-08-04,175.16,180.2,174.52,180.0,0.03692609021256987,5.679999999999978,3.242749486184048,176.64414285714287,165.60236666666665,0.02112068301930078
NVDA,2025-08-05,179.62,180.26,175.9,178.26,-0.009666666666666712,4.359999999999985,2.4273466206435725,177.32414285714285,166.7387,0.021776819394366997
NVDA,2025-08-06,176.325,179.9,176.25,179.42,0.006507348816335634,3.6500000000000057,2.070041117255072,177.70285714285714,167.78936666666667,0.020862767529350484
NVDA,2025-08-07,181.57,183.88,178.795,180.77,0.007524244788764012,5.085000000000008,2.800572781847226,178.45428571428573,168.67136666666667,0.020489822159028465
NVDA,2025-08-08,181.55,183.295,180.4,182.735,0.01087016650992978,2.894999999999982,1.5946020380060488,178.9492857142857,169.5952,0.019387649548244876
NVDA,2025-08-11,182.05,183.84,180.25,182.11,-0.0034202533723698414,3.5900000000000034,1.9719857182092848,179.555,170.40753333333333,0.019051685837903863
NVDA,2025-08-12,182.96,184.48,179.46,183.105,0.005463730712206738,5.019999999999982,2.7437691298644413,180.91428571428574,171.24470000000002,0.014696464417775734
NVDA,2025-08-13,182.615,183.97,179.35,181.545,-0.008519701810436597,4.6200000000000045,2.5299126577772935,181.13500000000002,172.1862,0.00830402446950516
NVDA,2025-08-14,179.75,183.02,179.46,182.02,0.0026164311878598134,3.5600000000000023,1.9805285118219762,181.6721428571429,173.01186666666666,0.006768183325219743
NVDA,2025-08-15,181.88,181.9,178.042,180.45,-0.00862542577738723,3.858000000000004,2.1211787992082716,181.81928571428574,173.71726666666666,0.007801344993659384
NVDA,2025-08-18,180.6,182.938,180.59,182.01,0.008645054031587662,2.3479999999999848,1.3001107419711988,181.99642857142857,174.50959999999998,0.007970955975532346
NVDA,2025-08-19,182.43,182.5,175.49,175.64,-0.0349980770287347,7.009999999999991,3.842569752781884,180.9828571428571,175.03066666666666,0.014603052396104113
NVDA,2025-08-20,175.165,176.0,168.801,175.4,-0.0013664313368252357,7.199000000000012,4.109839294379592,180.02428571428572,175.44799999999998,0.014673398630835457
NVDA,2025-08-21,174.85,176.9,173.81,174.98,-0.0023945267958951355,3.0900000000000034,1.7672290534744086,178.86357142857145,175.8106666666667,0.014001919159446803
NVDA,2025-08-22,172.61,178.59,171.2,177.99,0.017201965938964614,7.390000000000015,4.281327848907951,178.35571428571424,176.24633333333335,0.01649854057377564
NVDA,2025-08-25,178.35,181.91,176.57,179.829,0.010332041125906022,5.340000000000003,2.994112699747689,178.04271428571428,176.7716333333333,0.01715771274706924
NVDA,2025-08-26,180.055,182.39,178.81,181.77,0.010793587241212599,3.579999999999984,1.9882813584737906,178.23128571428575,177.14063333333334,0.017400794259325614
NVDA,2025-08-27,181.98,182.49,179.1,181.513,-0.0014138746767893284,3.390000000000015,1.8628420705572124,178.1602857142857,177.47920000000002,0.01709356168455119
NVDA,2025-08-28,180.82,184.47,176.41,180.119,-0.007679890696534186,8.060000000000002,4.457471518637321,178.80014285714287,177.7165,0.009083369242083719
NVDA,2025-08-29,178.11,178.15,173.145,174.111,-0.033355725936741853,5.0049999999999955,2.8100611981359807,178.61599999999999,177.7732,0.016794899778500415
NVDA,2025-09-02,170.0,172.379,167.22,170.741,-0.019355468637822892,5.158999999999992,3.0347058823529363,178.01042857142855,177.7519,0.018205482948884803
NVDA,2025-09-03,171.06,172.41,168.875,170.62,-0.0007086757135076338,3.5349999999999966,2.0665263650181203,176.95757142857147,177.87223333333336,0.015954433081725544
NVDA,2025-09-04,170.57,171.86,169.41,171.66,0.006095416715508062,2.450000000000017,1.436360438529646,175.7905714285714,177.9015666666667,0.015302525947458352
NVDA,2025-09-05,168.03,169.03,164.07,167.02,-0.027030175929162237,4.960000000000008,2.9518538356245956,173.68342857142858,177.67756666666668,0.014841946046842604
NVDA,2025-09-08,167.55,170.96,167.35,168.33,0.007843372051251407,3.6100000000000136,2.1545807221724935,171.80014285714287,177.50523333333334,0.01627724490536657
NVDA,2025-09-09,169.09,170.98,166.74,170.753,0.014394344442464124,4.239999999999981,2.5075403631202207,170.46214285714288,177.30470000000003,0.018868917707751575
NVDA,2025-09-10,176.64,179.29,175.47,177.27,0.03816624012462455,3.819999999999993,2.1625905797101415,170.91342857142857,177.36336666666665,0.021658349810872553
NVDA,2025-09-11,179.68,180.28,176.48,177.17,-0.000564111242737142,3.8000000000000114,2.114870881567237,171.83185714285716,177.29336666666666,0.019517337588151128
NVDA,2025-09-12,177.77,178.595,176.45,177.8,0.0035559067562229707,2.1450000000000102,1.2066152894189177,172.85757142857142,177.29103333333333,0.019358729547395776
NVDA,2025-09-15,175.67,178.28,174.51,177.749,-0.0002868391451069652,3.7700000000000102,2.1460693345477377,173.7274285714286,177.4296666666667,0.019506833394377473
NVDA,2025-09-16,177.0,177.5,174.38,174.839,-0.016371400120394508,3.1200000000000045,1.7627118644067825,174.84442857142858,177.25763333333333,0.016804705646190597
NVDA,2025-09-17,172.64,173.2,168.41,170.207,-0.02649294493791432,4.789999999999992,2.774559777571821,175.11257142857144,176.9892,0.02091583503114547
NVDA,2025-09-18,173.98,177.1,172.96,176.28,0.03568008366283415,4.139999999999986,2.3795838602138097,175.90214285714288,176.88453333333334,0.02432611231873323
NVDA,2025-09-19,175.77,178.08,175.18,176.597,0.0017982754708418813,2.9000000000000057,1.6498833703134808,175.806,176.74543333333332,0.01940025413772272
NVDA,2025-09-22,175.3,184.55,174.705,183.61,0.03971188638538603,9.844999999999999,5.616086708499714,176.72599999999997,176.77460000000002,0.024610465414342763
NVDA,2025-09-23,181.97,182.42,177.0,178.43,-0.028211971025543292,5.4199999999999875,2.978512941693679,176.816,176.65193333333335,0.027731996660780807
NVDA,2025-09-24,179.77,179.78,175.4,176.899,-0.00858039567337332,4.3799999999999955,2.4364465706180094,176.69457142857144,176.44506666666666,0.027963977996952483
NVDA,2025-09-25,174.48,180.26,173.125,177.66,0.004301889778913326,7.134999999999991,4.089293901879866,177.09757142857143,176.31556666666665,0.027067512758726642
NVDA,2025-09-26,178.17,179.77,174.93,178.19,0.002983226387481608,4.840000000000003,2.7165067070775124,178.238,176.1879,0.023893760565286287
NVDA,2025-09-29,180.425,184.0,180.32,181.877,0.020691396823615316,3.680000000000007,2.039628654565613,179.03757142857143,176.23546666666664,0.02141900819025919
NVDA,2025-09-30,182.08,187.35,181.48,186.575,0.02583064378673483,5.8700000000000045,3.223857644991215,180.463,176.38763333333333,0.02276558848816891
NVDA,2025-10-01,185.24,188.14,183.9,187.21,0.0034034570548038268,4.239999999999981,2.2889224789462213,180.9772857142857,176.77329999999998,0.018001509864579227
NVDA,2025-10-02,189.6,191.05,188.06,188.94,0.009240959350462097,2.990000000000009,1.5770042194092875,182.4787142857143,177.22463333333334,0.011654219330680409
NVDA,2025-10-03,189.19,190.36,185.38,187.62,-0.006986344871387717,4.980000000000018,2.6322744331095818,184.0102857142857,177.64596666666665,0.011279707196230717
NVDA,2025-10-06,185.5,187.23,183.33,185.54,-0.011086238140923244,3.8999999999999773,2.1024258760107695,185.136,177.89763333333335,0.013511764634393011
NVDA,2025-10-07,186.23,189.06,184.0,185.04,-0.002694836692896385,5.060000000000002,2.717070289427054,186.11457142857145,178.07133333333334,0.013908449946867725
NVDA,2025-10-08,186.57,189.6,186.54,189.11,0.021995244271509007,3.0600000000000023,1.640135069946938,187.14785714285716,178.31599999999997,0.014152615643677879
NVDA,2025-10-09,192.225,195.3,191.06,192.57,0.018296229707577494,4.240000000000009,2.205748471842897,188.00428571428571,178.68456666666668,0.012560967352842371
NVDA,2025-10-10,193.505,195.62,182.05,183.16,-0.048865347665783876,13.569999999999993,7.012738688922764,187.4257142857143,178.78593333333336,0.023850291847331315
NVDA,2025-10-13,187.965,190.1099,185.96,188.32,0.0281720899759772,4.149900000000002,2.207804644481687,187.33714285714285,179.25956666666667,0.026390693412710355
NVDA,2025-10-14,184.77,184.8,179.7,180.00805,-0.044137372557349175,5.100000000000023,2.7601883422633664,186.24972142857146,179.56846833333336,0.031274401050908895
NVDA,2025-10-15,184.8,184.87,177.29,179.83,-0.000989122430913425,7.5800000000000125,4.101731601731609,185.43400714285715,179.87546833333332,0.031205201964328848
NVDA,2025-10-16,182.23,183.28,179.77,181.81,0.011010398709892621,3.509999999999991,1.92613729901772,184.97257857142858,180.21380166666665,0.031728632477075136
NVDA,2025-10-17,180.18,184.1,179.75,183.22,0.007755348990704514,4.349999999999994,2.414252414252411,184.13115,180.75380166666667,0.030355002280583118
NVDA,2025-10-20,183.13,185.2,181.737,182.64,-0.0031655932758433147,3.462999999999994,1.891006388904054,182.71257857142857,181.23080166666668,0.02875668997516072
NVDA,2025-10-21,182.785,182.785,179.8,181.121,-0.0083169075777485,2.984999999999985,1.6330661706376264,182.42129285714284,181.57640166666667,0.022323221500285567
NVDA,2025-10-22,181.14,183.44,176.76,180.28,-0.004643304752071864,6.680000000000007,3.6877553273710983,181.27272142857143,181.676735,0.018135325081228247
NVDA,2025-10-23,180.42,183.03,179.7901,182.16,0.010428222764588435,3.2399000000000058,1.795754350958877,181.58014285714285,181.84306833333332,0.007863517010875405
NVDA,2025-10-24,183.835,187.47,183.5,186.2,0.022178304787000336,3.969999999999999,2.1595452443767504,182.49014285714287,182.12306833333332,0.010841880124374476
NVDA,2025-10-27,189.99,192.0,188.4318,191.49,0.028410311493018314,3.5681999999999903,1.8780988473077478,183.87300000000002,182.58110166666668,0.013980460675857235
NVDA,2025-10-28,193.05,203.15,191.91,201.03,0.04981983393388689,11.240000000000009,5.822325822325826,186.41728571428573,183.454135,0.021248878895260077
NVDA,2025-10-29,207.98,212.1899,204.775,207.04,0.02989603541759922,7.414899999999989,3.565198576786224,189.903,184.68190166666668,0.020583294890258383
NVDA,2025-10-30,205.15,206.16,201.41,202.8099,-0.020431317619783562,4.75,2.315378990982208,193.00141428571428,185.56623166666668,0.023493219692089857
NVDA,2025-10-31,206.45,207.97,202.07,202.461,-0.0017203302205660576,5.900000000000006,2.857834826834588,196.1701285714286,186.428365,0.023076599847871488
NVDA,2025-11-03,208.08,211.335,205.56,207.03,0.022567309259561075,5.775000000000006,2.775374855824685,199.7229857142857,187.20903166666668,0.02296150906590587
NVDA,2025-11-04,203.0,203.9699,197.93,198.69,-0.04028401680915816,6.039899999999989,2.9753201970443297,201.5072714285714,187.884365,0.03180625780711004
NVDA,2025-11-05,198.77,202.92,194.65,195.21,-0.017514721425335944,8.269999999999982,4.160587613825014,202.0387,188.49473166666667,0.03205148844502127
NVDA,2025-11-06,196.42,197.62,186.38,188.08,-0.03652476819835049,11.240000000000009,5.722431524284701,200.18869999999998,188.842065,0.027391367257832096
NVDA,2025-11-07,184.9,188.32,178.91,188.15,0.00037218205019140527,9.409999999999997,5.089237425635477,197.49012857142858,189.174065,0.022149494583564917
NVDA,2025-11-10,195.11,199.94,193.79,199.05,0.05793250066436362,6.150000000000006,3.1520680641689327,196.953,189.74649833333334,0.03439791357971254
NVDA,2025-11-11,195.155,195.42,191.3,193.16,-0.029590555136900343,4.119999999999976,2.111142425251711,195.62428571428572,189.96599833333337,0.03591694993790481
NVDA,2025-11-12,195.72,195.89,191.13,193.85,0.0035721681507558944,4.759999999999991,2.43204577968526,193.74142857142857,190.18733166666667,0.034055098600515574
NVDA,2025-11-13,191.05,191.44,183.85,186.97,-0.03549135929842662,7.590000000000003,3.972781994242346,192.06714285714287,190.121665,0.03335915943779488
NVDA,2025-11-14,182.86,191.01,180.58,190.27,0.017649890356741693,10.429999999999978,5.703817127857365,191.36142857142858,190.20999833333332,0.03435171548056822
NVDA,2025-11-17,185.965,189.0,184.32,186.691,-0.018810111946181762,4.680000000000007,2.5166025865082173,191.163,190.248365,0.03205965214061432
NVDA,2025-11-18,183.375,184.8,179.65,181.36,-0.028555206196335114,5.150000000000006,2.808452624403548,190.19299999999998,190.12569833333333,0.03373071829734564
NVDA,2025-11-19,184.79,187.855,182.8301,186.775,0.029857741508601654,5.024900000000002,2.7192488771037406,188.43942857142858,190.047865,0.02576246252952536
NVDA,2025-11-20,195.95,196.0,179.85,180.91,-0.031401418819435145,16.150000000000006,8.241898443480483,186.68942857142858,189.65919833333334,0.026014277074336244
NVDA,2025-11-21,181.235,184.56,172.93,178.88,-0.01122104914045663,11.629999999999995,6.417082793058733,184.55085714285715,189.51653166666665,0.025414277386996996
NVDA,2025-11-24,179.49,183.48,176.48,182.55,0.02051654740608244,7.0,3.8999387152487603,183.91942857142857,189.32419833333333,0.025285697359723906
NVDA,2025-11-25,174.91,178.16,169.55,177.82,-0.025910709394686537,8.609999999999985,4.922531587673652,182.14085714285716,189.25126333333336,0.02466986527822616
NVDA,2025-11-26,181.63,182.91,178.24,180.26,0.013721741086492045,4.6699999999999875,2.571161151792098,181.22214285714287,189.26559666666665,0.025638272146736977
NVDA,2025-11-28,179.01,179.29,176.5,176.98,-0.01819593919893492,2.789999999999992,1.5585721468074365,180.5964285714286,189.10459666666668,0.02429656430097748
NVDA,2025-12-01,174.76,180.3,173.68,179.92,0.016612046558933224,6.6200000000000045,3.7880521858548892,179.61714285714285,188.9945966666667,0.021662929017493917
NVDA,2025-12-02,181.76,185.66,180.0,181.31,0.007725655847043322,5.659999999999997,3.1139964788732377,179.67428571428567,188.9502633333333,0.018581901631537112
NVDA,2025-12-03,181.08,182.42,179.1101,179.551,-0.00970161601676689,3.309899999999999,1.827866136514247,179.77014285714287,188.89793,0.01843091536331484
NVDA,2025-12-04,181.62,184.515,179.96,183.453,0.021731987012046705,4.554999999999978,2.5079837022354248,179.89914285714286,189.00369666666666,0.018653309205625784
NVDA,2025-12-05,183.89,184.66,180.91,182.41,-0.005685379906570143,3.75,2.0392626026428844,180.55485714285712,189.01202999999998,0.015031200478629228
NVDA,2025-12-08,182.64,188.0,182.4,185.5745,0.017348281344224503,5.599999999999994,3.066141042487952,181.31407142857142,188.99118,0.015487972428280306
NVDA,2025-12-09,185.56,185.7167,183.32,184.97,-0.0032574518589568724,2.39670000000001,1.291603793921109,182.45549999999997,188.77384666666663,0.012646229151902449
NVDA,2025-12-10,184.965,185.48,182.035,183.74,-0.006649726982753901,3.444999999999993,1.8625145297758998,183.00121428571427,188.19751333333335,0.012570433125703226
NVDA,2025-12-11,180.275,181.32,176.62,180.965,-0.015102862740829504,4.699999999999989,2.6071279988905776,182.9519285714286,187.32834666666668,0.014037839638818493
NVDA,2025-12-12,181.11,182.82,174.62,175.02,-0.03285165639764587,8.199999999999989,4.527635138865875,182.30464285714285,186.40201666666664,0.018628855297996724
NVDA,2025-12-15,177.936,178.415,175.03,176.29,0.0072563135641638965,3.384999999999991,1.9023693912417896,181.28135714285713,185.52965,0.015976299459335964
NVDA,2025-12-16,176.26,178.195,174.9,177.72,0.008111634239037935,3.2949999999999875,1.869397480993979,180.61135714285714,184.55265,0.016789110629417472
NVDA,2025-12-17,176.1,176.13,170.31,170.94,-0.038149898717083075,5.819999999999993,3.304940374787049,178.5207142857143,183.62765,0.018289196487123315
NVDA,2025-12-18,174.53,176.15,171.82,173.998,0.017889317889317802,4.3300000000000125,2.4809488340113517,176.95328571428576,182.92058333333335,0.021368765665299026
NVDA,2025-12-19,176.665,181.07,176.34,180.97,0.04006942608535735,4.72999999999999,2.677383748903286,176.5575714285714,182.68358333333333,0.028235490476939993
NVDA,2025-12-22,183.92,184.16,182.35,183.69,0.015030115488755103,1.8100000000000023,0.9841235319704232,176.94685714285714,182.53491666666665,0.02817079017892067
NVDA,2025-12-23,182.97,189.33,182.9,189.21,0.03005062877674347,6.430000000000007,3.5142373066622983,178.974,182.20691666666667,0.024860333112274216
NVDA,2025-12-24,187.94,188.91,186.59,188.61,-0.0031710797526557366,2.319999999999993,1.2344365222943456,180.73399999999998,182.05524999999997,0.025459750555265864
NVDA,2025-12-26,189.92,192.69,188.0,190.53,0.010179735963098402,4.689999999999998,2.4694608256107826,182.56400000000002,181.94458333333336,0.02544650967866319
NVDA,2025-12-29,187.71,188.755,185.91,188.22,-0.012124074948826946,2.844999999999999,1.5156358212135734,185.03257142857143,181.98624999999998,0.018006167728468015
NVDA,2025-12-30,188.24,188.99,186.93,187.54,-0.0036127935394750788,2.0600000000000023,1.0943476413089686,186.96714285714285,181.89525,0.019034621960508258
NVDA,2025-12-31,189.57,190.56,186.49,186.5,-0.005545483630158832,4.069999999999993,2.14696418209632,187.7571428571429,181.88888333333333,0.014707386234656498
NVDA,2026-01-02,189.835,192.9299,188.26,188.85,0.012600536193029477,4.669900000000013,2.4599784022967377,188.49428571428572,182.13855,0.014440996764585474
NVDA,2026-01-05,191.76,193.63,186.15,188.12,-0.003865501720942466,7.47999999999999,3.9007092198581503,188.3385714285714,182.18338333333335,0.00888644895719105
NVDA,2026-01-06,190.52,192.174,186.82,187.275,-0.00449181373591323,5.354000000000013,2.81020365315978,188.14785714285713,182.39555,0.008959122678078493
NVDA,2026-01-07,188.57,191.37,186.56,189.175,0.010145507942864729,4.810000000000002,2.550776899825,187.9542857142857,182.73871666666668,0.0089520233628396
NVDA,2026-01-08,189.11,189.55,183.71,185.0,-0.02206951235628396,5.840000000000003,3.0881497541113654,187.49428571428572,182.82038333333333,0.011454138039950495
NVDA,2026-01-09,185.08,186.34,183.6701,184.825,-0.0009459459459459918,2.6699000000000126,1.442565377134219,187.10642857142855,183.05388333333332,0.011451643450083239
NVDA,2026-01-12,183.22,187.12,183.0201,184.912,0.00047071554172872787,4.099899999999991,2.2376923916602944,186.8795714285714,183.20895000000002,0.0113688181920597
NVDA,2026-01-13,184.995,188.1099,183.4,185.805,0.004829324219087994,4.709900000000005,2.5459607016405874,186.44457142857144,183.50311666666667,0.010110328516444575
NVDA,2026-01-14,184.32,184.46,180.8,183.14,-0.014342993999085119,3.6599999999999966,1.9856770833333315,185.73314285714287,183.61045,0.011111030755093312
NVDA,2026-01-15,186.5,189.7,186.33,186.99,0.021022168832587118,3.369999999999976,1.806970509383365,185.69242857142856,183.79978333333335,0.014502719177788089
NVDA,2026-01-16,189.075,190.44,186.08,186.105,-0.00473287341569073,4.359999999999985,2.3059632420996885,185.25385714285716,184.01825,0.013820466138413695
NVDA,2026-01-20,181.9,182.375,177.61,178.22,-0.04236855538540063,4.764999999999986,2.619571192963159,184.28528571428572,183.84381666666667,0.01959481988553444
NVDA,2026-01-21,179.05,185.379,178.4,183.18,0.027830770957243844,6.978999999999985,3.8977939123149867,184.05028571428574,183.86948333333336,0.02329394904419487
NVDA,2026-01-22,184.75,186.17,183.93,184.73,0.008461622447865302,2.2399999999999807,1.2124492557510045,184.02428571428572,183.84133333333332,0.02357453068342942
NVDA,2026-01-23,187.5,189.6,186.8233,187.68,0.015969252422454394,2.7767000000000053,1.4809066666666695,184.29214285714284,183.9316666666667,0.024311489286163397
NVDA,2026-01-26,187.16,189.12,185.99,186.47,-0.006447144075021338,3.1299999999999955,1.6723658901474652,184.76785714285714,184.02266666666665,0.023616801039108744
NVDA,2026-01-27,187.24,190.0,185.7,188.515,0.010966911567544368,4.300000000000011,2.2965178380687945,184.9857142857143,184.27433333333332,0.0226094201141881
NVDA,2026-01-28,191.27,192.35,189.84,191.55,0.01609951462748338,2.509999999999991,1.3122810686464113,185.76357142857142,184.82533333333333,0.023037270039164594
NVDA,2026-01-29,191.34,193.48,186.06,192.43,0.004594100756982522,7.4199999999999875,3.8779136615448873,187.79357142857143,185.36333333333334,0.010691304652055453
NVDA,2026-01-30,191.21,194.49,189.47,191.285,-0.005950215662838487,5.02000000000001,2.6253857015846505,188.95142857142855,185.81550000000001,0.00941117792391991
NVDA,2026-02-02,187.2,190.3,184.88,185.61,-0.029667773217973092,5.420000000000016,2.895299145299154,189.07714285714286,186.30450000000002,0.016372304833245185
NVDA,2026-02-03,186.24,186.27,176.23,180.33,-0.028446743171165356,10.04000000000002,5.390893470790389,188.02714285714288,186.51556666666664,0.01803379006269193
NVDA,2026-02-04,179.46,179.58,171.91,174.1934,-0.03402983419286876,7.670000000000016,4.273932909840641,186.27334285714286,186.28968,0.02102738119934372
NVDA,2026-02-05,174.925,176.815,171.03,171.975,-0.012735270107822716,5.784999999999997,3.307131627840501,183.9104857142857,185.89918,0.018994155027246443
NVDA,2026-02-06,176.69,187.0,174.6,185.41,0.07812182003198131,12.400000000000006,7.01794102665686,183.03334285714286,185.77251333333334,0.03885062654932276
NVDA,2026-02-09,184.26,198.725,183.95,190.04,0.024971684375168612,14.775000000000006,8.018560729404106,182.6919142857143,185.82018000000002,0.04033829738990031
NVDA,2026-02-10,191.38,192.48,188.12,188.597,-0.007593138286676404,4.359999999999985,2.278189988504538,182.3079142857143,185.75574666666665,0.04037594790843989
NVDA,2026-02-11,192.45,193.26,188.77,190.005,0.00746565427869994,4.489999999999981,2.3330735255910526,182.93577142857143,185.81524666666667,0.03842609232678626
NVDA,2026-02-12,193.03,193.61,186.51,187.0,-0.015815373279650546,7.100000000000023,3.6781847381236195,183.8886285714286,185.79724666666667,0.036917338775099104
NVDA,2026-02-13,187.475,187.5,181.59,182.78,-0.02256684491978611,5.909999999999997,3.1524203227096934,185.1152857142857,185.67324666666667,0.03506549239964803
PYPL,2023-01-03,73.69,75.26,73.38,74.58,,1.8800000000000097,2.551228117790758,74.58,74.58,
PYPL,2023-01-04,76.11,78.48,75.43,77.69,0.04170018771788686,3.049999999999997,4.007357771646298,76.13499999999999,76.13499999999999,
PYPL,2023-01-05,77.3,77.32,75.65,76.27,-0.01827777062685032,1.6699999999999875,2.1604139715394406,76.17999999999999,76.17999999999999,0.042410821067287933
PYPL,2023-01-06,76.77,77.06,73.95,76.48,0.002753376163629362,3.1099999999999994,4.051061612609091,76.255,76.255,0.030431668682390108
PYPL,2023-01-09,77.0,78.765,76.53,77.08,0.007845188284518745,2.2349999999999994,2.9025974025974017,76.42,76.42,0.024851249586894428
PYPL,2023-01-10,76.9,78.02,76.5,77.92,0.01089776855215363,1.519999999999996,1.9765929778933629,76.67,76.67,0.021548394091993463
PYPL,2023-01-11,78.67,79.19,77.82,78.54,0.007956878850102767,1.3700000000000045,1.74145163340537,76.93714285714285,76.93714285714285,0.019278028281468216
PYPL,2023-01-12,79.01,80.3,77.1,79.78,0.015788133435192142,3.200000000000003,4.050120237944568,77.67999999999999,77.2925,0.017794749828455393
PYPL,2023-01-13,78.525,79.809,78.03,79.48,-0.003760340937578266,1.7789999999999964,2.2655205348615044,77.9357142857143,77.53555555555556,0.011341448286223589
PYPL,2023-01-17,80.14,80.665,78.88,80.18,0.008807247106190186,1.7850000000000108,2.227352133765923,78.49428571428572,77.8,0.006203515911564007
PYPL,2023-01-18,79.8,80.75,77.1213,77.31,-0.03579446245946627,3.628699999999995,4.547243107769417,78.61285714285715,77.75545454545455,0.01754112160722273
PYPL,2023-01-19,76.2605,77.42,75.96,76.75,-0.0072435648687103615,1.460000000000008,1.9144904636083007,78.5657142857143,77.67166666666667,0.017583881596575143
PYPL,2023-01-20,77.012,79.1,75.9001,79.09,0.030488599348534207,3.1998999999999995,4.15506674284527,78.73285714285714,77.78076923076922,0.020935870144631
PYPL,2023-01-23,77.83,79.72,76.66,79.5,0.005183967631811726,3.0600000000000023,3.931645894899142,78.87,77.90357142857144,0.020837447856375244
PYPL,2023-01-24,79.38,80.39,78.11,79.58,0.0010062893081761448,2.280000000000001,2.87226001511716,78.84142857142858,78.01533333333333,0.01992743236326915
PYPL,2023-01-25,78.56,79.55,77.3,79.1,-0.0060316662478010485,2.25,2.864052953156823,78.78714285714285,78.083125,0.020013610429442618
PYPL,2023-01-26,80.08,80.9,78.556,80.81,0.021618204804045638,2.3440000000000083,2.9270729270729374,78.87714285714286,78.24352941176471,0.021535698685430246
PYPL,2023-01-27,80.56,82.5348,80.32,81.83,0.01262220022274474,2.214800000000011,2.7492552135054753,79.52285714285713,78.44277777777778,0.014131921156558093
PYPL,2023-01-30,80.87,81.3598,79.535,79.64,-0.026762800928754715,1.8248000000000104,2.256460986768901,79.93571428571428,78.50578947368422,0.018837432639251132
PYPL,2023-01-31,79.7,82.47,79.61,81.49,0.023229532898041194,2.8599999999999994,3.5884567126725213,80.27857142857142,78.655,0.017371881231424573
PYPL,2023-02-01,81.34,83.6,79.58,82.91,0.017425450975579793,4.019999999999996,4.942217850995815,80.76571428571428,78.85761904761905,0.01806517701705402
PYPL,2023-02-02,86.72,88.625,84.65,86.96,0.04884814859486197,3.9749999999999943,4.5837177121771155,81.82000000000001,79.2259090909091,0.023899156858784843
PYPL,2023-02-03,85.39,87.84,85.2,85.52,-0.016559337626494863,2.6400000000000006,3.091696920014054,82.73714285714286,79.49956521739131,0.025568802595129756
PYPL,2023-02-06,83.33,83.8,82.135,82.33,-0.037301216089803524,1.664999999999992,1.9980799231969184,82.95428571428572,79.61749999999999,0.0308342643072907
PYPL,2023-02-07,82.06,83.67,80.8226,83.23,0.010931616664642263,2.8474000000000075,3.4699000731172402,83.1542857142857,79.762,0.03075350687127742
PYPL,2023-02-08,82.35,82.61,79.62,79.72,-0.042172293644118786,2.989999999999995,3.630843958712805,83.16571428571429,79.76038461538461,0.03364081359108752
PYPL,2023-02-09,81.73,81.8,78.095,78.42,-0.01630707476166582,3.7049999999999983,4.533219136180103,82.72714285714285,79.71074074074075,0.03251398155034263
PYPL,2023-02-10,79.37,82.85,78.6,80.8,0.030349400663095993,4.25,5.354668010583344,82.42571428571429,79.74964285714285,0.034317802599870155
PYPL,2023-02-13,80.65,80.71,78.44,79.45,-0.016707920792079167,2.269999999999996,2.814631122132667,81.35285714285715,79.73931034482759,0.0255907717517418
PYPL,2023-02-14,79.0,79.3727,76.3,77.26,-0.027564505978602827,3.0726999999999975,3.8894936708860723,80.17285714285715,79.65666666666667,0.026209558565861223
PYPL,2023-02-15,76.53,78.79,76.05,77.91,0.008413150401242353,2.740000000000009,3.5802953090291507,79.54142857142857,79.76766666666667,0.025141560133919265
PYPL,2023-02-16,76.87,78.72,76.54,76.73,-0.015145680913874915,2.1799999999999926,2.8359568101990273,78.61285714285714,79.73566666666667,0.02383980927047725
PYPL,2023-02-17,76.2,76.33,73.59,74.66,-0.026977714062296432,2.739999999999995,3.595800524934376,77.89,79.682,0.02109455175164198
PYPL,2023-02-21,73.71,75.57,73.682,75.24,0.007768550763461057,1.887999999999991,2.5613892280558828,77.43571428571428,79.64066666666666,0.02168461409144381
PYPL,2023-02-22,75.36,76.28,74.885,75.48,0.0031897926634769647,1.394999999999996,1.8511146496815234,76.67571428571429,79.58733333333333,0.015788709397213864
PYPL,2023-02-23,75.89,76.28,73.6259,75.19,-0.0038420773714892276,2.6540999999999997,3.4972987218342335,76.06714285714285,79.49633333333333,0.015567264298616877
PYPL,2023-02-24,73.5,74.03,72.98,73.55,-0.021811411091900546,1.0499999999999972,1.4285714285714246,75.53714285714285,79.33,0.014458378270329513
PYPL,2023-02-27,74.32,74.565,73.46,73.77,0.0029911624745071475,1.105000000000004,1.486813778256195,74.94571428571429,79.12966666666667,0.013621354327861948
PYPL,2023-02-28,73.53,74.34,73.13,73.6,-0.0023044598075098177,1.210000000000008,1.6455868353053282,74.49857142857142,78.93366666666665,0.013311012342682903
PYPL,2023-03-01,73.63,74.22,73.25,73.82,0.002989130434782661,0.9699999999999989,1.3173977998098587,74.37857142857142,78.72166666666666,0.00971999997464059
PYPL,2023-03-02,72.624,74.3699,72.6,74.1,0.003793010024383703,1.769900000000007,2.4370731438642967,74.21571428571428,78.61466666666666,0.009184521420853539
PYPL,2023-03-03,74.16,76.32,74.09,76.29,0.02955465587044559,2.2299999999999898,3.0070118662351533,74.33142857142856,78.59933333333333,0.015182710270425165
PYPL,2023-03-06,76.94,77.76,76.36,76.78,0.0064228601389433315,1.4000000000000057,1.8195996880686325,74.55857142857143,78.52233333333334,0.01506198637382622
PYPL,2023-03-07,76.54,77.38,74.79,74.91,-0.024355300859598916,2.589999999999989,3.383851580872732,74.75285714285714,78.36933333333333,0.015776691564133215
PYPL,2023-03-08,75.16,76.2,74.35,75.84,0.01241489787745298,1.8500000000000085,2.4614156466205546,75.04857142857144,78.24466666666667,0.01619936900877824
PYPL,2023-03-09,76.96,79.2651,75.725,75.93,0.0011867088607595555,3.5401000000000096,4.599922037422051,75.38142857142857,78.139,0.01602306180022436
PYPL,2023-03-10,75.94,75.94,73.1,73.43,-0.032925062557618845,2.8400000000000034,3.7397945746642134,75.32571428571428,77.893,0.02144649969315719
PYPL,2023-03-13,72.622,73.97,71.0856,72.61,-0.01116709791638304,2.8843999999999994,3.9717991793120535,75.11285714285714,77.58566666666667,0.02168468780768517
PYPL,2023-03-14,74.075,74.67,72.675,73.24,0.00867649084148181,1.9950000000000045,2.693216334795821,74.67714285714285,77.37233333333333,0.01755151268925067
PYPL,2023-03-15,72.11,73.94,71.77,73.91,0.009148006553795662,2.1700000000000017,3.0092913604215803,74.26714285714286,77.11966666666667,0.01789158421748833
PYPL,2023-03-16,73.435,74.505,72.52,74.35,0.005953186307671388,1.9849999999999994,2.703070742833798,74.18714285714286,76.83433333333332,0.016084527836008763
PYPL,2023-03-17,73.95,75.065,72.4783,72.99,-0.018291862811028903,2.5866999999999933,3.4979039891818706,73.78,76.36866666666668,0.016016343773809387
PYPL,2023-03-20,73.0,74.14,72.02,73.21,0.0030141115221262726,2.1200000000000045,2.904109589041102,73.39142857142858,75.95833333333333,0.016154857332701087
PYPL,2023-03-21,74.14,76.84,74.07,76.72,0.04794426990848244,2.7700000000000102,3.7361748044240763,73.86142857142856,75.77133333333333,0.021089423478642583
PYPL,2023-03-22,76.86,77.115,74.24,74.34,-0.031021897810218912,2.875,3.740567265157429,74.10857142857142,75.475,0.02485547748561258
PYPL,2023-03-23,72.95,74.51,71.71,72.56,-0.023944040893193463,2.8000000000000114,3.8382453735435385,74.01142857142858,75.23633333333333,0.026738641674891983
PYPL,2023-03-24,71.92,73.9,71.53,73.88,0.018191841234840078,2.3700000000000045,3.2953281423804293,74.00714285714285,75.085,0.027519393990532257
PYPL,2023-03-27,74.815,75.17,73.18,73.3,-0.007850568489442322,1.9899999999999949,2.659894406201958,73.85714285714286,74.83500000000001,0.027538311790484278
PYPL,2023-03-28,73.1,73.59,71.86,72.7,-0.008185538881309573,1.730000000000004,2.366621067031469,73.8157142857143,74.60999999999999,0.026778414162711185
PYPL,2023-03-29,73.21,74.3,73.0,74.18,0.020357634112792455,1.2999999999999972,1.7757137003141612,73.95428571428572,74.50733333333334,0.027910733908957156
PYPL,2023-03-30,74.93,75.18,73.9001,74.39,0.0028309517390130434,1.279900000000012,1.7081275857467129,73.62142857142858,74.39,0.01954631992831291
PYPL,2023-03-31,74.51,76.03,74.12,75.94,0.02083613388896355,1.9099999999999966,2.563414306804451,73.85000000000001,74.36366666666666,0.017410963115831
PYPL,2023-04-03,75.625,75.92,74.705,75.29,-0.008559388991308814,1.2150000000000034,1.6066115702479382,74.24000000000001,74.38466666666666,0.014066749552595513
PYPL,2023-04-04,75.46,75.69,74.73,75.26,-0.0003984592907424478,0.9599999999999937,1.2721971905645293,74.43714285714286,74.38533333333335,0.012954470548353796
PYPL,2023-04-05,75.11,75.11,73.115,73.61,-0.021923996811055058,1.9950000000000045,2.656104380242317,74.48142857142857,74.32300000000001,0.01567464982499458
PYPL,2023-04-06,73.27,75.0,72.28,74.96,0.018339899470180665,2.719999999999999,3.712296983758699,74.80428571428571,74.31533333333333,0.01635763062949233
PYPL,2023-04-10,74.46,74.855,73.46,74.52,-0.005869797225186768,1.3950000000000102,1.8734891216760814,74.85285714285715,74.34766666666665,0.0150726198942705
PYPL,2023-04-11,76.03,76.44,73.21,73.58,-0.012614063338700965,3.230000000000004,4.248323030382749,74.73714285714287,74.34133333333332,0.015828856943198293
PYPL,2023-04-12,73.94,75.7,73.35,73.5,-0.0010872519706441874,2.3500000000000085,3.1782526372734763,74.38857142857144,74.338,0.01250243625454964
PYPL,2023-04-13,73.71,75.56,73.56,75.52,0.02748299319727887,2.0,2.7133360466693803,74.42142857142858,74.39466666666665,0.01715144701634172
PYPL,2023-04-14,75.2,76.735,75.15,76.53,0.013373940677966267,1.5849999999999937,2.1077127659574386,74.60285714285715,74.47566666666667,0.01780064394943987
PYPL,2023-04-17,76.835,77.95,76.55,77.33,0.010453416960668926,1.4000000000000057,1.8220862888006844,75.13428571428572,74.51033333333334,0.014237743160780773
PYPL,2023-04-18,77.71,77.94,76.2101,76.42,-0.011767748609853856,1.7299000000000007,2.2260970274096006,75.34285714285714,74.49833333333332,0.014830723801447216
PYPL,2023-04-19,75.3,75.94,74.1,75.32,-0.014394137660298512,1.8400000000000034,2.4435590969455556,75.45714285714284,74.512,0.015972368556632557
PYPL,2023-04-20,74.4,74.97,73.47,73.58,-0.02310143388210295,1.5,2.0161290322580645,75.45714285714287,74.43666666666667,0.017906465334361917
PYPL,2023-04-21,73.4,74.24,72.92,74.18,0.008154389779831517,1.3199999999999932,1.7983651226157944,75.55428571428571,74.37833333333333,0.018140312197995265
PYPL,2023-04-24,74.41,74.8725,73.38,74.29,0.0014828794823402713,1.4925000000000068,2.00577879317297,75.37857142857142,74.407,0.01414519715332713
PYPL,2023-04-25,73.9,74.29,71.76,71.78,-0.03378651231659724,2.530000000000001,3.4235453315290947,74.7,74.37933333333334,0.016495341907087496
PYPL,2023-04-26,71.21,72.765,71.03,72.06,0.003900808024519309,1.7349999999999994,2.436455553995225,73.94714285714285,74.33999999999999,0.015354238922764357
PYPL,2023-04-27,73.0,74.37,72.96,74.27,0.03066888703857895,1.4100000000000108,1.9315068493150833,73.64,74.352,0.021610809963837314
PYPL,2023-04-28,74.24,76.05,73.92,76.0,0.023293388986131758,2.1299999999999955,2.869073275862063,73.73714285714286,74.407,0.023188314390616534
PYPL,2023-05-01,76.03,76.5,74.97,75.11,-0.011710526315789505,1.5300000000000011,2.012363540707617,73.9557142857143,74.47766666666668,0.021511907777646375
PYPL,2023-05-02,74.82,75.06,71.93,72.28,-0.037678072160830745,3.1299999999999955,4.183373429564282,73.6842857142857,74.44666666666667,0.026197205568442728
PYPL,2023-05-03,72.41,72.99,71.35,71.43,-0.01175982291090194,1.6400000000000006,2.2648805413616913,73.27571428571427,74.27033333333334,0.02626354439175342
PYPL,2023-05-04,71.77,73.05,71.755,71.81,0.005319893602127923,1.2950000000000017,1.804375087083742,73.28,74.18599999999999,0.02317022446831689
PYPL,2023-05-05,72.96,75.08,72.94,74.97,0.04400501322935524,2.1400000000000006,2.9331140350877205,73.69571428571429,74.26633333333332,0.028546173575575904
PYPL,2023-05-08,75.71,76.38,74.915,75.52,0.00733626784046959,1.4649999999999892,1.9350151895390164,73.87428571428572,74.321,0.026475421967228154
PYPL,2023-05-09,69.53,69.68,65.85,65.905,-0.12731726694915246,3.8300000000000125,5.508413634402435,72.43214285714286,74.0745,0.0539158928962733
PYPL,2023-05-10,66.5,66.59,62.78,63.38,-0.038312722858660164,3.8100000000000023,5.72932330827068,70.75642857142857,73.76383333333335,0.05426689541890441
PYPL,2023-05-11,63.45,64.375,62.64,64.18,0.01262227832123708,1.7349999999999994,2.7344365642237975,69.59928571428571,73.4305,0.05526324959780419
PYPL,2023-05-12,64.1,64.18,61.31,61.69,-0.038797133063259714,2.8700000000000045,4.477379095163814,68.20785714285714,73.00716666666668,0.05590399209590037
PYPL,2023-05-15,61.75,62.7292,61.58,62.25,0.009077646295996056,1.1492000000000004,1.861052631578948,66.84214285714286,72.55083333333333,0.056197151891268934
PYPL,2023-05-16,61.8,61.9751,60.75,60.8,-0.023293172690763142,1.2250999999999976,1.9823624595469218,64.81785714285715,72.06783333333333,0.04895839738511418
PYPL,2023-05-17,61.15,61.7199,60.4,61.46,0.010855263157894868,1.319900000000004,2.158462796402296,62.809285714285714,71.60783333333332,0.04940235709758442
PYPL,2023-05-18,61.46,61.655,60.46,61.27,-0.003091441588024657,1.1950000000000003,1.9443540514155553,62.14714285714285,71.1965,0.022970494835589984
PYPL,2023-05-19,61.9,61.95,60.708,60.92,-0.005712420434143994,1.2420000000000044,2.006462035541203,61.79571428571428,70.7285,0.019319929316761696
PYPL,2023-05-22,60.95,63.15,60.65,63.03,0.0346355876559421,2.5,4.1017227235438884,61.63142857142857,70.3455,0.023985298131100934
PYPL,2023-05-23,63.03,63.3,61.84,62.0,-0.016341424718388065,1.4599999999999937,2.3163572901792695,61.675714285714285,69.95949999999999,0.019348983402877613
PYPL,2023-05-24,61.65,62.215,61.23,61.8,-0.003225806451612967,0.9850000000000065,1.597729115977302,61.61142857142857,69.5695,0.019036039835310416
PYPL,2023-05-25,61.74,61.74,59.315,59.37,-0.03932038834951457,2.4250000000000043,3.927761580822812,61.40714285714285,69.03116666666666,0.022777110743374452
PYPL,2023-05-26,59.5,60.6072,58.95,60.22,0.014316995115378095,1.657199999999996,2.7852100840336065,61.230000000000004,68.4875,0.0231666650158637
PYPL,2023-05-30,61.04,62.19,59.55,62.05,0.030388575224177927,2.6400000000000006,4.3250327653997385,61.34142857142858,67.97816666666667,0.02630967985527208
PYPL,2023-05-31,61.84,63.215,61.17,61.99,-0.0009669621273166173,2.0450000000000017,3.3069210866752936,61.494285714285716,67.49716666666667,0.02613520953606816
PYPL,2023-06-01,62.41,63.61,61.83,63.05,0.017099532182609956,1.7800000000000011,2.852107034129148,61.497142857142855,67.08816666666667,0.02325499335063784
PYPL,2023-06-02,63.74,64.395,63.562,63.96,0.014432989690721598,0.8329999999999984,1.3068716661437063,61.777142857142856,66.7675,0.022485521484692073
PYPL,2023-06-05,64.07,64.98,63.505,64.51,0.008599124452782991,1.4750000000000014,2.302169502107073,62.16428571428571,66.44516666666667,0.02223582963478669
PYPL,2023-06-06,64.43,65.175,64.23,65.02,0.007905751046349163,0.9449999999999932,1.466708055253753,62.971428571428575,66.13616666666667,0.009689046484729347
PYPL,2023-06-07,65.25,65.32,63.55,64.04,-0.01507228545063044,1.769999999999996,2.7126436781609136,63.51714285714286,65.87816666666666,0.014333588536838473
PYPL,2023-06-08,64.2,64.695,63.985,64.24,0.0031230480949404615,0.7099999999999937,1.1059190031152548,63.83,65.61749999999999,0.010791966068865224
PYPL,2023-06-09,64.0,64.06,62.43,63.49,-0.011674968866749569,1.6300000000000026,2.546875000000004,64.04428571428572,65.25816666666667,0.012417995911823512
PYPL,2023-06-12,63.6,64.26,63.12,63.73,0.0037801228539926512,1.1400000000000077,1.7924528301886913,64.14142857142858,64.84916666666666,0.01091403350223435
PYPL,2023-06-13,63.55,64.24,63.13,63.56,-0.002667503530519255,1.1099999999999923,1.7466561762391697,64.08428571428571,64.46416666666667,0.009362411478456997
PYPL,2023-06-14,64.14,65.1,63.025,63.6,0.0006293266205159576,2.0749999999999957,3.2351106953539066,63.95428571428572,64.17483333333334,0.008461952649631437
PYPL,2023-06-15,63.12,66.21,62.63,65.85,0.03537735849056589,3.579999999999991,5.671736375158415,64.07285714285715,63.98883333333333,0.016434586268841613
PYPL,2023-06-16,65.95,67.15,65.2202,66.43,0.00880789673500404,1.9298000000000002,2.926156178923427,64.41428571428571,63.8095,0.014705084291661511
PYPL,2023-06-20,67.13,69.2,66.78,68.89,0.03703146168899574,2.4200000000000017,3.604945627886194,65.07857142857144,63.60683333333334,0.018853214834282345
PYPL,2023-06-21,68.945,69.02,67.22,68.19,-0.01016112643344469,1.7999999999999972,2.610776706070052,65.75,63.3625,0.018567203977475466
PYPL,2023-06-22,67.52,68.645,67.06,68.57,0.0055726646135796365,1.5849999999999937,2.347452606635062,66.44142857142857,63.45133333333333,0.018472813389143333
PYPL,2023-06-23,67.415,68.16,65.85,66.94,-0.023771328569345163,2.3100000000000023,3.4265371208188125,66.92428571428572,63.57,0.022329196638303385
PYPL,2023-06-26,67.42,67.58,66.41,66.44,-0.0074693755602032175,1.1700000000000017,1.735390091960845,67.33,63.64533333333333,0.02295410798036733
PYPL,2023-06-27,66.87,67.1,65.78,66.23,-0.0031607465382298416,1.3199999999999932,1.9739793629430136,67.38428571428572,63.79666666666667,0.01918057655960029
PYPL,2023-06-28,66.05,66.48,65.62,66.03,-0.00301977955609245,0.8599999999999994,1.3020439061317175,67.32714285714285,63.92266666666667,0.01889474732913975
PYPL,2023-06-29,66.3,67.34,65.62,65.86,-0.0025745873087990034,1.7199999999999989,2.594268476621416,66.89428571428572,64.09133333333334,0.009100761670812306
PYPL,2023-06-30,66.09,66.975,65.75,66.73,0.013209839052535699,1.2249999999999943,1.8535330609774463,66.68571428571428,64.267,0.011459156276076635
PYPL,2023-07-03,67.12,68.63,66.84,68.1,0.020530496028772438,1.789999999999992,2.666865315852193,66.61857142857143,64.49466666666666,0.01435860069622003
PYPL,2023-07-05,68.04,68.9,67.0,68.85,0.011013215859030812,1.9000000000000057,2.792475014697245,66.89142857142858,64.759,0.010665747468614132
PYPL,2023-07-06,67.71,67.85,65.63,66.14,-0.03936092955700787,2.219999999999999,3.2786885245901627,66.84857142857143,64.86266666666667,0.01953926605565259
PYPL,2023-07-07,66.19,67.66,65.98,66.79,0.009827638342909006,1.6799999999999926,2.5381477564586685,66.92857142857143,65.02233333333334,0.019856434840395017
PYPL,2023-07-10,66.8,69.36,66.69,69.28,0.037281030094325374,2.6700000000000017,3.997005988023955,67.39285714285714,65.27166666666666,0.023817236323592447
PYPL,2023-07-11,69.64,70.73,69.41,70.62,0.019341801385681423,1.3200000000000074,1.895462377943721,68.07285714285715,65.64666666666668,0.023768994746457245
PYPL,2023-07-12,71.72,71.87,70.2801,70.59,-0.0004248088360238045,1.5899,2.2168153931957613,68.62428571428572,65.99233333333333,0.024044356756327045
PYPL,2023-07-13,71.37,72.735,71.0,72.39,0.025499362515936985,1.7349999999999994,2.430993414599971,69.23714285714286,66.337,0.024533441611441584
PYPL,2023-07-14,72.66,72.98,71.92,72.1,-0.004006078187595019,1.0600000000000023,1.4588494357280517,69.70142857142858,66.674,0.024983257237076784
PYPL,2023-07-17,72.52,73.78,71.96,73.49,0.01927877947295431,1.8200000000000074,2.5096525096525197,70.75142857142858,67.022,0.014544686781291918
PYPL,2023-07-18,73.48,74.41,73.26,74.37,0.01197441828820267,1.1499999999999915,1.5650517147523018,71.83428571428571,67.369,0.01443333674557588
PYPL,2023-07-19,74.47,75.04,73.9,74.22,-0.002016942315449799,1.1400000000000006,1.5308177789713986,72.53999999999999,67.69266666666667,0.012018939825725822
PYPL,2023-07-20,72.82,74.68,72.8,73.02,-0.01616814874696848,1.8800000000000097,2.581708321889604,72.88285714285715,67.95933333333333,0.014608841014378749
PYPL,2023-07-21,72.73,73.62,71.83,72.99,-0.00041084634346755244,1.7900000000000063,2.4611577065860115,73.22571428571429,68.25766666666667,0.014607997458663443
PYPL,2023-07-24,73.04,73.97,73.015,73.69,0.009590354843129312,0.9549999999999983,1.3075027382256272,73.41142857142857,68.57266666666668,0.01184054648066584
PYPL,2023-07-25,73.68,74.3,72.94,72.96,-0.009906364499932208,1.3599999999999994,1.8458197611292064,73.53428571428572,68.88833333333334,0.012576809431677582
PYPL,2023-07-26,72.89,73.76,72.41,73.43,0.006441885964912464,1.3500000000000085,1.8521059130196305,73.52571428571427,69.21166666666666,0.01033284683369994
PYPL,2023-07-27,74.33,75.055,71.81,72.03,-0.019065776930410006,3.2450000000000045,4.365666621821612,73.19142857142857,69.49399999999999,0.01094444964018552
PYPL,2023-07-28,73.04,74.19,72.96,73.98,0.027072053311120392,1.230000000000004,1.6840087623220206,73.15714285714284,69.83999999999999,0.016272324748707753
PYPL,2023-07-31,74.9,76.54,74.74,75.82,0.024871586915382382,1.8000000000000114,2.403204272363166,73.55714285714285,70.17233333333334,0.017000001718874013
PYPL,2023-08-01,76.19,76.28,74.56,75.53,-0.00382484832498009,1.7199999999999989,2.2575141094631825,73.91999999999999,70.47566666666667,0.017245485374086888
PYPL,2023-08-02,74.38,74.99,72.5,73.2,-0.03084866940288622,2.489999999999995,3.3476741059424513,73.85000000000001,70.61933333333333,0.02166774431822374
PYPL,2023-08-03,66.7,66.93,64.1,64.18,-0.12322404371584694,2.8300000000000125,4.242878560719658,72.5957142857143,70.48566666666666,0.051475329676463046
PYPL,2023-08-04,64.8,64.97,62.6585,62.75,-0.022281084449984556,2.3115000000000023,3.5671296296296333,71.07000000000001,70.29166666666667,0.05043515887637335
PYPL,2023-08-07,63.02,64.75,62.2,64.42,0.026613545816733142,2.549999999999997,4.04633449698508,69.98285714285714,70.20766666666667,0.05359007965804891
PYPL,2023-08-08,63.77,63.99,62.49,63.19,-0.019093449239366733,1.5,2.3522032303591027,68.44142857142857,70.09933333333333,0.05036231578836776
PYPL,2023-08-09,63.1,63.39,61.93,62.02,-0.01851558790947927,1.4600000000000009,2.313787638668781,66.47,69.959,0.04626278289168707
PYPL,2023-08-10,62.6,63.05,62.075,62.79,0.01241534988713311,0.9749999999999943,1.5575079872204383,64.64999999999999,69.85100000000001,0.04801104566834758
PYPL,2023-08-11,62.27,62.5,61.47,61.54,-0.01990762860328077,1.0300000000000011,1.6540870403083365,62.98428571428571,69.70700000000001,0.04796662195685966
PYPL,2023-08-14,62.15,63.44,61.68,63.27,0.028111797205069955,1.759999999999998,2.831858407079643,62.854285714285716,69.59166666666667,0.023201854110142
PYPL,2023-08-15,62.76,62.77,59.4,59.47,-0.06006006006006015,3.3700000000000045,5.369662205226266,62.385714285714286,69.304,0.03162332237206197
PYPL,2023-08-16,59.44,60.185,59.26,59.68,0.0035311921977467797,0.9250000000000043,1.556191117092874,61.708571428571425,68.99833333333335,0.028564717451512907
PYPL,2023-08-17,59.01,59.195,58.15,58.6,-0.018096514745308268,1.0450000000000017,1.7708862904592473,61.05285714285714,68.747,0.028517191947771574
PYPL,2023-08-18,57.39,59.8,57.29,59.42,0.013993174061433411,2.509999999999998,4.373584248126848,60.68142857142857,68.50133333333333,0.029594436835658187
PYPL,2023-08-21,59.46,59.7689,58.75,59.51,0.0015146415348366027,1.0189000000000021,1.7135889673730273,60.212857142857146,68.17566666666667,0.028756284141016077
PYPL,2023-08-22,59.92,61.315,59.61,60.98,0.02470173080154603,1.7049999999999983,2.8454606141522,60.13285714285714,67.85433333333333,0.030386505810220073
PYPL,2023-08-23,61.28,62.37,60.93,61.76,0.012791079042308917,1.4399999999999977,2.349869451697124,59.91714285714285,67.56,0.028437797448735935
PYPL,2023-08-24,61.69,61.92,60.621,60.71,-0.017001295336787514,1.2989999999999995,2.105689739017668,60.09428571428571,67.17066666666666,0.01599612724001728
PYPL,2023-08-25,60.99,61.6,60.08,61.19,0.0079064404546203,1.5200000000000031,2.4922118380062357,60.309999999999995,66.807,0.016102641021986216
PYPL,2023-08-28,61.59,61.96,61.03,61.67,0.007844419022716265,0.9299999999999997,1.5099853872381874,60.748571428571424,66.413,0.01292541334163481
PYPL,2023-08-29,61.63,62.74,61.53,62.5,0.013458731960434456,1.2100000000000009,1.963329547298395,61.18857142857143,66.01733333333333,0.012881431979705977
PYPL,2023-08-30,62.38,63.47,62.1204,63.42,0.014720000000000066,1.3496000000000024,2.163513946777817,61.74714285714286,65.65733333333334,0.012857069483454317
PYPL,2023-08-31,62.72,63.41,62.45,62.51,-0.014348785871964753,0.9599999999999937,1.5306122448979493,61.965714285714284,65.307,0.013468813228143247
PYPL,2023-09-01,63.13,63.65,62.7327,63.57,0.016957286834106577,0.9172999999999973,1.4530334230951962,62.22428571428571,64.99300000000001,0.014022078327131296
PYPL,2023-09-05,63.38,64.18,63.035,63.74,0.0026742173981437745,1.1450000000000102,1.8065635847270594,62.65714285714286,64.66133333333333,0.010618164243350249
PYPL,2023-09-06,63.12,63.84,62.68,62.8,-0.014747411358644547,1.1600000000000037,1.8377693282636307,62.887142857142855,64.32266666666666,0.01339565266430041
PYPL,2023-09-07,62.0,62.09,61.12,61.65,-0.018312101910827994,0.970000000000006,1.5645161290322678,62.88428571428572,63.92999999999999,0.015552066725285895
PYPL,2023-09-08,61.58,61.81,60.31,60.98,-0.010867802108678104,1.5,2.4358557973367976,62.667142857142856,63.56166666666666,0.014755936290286048
PYPL,2023-09-11,61.73,62.26,61.27,61.93,0.01557887832076088,0.9899999999999949,1.6037583022841324,62.45428571428572,63.16,0.014934381756864313
PYPL,2023-09-12,61.88,63.69,61.76,62.81,0.014209591474245054,1.9299999999999997,3.118939883645765,62.49714285714286,62.72633333333333,0.015307587421762936
PYPL,2023-09-13,62.81,63.32,62.165,62.84,0.0004776309504856968,1.1550000000000011,1.8388791593695288,62.392857142857146,62.303333333333335,0.013574958427548078
PYPL,2023-09-14,63.89,64.6,63.31,64.44,0.025461489497135448,1.289999999999992,2.0190953200813775,62.49285714285714,62.01133333333333,0.01704975808193207
PYPL,2023-09-15,64.66,65.73,63.91,64.21,-0.0035692116697704224,1.8200000000000074,2.8147231673368505,62.69428571428572,62.01233333333333,0.015726203968306842
PYPL,2023-09-18,63.35,63.515,62.75,62.94,-0.01977885064631668,0.7650000000000006,1.207576953433308,62.878571428571426,62.01866666666667,0.01606794470309379
PYPL,2023-09-19,62.1,62.42,61.4518,62.19,-0.011916110581506212,0.9682000000000031,1.559098228663451,63.05142857142857,61.94433333333334,0.016223664705841235
PYPL,2023-09-20,62.56,62.62,60.83,60.86,-0.021386074931661003,1.7899999999999991,2.861253196930945,62.89857142857142,61.86666666666667,0.017391703326694995
PYPL,2023-09-21,59.95,60.305,58.614,58.62,-0.036805783766020395,1.6910000000000025,2.8206839032527147,62.3,61.75333333333334,0.019812716257557303
PYPL,2023-09-22,59.02,59.19,57.835,57.88,-0.012623677925622578,1.3549999999999969,2.2958319213825766,61.59142857142857,61.589666666666666,0.01930949442849995
PYPL,2023-09-25,57.54,58.9,57.512,58.86,0.016931582584657878,1.3879999999999981,2.4122349669794896,60.794285714285714,61.50033333333332,0.016676632001923018
PYPL,2023-09-26,58.3,59.225,58.23,58.93,0.0011892626571525788,0.9950000000000045,1.706689536878224,60.040000000000006,61.355666666666664,0.01720127548686081
PYPL,2023-09-27,59.05,59.57,56.53,57.34,-0.026981164092991672,3.039999999999999,5.148179508890769,59.24,61.284666666666666,0.017939786916588776
PYPL,2023-09-28,57.41,58.46,57.02,58.18,0.01464945936519002,1.4399999999999977,2.508273819892001,58.667142857142856,61.23466666666666,0.0208086846148888
PYPL,2023-09-29,58.85,59.33,58.07,58.46,0.004812650395324969,1.259999999999998,2.1410365335598947,58.32428571428572,61.23,0.020625621444824625
PYPL,2023-10-02,58.62,59.64,58.005,58.56,0.0017105713308245285,1.634999999999998,2.7891504605936506,58.31571428571429,61.20133333333333,0.015362908617394722
PYPL,2023-10-03,57.89,58.65,57.12,57.3,-0.021516393442623016,1.5300000000000011,2.642943513560202,58.23285714285714,61.12766666666667,0.016870208098305143
PYPL,2023-10-04,58.11,58.655,57.31,58.57,0.022164048865619623,1.3449999999999989,2.3145758045086886,58.191428571428574,61.047333333333334,0.017898038978302222
PYPL,2023-10-05,58.39,58.66,57.26,57.48,-0.018610210005122085,1.3999999999999986,2.3976708340469237,57.98428571428571,60.90466666666667,0.01909840535899739
PYPL,2023-10-06,56.83,58.2482,55.86,57.77,0.005045233124565174,2.3881999999999977,4.2023579095548085,58.04571428571429,60.806666666666665,0.016108760600975398
PYPL,2023-10-09,56.995,58.09,56.3175,57.96,0.0032889042755754883,1.7725000000000009,3.109921922975701,58.01428571428572,60.699,0.015063873059753537
PYPL,2023-10-10,57.96,58.5,57.41,57.72,-0.0041407867494824835,1.0900000000000034,1.8806073153899299,57.90857142857142,60.56733333333333,0.014922637486858846
PYPL,2023-10-11,58.11,58.89,57.58,58.07,0.006063756063756198,1.3100000000000023,2.2543452073653456,57.83857142857143,60.419666666666664,0.015178080120696756
PYPL,2023-10-12,58.09,58.105,56.24,56.355,-0.029533321852936223,1.8649999999999949,3.210535376140463,57.70357142857143,60.18416666666667,0.01714970989589842
PYPL,2023-10-13,56.5,56.88,55.53,55.75,-0.010735515925827332,1.3500000000000014,2.3893805309734537,57.300714285714285,59.95883333333334,0.013455279298974665
PYPL,2023-10-16,56.11,57.08,55.81,57.0,0.022421524663677195,1.269999999999996,2.2634111566565607,57.232142857142854,59.73983333333333,0.016187183793849126
PYPL,2023-10-17,56.51,57.59,56.49,57.16,0.00280701754385948,1.1000000000000014,1.9465581313041966,57.145,59.52049999999999,0.016067591421286536
PYPL,2023-10-18,56.53,57.0972,55.705,55.8,-0.023792862141357562,1.3922000000000025,2.462763134618791,56.83642857142856,59.287166666666664,0.017904677764198077
PYPL,2023-10-19,55.66,56.4,54.7,54.81,-0.01774193548387093,1.6999999999999957,3.05425799496945,56.42071428571428,59.05916666666667,0.018489786339258418
PYPL,2023-10-20,53.99,54.47,53.34,53.39,-0.02590768108009489,1.1299999999999955,2.092980181515087,55.752142857142864,58.80616666666666,0.018611114887286707
PYPL,2023-10-23,52.92,54.125,52.65,53.45,0.001123805956171564,1.4750000000000014,2.7872260015117183,55.33714285714286,58.5235,0.017298859300613006
PYPL,2023-10-24,53.88,54.61,53.59,54.24,0.01478016838166507,1.019999999999996,1.8930957683741572,55.121428571428574,58.237833333333334,0.019076675136823686
PYPL,2023-10-25,52.55,52.78,51.23,51.49,-0.05070058997050142,1.5500000000000043,2.9495718363463452,54.33428571428572,57.8595,0.022127806272739727
PYPL,2023-10-26,51.5,52.25,51.06,51.75,0.005049524179452369,1.1899999999999977,2.3106796116504813,53.56142857142857,57.4365,0.022429320635566307
PYPL,2023-10-27,51.51,51.67,50.25,50.39,-0.026280193236714933,1.4200000000000017,2.7567462628615838,52.78857142857144,56.975833333333334,0.022631252933909312
PYPL,2023-10-30,50.95,51.445,50.575,51.05,0.013097836872395296,0.8699999999999974,1.707556427870456,52.251428571428576,56.5795,0.024739435125554796
PYPL,2023-10-31,51.09,51.89,50.8,51.8,0.014691478942213454,1.0900000000000034,2.133489919749468,52.02428571428571,56.23316666666666,0.025099446989032517
PYPL,2023-11-01,51.91,52.1985,51.095,51.66,-0.002702702702702675,1.103500000000004,2.1257946445771605,51.76857142857143,55.926500000000004,0.02500990177513881
PYPL,2023-11-02,55.05,55.4297,52.55,55.06,0.06581494386372455,2.8796999999999997,5.231062670299727,51.885714285714286,55.80783333333333,0.03642707345138256
PYPL,2023-11-03,55.42,56.27,55.3784,56.1,0.018888485288775847,0.891600000000004,1.6088054853843448,52.54428571428571,55.7485,0.02792499118096037
PYPL,2023-11-06,56.65,56.72,54.185,54.62,-0.02638146167557942,2.5349999999999966,4.474845542806702,52.95428571428571,55.607166666666664,0.031631927919685526
PYPL,2023-11-07,54.44,55.04,54.05,54.63,0.0001830831197364713,0.990000000000002,1.8185157972079389,53.559999999999995,55.46383333333333,0.028227854119668733
PYPL,2023-11-08,54.33,55.83,53.55,55.08,0.008237232289950436,2.280000000000001,4.196576477084486,54.135714285714286,55.3885,0.02825444366666647
PYPL,2023-11-09,55.8,56.03,54.15,54.28,-0.014524328249818419,1.8800000000000026,3.369175627240148,54.49,55.258500000000005,0.029777670625325606
PYPL,2023-11-10,54.34,54.825,53.8691,54.77,0.009027266028003078,0.9558999999999997,1.75910931174089,54.934285714285714,55.1355,0.029464222728049626
PYPL,2023-11-13,54.44,54.72,53.98,54.39,-0.006938104801898937,0.740000000000002,1.3592946362968443,54.83857142857143,54.9965,0.015504344910871912
PYPL,2023-11-14,55.49,57.185,55.42,56.68,0.0421033278176135,1.7650000000000006,3.1807532888808803,54.92142857142857,54.97583333333333,0.021823393488394932
PYPL,2023-11-15,57.0023,58.555,56.99,58.25,0.02769936485532809,1.5649999999999977,2.7455032516231763,55.440000000000005,54.96516666666666,0.019706699580754737
PYPL,2023-11-16,57.96,58.27,56.55,56.82,-0.024549356223176,1.720000000000006,2.967563837129065,55.752857142857145,54.94316666666666,0.02348850984210572
PYPL,2023-11-17,56.8691,56.955,56.3512,56.54,-0.004927842309046082,0.6037999999999997,1.0617365142054291,55.96142857142858,54.902166666666666,0.023792016005200232
PYPL,2023-11-20,56.54,57.235,56.26,56.99,0.007958967102936088,0.9750000000000014,1.724442872302797,56.348571428571425,54.86983333333333,0.022350888394231917
PYPL,2023-11-21,56.55,56.63,55.275,55.4,-0.02789963151430086,1.355000000000004,2.396109637488955,56.43857142857143,54.7925,0.025919557646497508
PYPL,2023-11-22,55.79,56.7386,55.62,56.34,0.016967509025270777,1.1186000000000007,2.0050188205771655,56.71714285714285,54.734833333333334,0.026131770633966787
PYPL,2023-11-24,56.0,56.13,55.5501,55.76,-0.010294639687611018,0.5799000000000021,1.035535714285718,56.58571428571428,54.715,0.020806574252009453
PYPL,2023-11-27,56.0,56.97,55.71,56.39,0.011298421807747427,1.259999999999998,2.2499999999999964,56.32,54.73633333333333,0.017554438503129984
PYPL,2023-11-28,56.47,58.7,56.13,58.47,0.036885972690193336,2.5700000000000003,4.55108907384452,56.55571428571428,54.785333333333334,0.020895168629076363
PYPL,2023-11-29,59.23,60.2,57.91,57.97,-0.00855139387720194,2.2900000000000063,3.8662839777140072,56.760000000000005,54.812333333333335,0.02120401998459288
PYPL,2023-11-30,58.05,58.1041,57.05,57.61,-0.00621010867690186,1.0541000000000054,1.8158484065460903,56.848571428571425,54.87266666666666,0.021412368475434526
PYPL,2023-12-01,57.63,59.81,57.45,59.65,0.03541051900711678,2.3599999999999994,4.095089363178898,57.455714285714286,55.034,0.02013804450883932
PYPL,2023-12-04,59.43,60.38,59.24,59.85,0.0033528918692373733,1.1400000000000006,1.918223119636548,57.957142857142856,55.24933333333333,0.020099013353025854
PYPL,2023-12-05,59.31,59.465,57.32,57.92,-0.03224728487886386,2.145000000000003,3.616590794132529,58.26571428571429,55.39833333333333,0.024755740761661087
PYPL,2023-12-06,57.83,60.46,57.75,59.53,0.027796961325966763,2.710000000000001,4.686149057582571,58.714285714285715,55.574666666666666,0.026124521301177515
PYPL,2023-12-07,59.09,59.15,58.12,58.48,-0.01763816563077447,1.0300000000000011,1.7431037400575413,58.715714285714284,55.80766666666667,0.024152221534850495
PYPL,2023-12-08,58.26,59.74,57.4,58.94,0.007865937072503382,2.3400000000000034,4.016477857878482,58.85428571428571,56.047333333333334,0.02394871653205595
PYPL,2023-12-11,59.1,59.8,58.96,59.04,0.0016966406515099841,0.8399999999999963,1.4213197969543085,59.05857142857143,56.33566666666666,0.02364747292931073
PYPL,2023-12-12,59.39,59.39,58.135,58.89,-0.002540650406504086,1.2550000000000026,2.1131503620138115,58.949999999999996,56.597,0.019089745213552934
PYPL,2023-12-13,58.73,61.89,58.54,61.73,0.04822550517914759,3.3500000000000014,5.70406947045803,59.21857142857143,56.928,0.026967559189044883
PYPL,2023-12-14,62.94,64.13,61.2101,61.87,0.0022679410335331163,2.9198999999999984,4.63918017159199,59.78285714285715,57.26833333333333,0.021723908271332786
PYPL,2023-12-15,62.37,62.37,60.82,61.26,-0.009859382576369757,1.5499999999999972,2.485169151835814,60.029999999999994,57.475,0.021140945325331825
PYPL,2023-12-18,61.42,61.73,60.855,61.47,0.00342801175318308,0.875,1.4246173884728102,60.457142857142856,57.654,0.018877727527514418
PYPL,2023-12-19,61.79,63.28,61.72,63.01,0.02505287131934275,1.5600000000000023,2.52468036899175,61.03857142857142,57.93366666666667,0.020045513287651584
PYPL,2023-12-20,62.95,63.965,61.67,61.74,-0.020155530868116056,2.2950000000000017,3.6457505957108847,61.42428571428571,58.17066666666667,0.02299396205331634
PYPL,2023-12-21,62.205,62.45,61.59,62.06,0.005183025591188883,0.8599999999999994,1.382525520456554,61.87714285714286,58.40333333333333,0.022663425531731257
PYPL,2023-12-22,62.17,62.73,61.58,61.84,-0.0035449564937157785,1.1499999999999986,1.8497667685378776,61.892857142857146,58.65533333333333,0.01406307663833326
PYPL,2023-12-26,61.95,62.685,61.86,62.56,0.011642949547218562,0.8250000000000028,1.3317191283293024,61.99142857142857,58.915,0.014708988836104156
PYPL,2023-12-27,62.67,62.8346,62.11,62.68,0.0019181585677749968,0.7246000000000024,1.156215094941762,62.19428571428572,59.19133333333333,0.01381577291334272
PYPL,2023-12-28,62.62,63.5,62.45,63.08,0.0063816209317166805,1.0499999999999972,1.6767805812839303,62.424285714285716,59.40466666666667,0.01386319452197176
PYPL,2023-12-29,63.0,63.16,61.15,61.41,-0.026474318325935386,2.009999999999998,3.190476190476187,62.19571428571429,59.51,0.01435787644316651
PYPL,2024-01-02,61.22,62.1599,60.43,61.46,0.0008141996417523334,1.7299000000000007,2.8257105521071555,62.15571428571429,59.66466666666667,0.012373145313639158
PYPL,2024-01-03,60.7,60.75,58.35,58.63,-0.04604620891636835,2.3999999999999986,3.9538714991762745,61.66571428571429,59.73433333333333,0.020725708817597926
PYPL,2024-01-04,58.02,59.065,57.44,58.45,-0.003070100631076267,1.625,2.8007583591864873,61.18142857142857,59.783,0.02074311334728134
PYPL,2024-01-05,57.74,60.37,57.64,60.12,0.02857142857142847,2.729999999999997,4.728091444405952,60.832857142857144,59.940333333333335,0.024106376454534662
PYPL,2024-01-08,60.4,61.92,60.06,61.74,0.026946107784431295,1.8599999999999994,3.0794701986754958,60.69857142857143,60.12033333333333,0.027051452543424337
PYPL,2024-01-09,60.28,62.02,60.12,61.05,-0.011175898931001016,1.9000000000000057,3.151957531519585,60.40857142857143,60.29666666666666,0.026975995763296026
PYPL,2024-01-10,60.95,61.43,60.29,60.96,-0.0014742014742014087,1.1400000000000006,1.8703855619360141,60.34428571428572,60.449,0.025151592573024947
PYPL,2024-01-11,60.65,61.495,60.08,61.35,0.00639763779527569,1.4149999999999991,2.3330585325638897,60.32857142857143,60.544999999999995,0.0252985464783989
PYPL,2024-01-12,61.8,61.908,60.74,61.0,-0.005704971475142595,1.1679999999999993,1.8899676375404522,60.667142857142856,60.645999999999994,0.015906966406164055
PYPL,2024-01-16,60.05,60.24,58.095,58.45,-0.041803278688524514,2.145000000000003,3.5720233139050843,60.667142857142856,60.674,0.024117914855297712
PYPL,2024-01-17,57.42,59.98,56.471,59.89,0.024636441402908327,3.5090000000000003,6.111111111111112,60.63428571428572,60.682,0.02338244984202793
PYPL,2024-01-18,60.49,62.47,60.12,62.09,0.036734012355986057,2.3500000000000014,3.884939659447845,60.684285714285714,60.75666666666667,0.025482457625108975
PYPL,2024-01-19,63.0,66.21,62.26,65.82,0.06007408600418729,3.9499999999999957,6.269841269841263,61.365714285714276,61.019999999999996,0.03291401300565013
PYPL,2024-01-22,68.022,68.21,63.22,63.74,-0.03160133697964129,4.989999999999995,7.335861927023601,61.762857142857136,61.160333333333334,0.0366187709462583
PYPL,2024-01-23,64.525,65.73,64.18,64.78,0.01631628490743653,1.5499999999999972,2.4021697016660166,62.25285714285714,61.370333333333335,0.03678482528345652
PYPL,2024-01-24,65.99,66.0,62.96,63.02,-0.027168879283729463,3.039999999999999,4.606758599787845,62.54142857142857,61.50633333333334,0.03898334836016193
PYPL,2024-01-25,63.46,64.33,58.9,60.71,-0.03665503014915905,5.43,8.556571068389536,62.864285714285714,61.562,0.03798201236599641
PYPL,2024-01-26,60.32,62.2662,60.01,61.78,0.017624773513424508,2.2561999999999998,3.740384615384615,63.13428571428572,61.65833333333333,0.037499482021530486
PYPL,2024-01-29,61.2,63.79,60.9,63.76,0.03204920686306245,2.8900000000000006,4.722222222222223,63.372857142857136,61.726000000000006,0.036876318459950375
PYPL,2024-01-30,62.9,64.5,62.07,63.68,-0.0012547051442910462,2.4299999999999997,3.8632750397456275,63.067142857142855,61.78633333333333,0.027542126818609184
PYPL,2024-01-31,63.0,63.4,61.19,61.35,-0.036589195979899514,2.210000000000001,3.5079365079365092,62.72571428571429,61.78933333333334,0.028414336773123505
PYPL,2024-02-01,61.51,62.06,60.6423,62.02,0.010920945395272996,1.4177000000000035,2.3048284831734733,62.33142857142857,61.80766666666667,0.027803287351422915
PYPL,2024-02-02,61.79,62.72,61.0,62.42,0.006449532408900227,1.7199999999999989,2.78362194529859,62.24571428571429,61.788,0.02637752878409364
PYPL,2024-02-05,62.0,62.0779,61.3,61.54,-0.014098045498237788,0.7779000000000025,1.2546774193548427,62.364285714285714,61.781333333333336,0.022379911227378504
PYPL,2024-02-06,62.03,63.73,61.62,63.71,0.03526161845953846,2.1099999999999994,3.4015798807028848,62.64,61.836333333333336,0.025223572672279496
PYPL,2024-02-07,64.54,64.9,62.85,63.24,-0.007377177837074256,2.0500000000000043,3.1763247598388658,62.56571428571429,61.883,0.022328525816128993
PYPL,2024-02-08,57.98,58.59,55.77,56.13,-0.11242884250474383,2.8200000000000003,4.863746119351501,61.487142857142864,61.66866666666667,0.047700405091776275
PYPL,2024-02-09,56.205,59.22,56.1601,58.91,0.049527881703189,3.059899999999999,5.44417756427364,61.13857142857143,61.543000000000006,0.05260976348478397
PYPL,2024-02-12,58.61,60.615,58.42,60.09,0.020030555084026513,2.1950000000000003,3.7450946937382703,60.862857142857145,61.443333333333335,0.053165537333340465
PYPL,2024-02-13,57.88,58.7301,57.86,58.26,-0.030454318522216806,0.8701000000000008,1.5032826537664146,60.26857142857143,61.33833333333334,0.05387037206394382
PYPL,2024-02-14,58.595,59.015,57.63,58.87,0.010470305526948165,1.384999999999998,2.363682908097957,59.887142857142855,61.251999999999995,0.05424431801884773
PYPL,2024-02-15,58.86,60.245,58.06,59.7,0.014098861899099813,2.184999999999995,3.712198436969071,59.31428571428571,61.28766666666666,0.05217701606513262
PYPL,2024-02-16,58.86,59.75,58.4501,59.14,-0.009380234505862672,1.299900000000001,2.208460754332316,58.728571428571435,61.31066666666666,0.052178402351521505
PYPL,2024-02-20,58.23,59.0299,58.19,58.63,-0.008623605005072643,0.8399000000000001,1.4423836510389836,59.08571428571429,61.260999999999996,0.025672629345021264
PYPL,2024-02-21,58.08,58.45,57.145,57.48,-0.01961453180965389,1.3049999999999997,2.2469008264462804,58.88142857142857,61.119,0.01873262582856704
PYPL,2024-02-22,57.77,58.64,57.37,58.35,0.0151356993736953,1.2700000000000031,2.1983728578847206,58.63285714285714,61.029,0.017781467063642985
PYPL,2024-02-23,58.85,59.4301,58.2301,59.16,0.013881748071979283,1.2000000000000028,2.0390824129141936,58.76142857142857,60.969,0.014380868948140372
PYPL,2024-02-26,58.93,60.175,58.71,59.33,0.00287356321839094,1.4649999999999963,2.4860003393857055,58.82714285714286,60.90166666666667,0.013939757884419325
PYPL,2024-02-27,59.57,60.24,59.44,60.16,0.013989549974717574,0.8000000000000043,1.3429578646970022,58.892857142857146,60.873666666666665,0.013922945404587394
PYPL,2024-02-28,59.7,60.9,59.44,60.25,0.001496010638297962,1.4600000000000009,2.4455611390284773,59.05142857142857,60.93366666666667,0.013132440752377293
PYPL,2024-02-29,60.6,61.8657,60.015,60.34,0.0014937759336099976,1.8506999999999962,3.0539603960395976,59.29571428571428,60.94866666666667,0.01219757252050187
PYPL,2024-03-01,60.53,61.64,60.21,60.54,0.0033145508783558597,1.4299999999999997,2.3624648934412686,59.73285714285714,60.897000000000006,0.006482993206790475
PYPL,2024-03-04,60.41,60.6,58.86,59.98,-0.009250082590023134,1.740000000000002,2.880317828174147,59.965714285714284,60.702333333333335,0.008034185288598759
PYPL,2024-03-05,59.51,60.83,57.87,58.27,-0.028509503167722494,2.960000000000001,4.973953957318099,59.83857142857143,60.52,0.013462031206033537
PYPL,2024-03-06,58.75,58.92,57.91,58.12,-0.0025742234425949473,1.0100000000000051,1.7191489361702215,59.66571428571428,60.298,0.013283914999372358
PYPL,2024-03-07,58.46,59.055,57.95,58.5,0.006538196834136256,1.1049999999999969,1.8901813205610618,59.42857142857143,60.14733333333333,0.011938864644043555
PYPL,2024-03-08,58.72,59.5603,58.242,59.01,0.008717948717948731,1.3183000000000007,2.2450613079019086,59.25142857142857,60.09066666666667,0.012768831837145242
PYPL,2024-03-11,59.0,60.2197,58.945,60.08,0.018132519911879363,1.2747000000000028,2.160508474576276,59.214285714285715,60.034,0.015064442513643628
PYPL,2024-03-12,59.8,60.475,59.296,60.03,-0.0008322237017309719,1.179000000000002,1.9715719063545185,59.14142857142857,59.909666666666666,0.014969818992411477
PYPL,2024-03-13,59.98,63.3,59.81,62.45,0.04031317674496093,3.489999999999995,5.818606202067348,59.49428571428571,59.86866666666667,0.020989540598230945
PYPL,2024-03-14,62.51,64.2,62.21,63.0,0.008807045636509248,1.990000000000002,3.1834906414973636,60.17,59.92366666666667,0.014512576500432701
PYPL,2024-03-15,62.6,63.83,62.43,62.85,-0.0023809523809523725,1.3999999999999986,2.2364217252396146,60.84571428571429,59.95133333333333,0.01448193225471383
PYPL,2024-03-18,63.12,64.76,63.1,64.23,0.021957040572792463,1.6600000000000037,2.6299112801014,61.66428571428571,60.01166666666666,0.014801074098017845
PYPL,2024-03-19,63.77,64.05,62.8,63.01,-0.01899423945196954,1.25,1.960169358632586,62.23571428571429,60.06066666666666,0.01931936770660457
PYPL,2024-03-20,63.58,65.36,63.115,65.05,0.03237581336295814,2.2449999999999974,3.5309845863479046,62.94571428571429,60.105333333333334,0.02104433505970889
PYPL,2024-03-21,65.3,66.99,65.05,66.14,0.016756341275941722,1.9399999999999977,2.9709035222052034,63.81857142857143,60.202000000000005,0.02035021905314121
PYPL,2024-03-22,66.44,67.25,64.75,64.77,-0.020713637738131285,2.5,3.7627934978928357,64.15,60.49,0.020330390850208553
PYPL,2024-03-25,64.8,66.385,64.8,66.0,0.018990273274664293,1.585000000000008,2.445987654321,64.57857142857144,60.72633333333333,0.02096902771353091
PYPL,2024-03-26,66.74,67.97,66.5,66.67,0.010151515151515245,1.4699999999999989,2.202577165118368,65.12428571428572,60.94566666666666,0.020580359607068697
PYPL,2024-03-27,67.72,68.21,66.14,66.57,-0.0014999250037499579,2.069999999999993,3.056704075605424,65.45857142857143,61.22266666666667,0.019951885631424682
PYPL,2024-03-28,66.87,67.72,66.43,66.99,0.006309148264984188,1.289999999999992,1.9291161956033975,66.02714285714285,61.49333333333333,0.016872332473147646
PYPL,2024-04-01,67.0,67.361,65.0,65.03,-0.02925809822361536,2.361000000000004,3.5238805970149314,66.02428571428571,61.67100000000001,0.018581028111601075
PYPL,2024-04-02,63.95,64.84,63.55,64.66,-0.005689681685376091,1.2900000000000063,2.0172009382330045,65.81285714285714,61.855,0.01710685978896145
PYPL,2024-04-03,64.48,65.455,64.41,65.34,0.010516548097742051,1.0450000000000017,1.6206575682382158,65.89428571428572,62.07866666666667,0.01576810513732257
PYPL,2024-04-04,65.99,66.36,64.34,64.54,-0.012243648607284885,2.019999999999996,3.06106985906955,65.68571428571428,62.314,0.014298392579619517
PYPL,2024-04-05,64.7,65.47,64.06,65.15,0.009451502943910839,1.4099999999999966,2.1792890262751103,65.46857142857142,62.54066666666667,0.01419230380413771
PYPL,2024-04-08,65.53,66.7,65.33,66.34,0.018265541059094392,1.3700000000000045,2.0906455058751785,65.43571428571428,62.78,0.016384329571728293
PYPL,2024-04-09,66.95,67.26,66.385,67.0,0.009948748869460289,0.875,1.3069454817027633,65.43714285714286,63.035666666666664,0.016686879746792338
PYPL,2024-04-10,65.12,66.19,65.05,65.88,-0.016716417910447867,1.1400000000000006,1.7506142506142512,65.55857142857143,63.22633333333333,0.013342243325219674
PYPL,2024-04-11,65.845,66.3775,64.68,65.8,-0.0012143290831815312,1.697499999999991,2.5780241476193955,65.72142857142856,63.41133333333334,0.01301940766019611
PYPL,2024-04-12,65.38,65.97,64.16,64.59,-0.01838905775075983,1.8100000000000023,2.7684307127561985,65.61428571428571,63.553,0.014571379076907703
PYPL,2024-04-15,65.06,65.47,63.25,63.51,-0.01672085462145856,2.219999999999999,3.41223486012911,65.46714285714286,63.652,0.015203215923211607
PYPL,2024-04-16,62.99,64.21,62.92,63.43,-0.0012596441505274836,1.289999999999992,2.0479441181139735,65.22142857142858,63.767,0.014350612653524735
PYPL,2024-04-17,63.78,63.97,62.58,63.26,-0.0026801198171212404,1.3900000000000006,2.1793665725932905,64.78142857142856,63.93333333333333,0.010726975980370488
PYPL,2024-04-18,63.85,64.03,61.95,62.1,-0.018337021814732846,2.0799999999999983,3.25763508222396,64.08142857142857,64.066,0.008497897203067714
PYPL,2024-04-19,62.0,62.46,61.725,62.32,0.0035426731078904705,0.7349999999999994,1.185483870967741,63.57285714285714,64.19333333333333,0.009519500421836495
PYPL,2024-04-22,63.04,63.635,62.48,63.19,0.013960205391527536,1.1550000000000011,1.8321700507614231,63.2,64.33266666666667,0.012536299458906108
PYPL,2024-04-23,63.38,64.7,63.2,64.43,0.019623358126285906,1.5,2.3666771852319344,63.17714285714286,64.47766666666666,0.014239714638751929
PYPL,2024-04-24,64.11,65.09,64.02,64.84,0.006363495266180408,1.0700000000000074,1.6690063952581615,63.367142857142866,64.63799999999999,0.012340584018248585
PYPL,2024-04-25,63.47,64.4005,62.95,64.1,-0.011412708204811994,1.450499999999991,2.285331652749316,63.462857142857146,64.693,0.013473511148533793
PYPL,2024-04-26,64.13,66.3,63.75,65.96,0.029017160686427346,2.549999999999997,3.9762981443941947,63.848571428571425,64.79166666666667,0.016734854672067458
PYPL,2024-04-29,66.0,67.55,66.0,66.99,0.015615524560339544,1.5499999999999972,2.348484848484844,64.54714285714286,64.92966666666666,0.01296451965097865
PYPL,2024-04-30,70.0,70.6618,67.22,67.92,0.013882669055082841,3.4418000000000006,4.916857142857143,65.34714285714286,65.05266666666667,0.012561546032985723
PYPL,2024-05-01,67.0,67.8,65.49,66.14,-0.026207302709069458,2.3100000000000023,3.447761194029854,65.76857142857143,65.157,0.019179937954194714
PYPL,2024-05-02,66.7,67.44,65.83,66.98,0.01270033262775927,1.6099999999999994,2.413793103448275,66.13285714285715,65.22133333333333,0.018571164088490726
PYPL,2024-05-03,67.64,67.89,64.72,65.7,-0.01911018214392357,3.1700000000000017,4.686575990538146,66.25571428571429,65.20666666666666,0.020785264044678748
PYPL,2024-05-06,66.0,66.1,64.95,65.61,-0.00136986301369868,1.1499999999999915,1.7424242424242293,66.47142857142858,65.23466666666667,0.02003254428802821
PYPL,2024-05-07,66.08,66.77,65.77,65.92,0.004724889498552098,1.0,1.513317191283293,66.46571428571428,65.232,0.016703724521809488
PYPL,2024-05-08,65.46,65.7,63.77,63.81,-0.03200849514563109,1.9299999999999997,2.9483654139932782,66.01142857142858,65.13666666666667,0.01885908721878777
PYPL,2024-05-09,63.87,64.47,63.41,64.45,0.010029775897194781,1.0600000000000023,1.6596211053702872,65.51571428571428,65.066,0.018200605880308134
PYPL,2024-05-10,64.59,64.94,62.88,62.93,-0.023584173778122608,2.059999999999995,3.1893481963152115,65.05714285714286,64.93066666666667,0.01776880755994589
PYPL,2024-05-13,63.435,64.43,63.19,63.95,0.016208485618941726,1.240000000000009,1.9547568377079043,64.62428571428572,64.89466666666667,0.01845161463017635
PYPL,2024-05-14,64.39,64.86,64.27,64.58,0.009851446442533218,0.5900000000000034,0.9162913495884507,64.46428571428571,64.89200000000001,0.01838509224207623
PYPL,2024-05-15,65.11,65.53,63.48,63.9,-0.01052957572003721,2.0500000000000043,3.148517892796812,64.22,64.844,0.018631600630647213
PYPL,2024-05-16,63.59,64.43,63.4201,64.1,0.003129890453833939,1.009900000000009,1.5881427897468294,63.96,64.82933333333334,0.018522033746676898
PYPL,2024-05-17,64.08,64.71,63.845,64.48,0.005928237129485314,0.8649999999999949,1.3498751560549234,64.05571428571429,64.80699999999999,0.013874405856004366
PYPL,2024-05-20,64.528,65.035,63.77,64.77,0.004497518610421691,1.2649999999999935,1.9603892883709295,64.10142857142857,64.75466666666667,0.013464117753417984
PYPL,2024-05-21,64.39,64.69,63.7,64.1,-0.010344295198394304,0.9899999999999949,1.5375058238856887,64.26857142857143,64.658,0.009938406103800139
PYPL,2024-05-22,63.79,63.91,61.845,62.19,-0.02979719188767549,2.0649999999999977,3.237184511678943,64.01714285714286,64.53500000000001,0.013915092405906857
PYPL,2024-05-23,62.54,62.685,61.2201,61.58,-0.009808650908506134,1.4649,2.3423409018228334,63.58857142857143,64.39433333333334,0.012600092465731154
PYPL,2024-05-24,61.95,62.06,61.27,61.64,0.0009743423189347844,0.7899999999999991,1.2752219531880535,63.26571428571429,64.296,0.012766996734741175
PYPL,2024-05-28,62.3,62.87,61.75,62.17,0.008598312783906659,1.1199999999999974,1.79775280898876,62.99,64.25133333333333,0.01349802899679231
PYPL,2024-05-29,61.23,61.59,60.85,61.05,-0.018015119832716864,0.740000000000002,1.2085578964559889,62.5,64.172,0.01351409735117168
PYPL,2024-05-30,62.77,63.34,62.13,62.51,0.023914823914823913,1.2100000000000009,1.927672454994425,62.17714285714286,64.14699999999999,0.017760506955780696
PYPL,2024-05-31,62.73,63.56,61.77,62.99,0.007678771396576689,1.7899999999999991,2.853499123226525,62.01857142857143,64.17666666666666,0.018146210934904504
PYPL,2024-06-03,63.04,63.52,62.58,63.46,0.007461501825686501,0.9400000000000048,1.4911167512690433,62.2,64.21466666666667,0.013664805556737858
PYPL,2024-06-04,63.14,64.13,63.03,63.33,-0.002048534509927591,1.0999999999999943,1.7421602787456354,62.449999999999996,64.21933333333334,0.01273852073569049
PYPL,2024-06-05,63.76,63.81,62.85,63.53,0.003158060950576358,0.9600000000000009,1.5056461731493114,62.720000000000006,64.18933333333334,0.01267635946677033
PYPL,2024-06-06,64.285,67.82,64.17,67.02,0.054934676530772775,3.6499999999999915,5.677840864898486,63.41285714285714,64.262,0.023073203920231995
PYPL,2024-06-07,66.5,68.2985,66.2,67.3,0.00417785735601317,2.0985000000000014,3.155639097744363,64.30571428571429,64.36866666666667,0.01969774071231883
PYPL,2024-06-10,66.97,67.49,65.8,67.12,-0.0026745913818720934,1.6899999999999977,2.5235179931312497,64.96428571428571,64.40733333333333,0.020068412832103536
PYPL,2024-06-11,67.13,67.15,64.405,64.77,-0.035011918951132426,2.7450000000000045,4.089080887829591,65.21857142857142,64.33333333333333,0.026487603319695577
PYPL,2024-06-12,65.46,65.86,62.9,63.43,-0.02068859039678861,2.960000000000001,4.521845401772076,65.21428571428571,64.18366666666667,0.028017736577979478
PYPL,2024-06-13,63.12,63.625,61.52,61.52,-0.03011193441589144,2.104999999999997,3.3349176172370045,64.95571428571428,64.02966666666666,0.030317197644140797
PYPL,2024-06-14,61.29,61.64,60.31,60.635,-0.01438556566970095,1.3299999999999983,2.17001142111274,64.54214285714285,63.81816666666666,0.030376494752669424
PYPL,2024-06-17,60.37,60.64,59.4805,60.13,-0.008328523130205268,1.1595000000000013,1.9206559549445112,63.55785714285714,63.6325,0.014289942646504121
PYPL,2024-06-18,59.92,60.1054,59.03,59.12,-0.016796939963412694,1.075400000000002,1.7947263017356507,62.38928571428571,63.41616666666666,0.011443190408728413
PYPL,2024-06-20,59.25,60.0,58.79,59.81,0.011671177266576516,1.2100000000000009,2.042194092827006,61.34499999999999,63.2125,0.015329599602786402
PYPL,2024-06-21,59.92,60.76,59.67,60.61,0.013375689683999381,1.0899999999999963,1.8190921228304342,60.75071428571429,63.10583333333333,0.016329016931658943
PYPL,2024-06-24,60.0,60.56,59.46,59.49,-0.01847879887807291,1.1000000000000014,1.8333333333333357,60.18785714285714,62.9405,0.016092324787710666
PYPL,2024-06-25,59.57,59.57,58.97,59.33,-0.0026895276517062694,0.6000000000000014,1.0072183985227487,59.875,62.8205,0.013171237460003267
PYPL,2024-06-26,59.74,59.75,58.03,58.21,-0.018877465026124973,1.7199999999999989,2.8791429527954446,59.52857142857143,62.62916666666667,0.013794261990354821
PYPL,2024-06-27,58.48,58.49,57.21,58.37,0.002748668613640204,1.2800000000000011,2.1887824897400843,59.27714285714286,62.422166666666676,0.014079191796289012
PYPL,2024-06-28,58.32,58.76,57.92,58.03,-0.005824910056535848,0.8399999999999963,1.4403292181069896,59.121428571428574,62.2265,0.013006379029382086
PYPL,2024-07-01,58.36,58.365,57.03,57.81,-0.0037911425124935727,1.3350000000000009,2.287525702535985,58.83571428571429,62.01683333333334,0.011395499279205962
PYPL,2024-07-02,58.78,59.27,58.32,58.97,0.02006573257221933,0.9500000000000028,1.6161959850289263,58.60142857142858,61.83316666666667,0.013295237750833095
PYPL,2024-07-03,59.03,60.01,58.895,59.64,0.01136170934373415,1.1149999999999949,1.8888700660680922,58.62285714285714,61.66216666666666,0.012582342445037595
PYPL,2024-07-05,59.38,60.16,58.83,59.74,0.0016767270288398084,1.3299999999999983,2.2398113843044767,58.681428571428576,61.51683333333333,0.012510079907457295
PYPL,2024-07-08,59.72,60.0299,58.63,59.09,-0.010880482089052568,1.3998999999999953,2.344105827193562,58.80714285714286,61.4135,0.010607292139662956
PYPL,2024-07-09,58.9,59.7,58.42,59.0,-0.0015231003553901612,1.2800000000000011,2.1731748726655367,58.89714285714285,61.3275,0.010692584089681389
PYPL,2024-07-10,59.09,59.31,58.2,58.9,-0.0016949152542372614,1.1099999999999994,1.8784904383144345,59.021428571428565,61.23616666666666,0.010323233183756391
PYPL,2024-07-11,59.55,60.925,59.43,59.97,0.018166383701188504,1.4949999999999974,2.510495382031902,59.33,61.16283333333333,0.011479938384979722
PYPL,2024-07-12,60.39,60.49,59.78,60.24,0.004502251125562795,0.7100000000000009,1.1756913396257673,59.511428571428574,61.13583333333334,0.009478578724330868
PYPL,2024-07-15,60.25,61.02,59.82,60.455,0.00356905710491362,1.2000000000000028,1.9917012448132827,59.62785714285714,61.06733333333334,0.00877635346890195
PYPL,2024-07-16,60.8,62.02,60.68,61.81,0.02241336531304272,1.3400000000000034,2.2039473684210584,59.92357142857143,61.028000000000006,0.011679099153824516
PYPL,2024-07-17,61.11,61.84,60.655,61.22,-0.00954538100630975,1.1850000000000023,1.9391261659302934,60.22785714285715,60.95333333333334,0.011384950423505283
PYPL,2024-07-18,60.55,61.33,59.94,60.0,-0.019928128062724593,1.3900000000000006,2.295623451692817,60.37071428571429,60.842333333333336,0.014792109337494716
PYPL,2024-07-19,59.81,59.83,58.75,59.33,-0.011166666666666658,1.0799999999999983,1.8057181073399067,60.432142857142864,60.70233333333333,0.015647982618941233
PYPL,2024-07-22,59.9,60.79,59.52,60.77,0.02427102646216084,1.269999999999996,2.1202003338898097,60.54642857142857,60.494,0.01687663637227553
PYPL,2024-07-23,60.72,60.95,59.69,59.71,-0.017442817179529446,1.2600000000000051,2.0750988142292575,60.47071428571429,60.241,0.018314899885007202
PYPL,2024-07-24,59.55,59.66,57.98,58.09,-0.027131133813431574,1.6799999999999997,2.821158690176322,60.13285714285714,59.940000000000005,0.020545290553759366
PYPL,2024-07-25,58.16,58.65,57.2,57.22,-0.014976760199690187,1.4499999999999957,2.493122420907833,59.47714285714286,59.688333333333325,0.016549278906569688
PYPL,2024-07-26,57.6,58.31,56.97,58.29,0.018699755330304102,1.3400000000000034,2.326388888888895,59.058571428571426,59.517,0.020002270291459966
PYPL,2024-07-29,58.5,59.1,58.08,58.94,0.011151140847486696,1.0200000000000031,1.743589743589749,58.90714285714285,59.431000000000004,0.02005457320593722
PYPL,2024-07-30,62.775,65.06,62.43,64.0,0.08585001696640648,2.6300000000000026,4.189565909996022,59.574285714285715,59.54316666666667,0.038240579296462525
PYPL,2024-07-31,65.0,66.98,64.17,65.77,0.027656249999999938,2.8100000000000023,4.323076923076926,60.28857142857142,59.73116666666667,0.0384500017547933
PYPL,2024-08-01,65.78,67.3,65.02,65.31,-0.006994070244792372,2.280000000000001,3.4660991182730334,61.08857142857143,59.9375,0.03730346772188362
PYPL,2024-08-02,64.0,64.0,60.89,61.98,-0.05098759761139193,3.1099999999999994,4.859374999999999,61.644285714285715,60.009833333333326,0.04237546544303137
PYPL,2024-08-05,60.7,61.055,58.65,60.48,-0.024201355275895398,2.405000000000001,3.9621087314662287,62.11,60.0055,0.0434144164275176
PYPL,2024-08-06,60.6,63.58,60.31,62.73,0.03720238095238093,3.269999999999996,5.396039603960389,62.74428571428571,60.1135,0.04466710939063977
PYPL,2024-08-07,63.345,65.01,62.64,62.75,0.0003188267176790216,2.3700000000000045,3.7414160549372557,63.28857142857142,60.2275,0.04486366442906573
PYPL,2024-08-08,63.55,64.675,63.16,64.27,0.024223107569721014,1.5150000000000006,2.383949645948073,63.32714285714285,60.4295,0.03152422820755253
PYPL,2024-08-09,64.8,65.5,64.47,64.72,0.007001711529484922,1.0300000000000011,1.589506172839508,63.17714285714286,60.64116666666666,0.02951967186560163
PYPL,2024-08-12,64.95,65.13,63.285,63.46,-0.019468479604449862,1.8449999999999989,2.8406466512702058,62.912857142857135,60.82216666666667,0.030244695645760038
PYPL,2024-08-13,64.0,65.64,63.72,65.11,0.02600063031831068,1.9200000000000017,3.0000000000000027,63.36,61.0655,0.02340929336451994
PYPL,2024-08-14,65.06,66.39,64.66,66.14,0.015819382583320607,1.730000000000004,2.6590839225330525,64.16857142857143,61.3045,0.018884169395806255
PYPL,2024-08-15,67.16,68.12,67.05,67.93,0.02706380405201103,1.0700000000000074,1.593210244192983,64.91142857142857,61.58083333333334,0.01701619168809451
PYPL,2024-08-16,67.37,68.55,67.37,67.96,0.0004416310908286203,1.1799999999999926,1.7515214487160349,65.6557142857143,61.85483333333333,0.017002721868453356
PYPL,2024-08-19,68.22,69.46,68.17,69.43,0.02163037080635677,1.289999999999992,1.890941072999109,66.39285714285714,62.19949999999999,0.01670714868692522
PYPL,2024-08-20,70.0,72.56,69.43,71.89,0.035431369724902684,3.1299999999999955,4.471428571428565,67.41714285714286,62.62916666666667,0.018833124985153982
PYPL,2024-08-21,72.065,72.77,70.87,71.46,-0.005981360411740244,1.8999999999999915,2.6365087074169034,68.56,63.04783333333333,0.014982663595733808
PYPL,2024-08-22,71.74,73.25,70.92,71.52,0.0008396305625524292,2.3299999999999983,3.247839420128239,69.47571428571429,63.432833333333335,0.015527901376639144
PYPL,2024-08-23,72.0,72.0699,70.85,71.7,0.002516778523490082,1.2199000000000098,1.694305555555569,70.27,63.81483333333333,0.016018202932550987
PYPL,2024-08-26,72.07,73.03,71.67,72.05,0.004881450488144923,1.3599999999999994,1.8870542528097678,70.85857142857142,64.20133333333334,0.014605460587290384
PYPL,2024-08-27,71.75,72.35,71.3,71.59,-0.006384455239416997,1.0499999999999972,1.4634146341463377,71.37714285714286,64.52733333333333,0.015440082616765442
PYPL,2024-08-28,71.27,71.5899,70.025,70.43,-0.01620338036038549,1.5648999999999944,2.1957345306580534,71.52000000000001,64.83433333333333,0.01629296447599596
PYPL,2024-08-29,71.4,73.93,71.25,73.16,0.038761891239528445,2.680000000000007,3.753501400560234,71.70142857142856,65.273,0.017435179582848806
PYPL,2024-08-30,73.51,73.67,71.76,72.42,-0.010114816839803087,1.9099999999999966,2.5982859474901328,71.83857142857143,65.70933333333333,0.017840829788858068
PYPL,2024-09-03,71.73,72.9484,71.4,72.0,-0.0057995028997515075,1.5484000000000009,2.1586504949114746,71.90714285714286,66.08366666666667,0.01809016181812996
PYPL,2024-09-04,71.605,73.24,71.59,72.61,0.008472222222222214,1.6499999999999915,2.3043083583548514,72.03714285714285,66.51366666666667,0.018306969953424852
PYPL,2024-09-05,73.66,74.31,71.015,72.04,-0.007850158380388272,3.2950000000000017,4.473255498235137,72.03571428571429,66.97866666666667,0.018596734589252678
PYPL,2024-09-06,71.94,72.05,68.55,68.89,-0.04372570794003339,3.5,4.865165415624132,71.65,67.36766666666666,0.025021390036900324
PYPL,2024-09-09,70.392,70.65,68.25,69.35,0.006677311656263507,2.4000000000000057,3.409478349812487,71.49571428571429,67.73633333333333,0.024839535473279106
PYPL,2024-09-10,69.34,69.74,67.178,68.85,-0.007209805335255948,2.5619999999999976,3.6948370349004866,70.88000000000001,68.06666666666666,0.01718160094819326
PYPL,2024-09-11,69.16,69.7,67.76,69.34,0.007116920842411112,1.9399999999999977,2.805089647194907,70.44,68.24466666666666,0.018121600835969597
PYPL,2024-09-12,69.14,70.38,69.1,70.36,0.014710124026535931,1.2800000000000011,1.8513161700896748,70.20571428571428,68.39766666666667,0.019752633114371813
PYPL,2024-09-13,70.04,70.6202,69.865,70.1,-0.0036952814098920594,0.7552000000000021,1.078241005139923,69.84714285714286,68.55733333333335,0.01908711665730643
PYPL,2024-09-16,70.46,71.24,70.0699,71.07,0.013837375178316735,1.1700999999999908,1.6606585296622067,69.70857142857143,68.86033333333333,0.020244741078600262
PYPL,2024-09-17,71.93,72.17,71.12,71.77,0.009849444209933944,1.0499999999999972,1.4597525371889295,70.11999999999999,69.23666666666666,0.008388879772434832
PYPL,2024-09-18,71.45,73.87,71.36,73.12,0.018810087780409823,2.510000000000005,3.5129461161651574,70.65857142857143,69.583,0.009723896840687925
PYPL,2024-09-19,75.0,78.2418,74.81,77.57,0.060858862144419934,3.4317999999999955,4.575733333333328,71.9042857142857,70.077,0.020487143669077727
PYPL,2024-09-20,77.31,77.57,75.462,76.76,-0.010442181255639893,2.10799999999999,2.7266847755788253,72.96428571428571,70.49333333333334,0.022884383512043586
PYPL,2024-09-23,77.53,78.8,77.35,77.67,0.01185513288170914,1.4500000000000028,1.8702437766026092,74.00857142857141,70.92499999999998,0.022912651879306526
PYPL,2024-09-24,77.88,78.83,77.67,78.34,0.00862623921720096,1.1599999999999966,1.4894709809964004,75.18571428571428,71.421,0.02173010056061629
PYPL,2024-09-25,78.23,79.26,77.34,77.36,-0.012509573653306183,1.9200000000000017,2.45430141889301,76.08428571428571,71.82933333333334,0.024333232927287916
PYPL,2024-09-26,78.945,80.43,78.47,80.06,0.0349017580144777,1.960000000000008,2.482741148901144,77.26857142857143,72.29333333333334,0.025693793463750614
PYPL,2024-09-27,80.4,80.6299,77.73,77.88,-0.027229577816637596,2.8999000000000024,3.6068407960199034,77.94857142857143,72.625,0.03033270615941599
PYPL,2024-09-30,77.87,78.5952,77.24,78.02,0.0017976373908576981,1.3552000000000106,1.7403364581995768,78.01285714285714,72.96033333333334,0.02015068242102488
PYPL,2024-10-01,78.21,79.01,76.39,77.47,-0.00704947449371951,2.6200000000000045,3.3499552486894317,78.11428571428571,73.22833333333332,0.019868428626509234
PYPL,2024-10-02,77.47,77.76,76.18,77.44,-0.0003872466761326576,1.5799999999999983,2.0394991609655326,78.08142857142856,73.41333333333334,0.01933507845436839
PYPL,2024-10-03,76.56,77.4,76.08,77.31,-0.0016787190082644399,1.3200000000000074,1.7241379310344924,77.9342857142857,73.60833333333333,0.018933478862719587
PYPL,2024-10-04,78.16,79.53,77.985,79.36,0.026516621394386153,1.5450000000000017,1.9767144319344958,78.22,73.86966666666667,0.020878451398006568
PYPL,2024-10-07,79.29,80.49,78.615,80.29,0.01171875,1.875,2.364737041241014,78.25285714285714,74.15599999999999,0.016511924119116922
PYPL,2024-10-08,79.99,81.3999,79.575,81.16,0.010835720513139746,1.8248999999999995,2.2814101762720336,78.72142857142856,74.45966666666666,0.011289520468670183
PYPL,2024-10-09,80.9,82.0,80.85,81.63,0.00579103006407089,1.1500000000000057,1.4215080346106375,79.23714285714286,74.79433333333333,0.01114380823347804
PYPL,2024-10-10,79.94,80.075,78.6,78.981,-0.03245130466740165,1.4750000000000085,1.8451338503878016,79.45299999999999,75.07936666666667,0.01820409287914408
PYPL,2024-10-11,79.54,80.7263,79.16,80.51,0.01935908636254302,1.5662999999999982,1.9691978878551648,79.89157142857142,75.32436666666666,0.01911576116775201
PYPL,2024-10-14,80.34,80.98,79.82,80.67,0.0019873307663644812,1.1600000000000108,1.4438635797859232,80.37157142857143,75.59936666666665,0.018928339093675216
PYPL,2024-10-15,80.15,81.06,78.65,79.55,-0.013883723813065685,2.4099999999999966,3.0068621334996837,80.39871428571428,75.85103333333333,0.017847674099942968
PYPL,2024-10-16,79.81,80.85,79.45,80.82,0.015964802011313672,1.3999999999999915,1.7541661445933987,80.47442857142858,76.1247,0.018358170864360774
PYPL,2024-10-17,80.75,80.9,79.225,79.82,-0.012373174956693878,1.6750000000000114,2.0743034055727696,80.283,76.38403333333333,0.018399650371029704
PYPL,2024-10-18,79.5,80.97,78.94,80.94,0.014031571034828438,2.030000000000001,2.553459119496857,80.18442857142857,76.78569999999999,0.01924263545527382
PYPL,2024-10-21,80.315,81.36,80.04,80.56,-0.0046948356807511304,1.3199999999999932,1.6435286061134198,80.41,77.15936666666667,0.01377787487953846
PYPL,2024-10-22,80.05,81.42,80.04,80.91,0.004344587884806295,1.3799999999999955,1.7239225484072398,80.46714285714286,77.56136666666666,0.01182053241856352
PYPL,2024-10-23,81.18,82.24,80.09,80.83,-0.0009887529353602709,2.1499999999999915,2.6484355752648328,80.49,77.94436666666665,0.011822891008731351
PYPL,2024-10-24,81.235,82.48,80.92,81.39,0.006928120747247357,1.5600000000000023,1.9203545269896007,80.75285714285714,78.31203333333335,0.010147049334651482
PYPL,2024-10-25,82.01,82.8,81.4,81.7,0.0038088217225704657,1.3999999999999915,1.707108889159848,80.87857142857142,78.69869999999999,0.00853344159884945
PYPL,2024-10-28,82.03,83.7,81.88,83.59,0.023133414932680507,1.8200000000000074,2.218700475435825,81.41714285714286,79.11603333333333,0.009369373405906331
PYPL,2024-10-29,78.04,81.25,76.81,80.28,-0.03959803804282813,4.439999999999998,5.68939005638134,81.32285714285715,79.3997,0.019150396182467517
PYPL,2024-10-30,79.03,79.71,77.99,78.21,-0.02578475336322883,1.7199999999999989,2.176388713146905,80.98714285714287,79.56936666666667,0.02135851028588613
PYPL,2024-10-31,78.49,79.82,78.3,79.285,0.01374504539061494,1.519999999999996,1.936552427060767,80.755,79.62653333333333,0.02224922011227082
PYPL,2024-11-01,77.865,78.3089,76.46,77.25,-0.025666897899981,1.8489000000000004,2.374494317087267,80.24357142857143,79.64286666666665,0.023835301512651782
PYPL,2024-11-04,77.26,78.44,77.0,78.13,0.011391585760517797,1.4399999999999977,1.8638363965829636,79.77785714285714,79.65820000000001,0.024300355192506628
PYPL,2024-11-05,77.81,79.41,77.81,79.25,0.014335082554716605,1.5999999999999943,2.0562909651715646,79.42785714285715,79.68853333333333,0.025283087328238103
PYPL,2024-11-06,81.345,81.69,80.0,81.38,0.026876971608832845,1.6899999999999977,2.0775708402483226,79.11214285714286,79.82253333333333,0.02598411586769101
PYPL,2024-11-07,81.695,82.74,81.13,81.35,-0.00036864094372079936,1.6099999999999994,1.9707448436256805,79.265,79.86553333333333,0.020575820297766598
PYPL,2024-11-08,81.46,83.07,81.4289,83.01,0.020405654578979915,1.6410999999999945,2.0146083967591393,79.95071428571428,80.03653333333334,0.017297375271437064
PYPL,2024-11-11,84.07,87.47,83.38,86.97,0.04770509577159365,4.090000000000003,4.864993457832763,81.04857142857144,80.33486666666666,0.022833248082028676
PYPL,2024-11-12,86.88,87.92,85.6746,86.39,-0.006668966310221847,2.2454000000000036,2.584484346224682,82.35428571428572,80.6322,0.018020144357666773
PYPL,2024-11-13,86.8,87.9,86.08,87.31,0.010649380715360701,1.8200000000000074,2.0967741935483954,83.6657142857143,80.9612,0.018055572277976537
PYPL,2024-11-14,87.06,87.4725,85.475,85.79,-0.01740923147405793,1.9975000000000023,2.294394670342295,84.60000000000001,81.24386666666668,0.022113140983961454
PYPL,2024-11-15,85.5,86.2,85.1014,85.83,0.00046625480825257526,1.0986000000000047,1.28491228070176,85.2357142857143,81.45953333333334,0.02131040595600522
PYPL,2024-11-18,86.055,86.84,84.575,84.67,-0.013515087964581118,2.2650000000000006,2.6320376503398992,85.71000000000001,81.60553333333334,0.02268770308303171
PYPL,2024-11-19,82.99,84.235,82.5,84.09,-0.00685012401086571,1.7349999999999994,2.0906133269068556,85.86428571428573,81.7032,0.02212469018475786
PYPL,2024-11-20,84.51,85.39,84.24,84.74,0.007729813295278776,1.1500000000000057,1.3607857058336357,85.54571428571428,81.80686666666666,0.010463484339120224
PYPL,2024-11-21,85.16,85.49,84.21,84.82,0.0009440641963653906,1.2800000000000011,1.5030530765617676,85.32142857142857,82.0015,0.010493830489244923
PYPL,2024-11-22,84.68,86.8,84.64,86.77,0.022989860881867497,2.1599999999999966,2.550779404818135,85.24428571428572,82.21016666666667,0.013647369143191472
PYPL,2024-11-25,87.905,88.74,86.97,87.77,0.011524720525527332,1.769999999999996,2.0135373414481497,85.52714285714285,82.44683333333333,0.012071367714465344
PYPL,2024-11-26,87.4,88.18,86.9,86.94,-0.009456534123276739,1.2800000000000011,1.4645308924485139,85.68571428571428,82.69316666666666,0.013009469962199842
PYPL,2024-11-27,87.55,87.66,86.27,86.57,-0.004255808603634725,1.3900000000000006,1.5876641918903491,85.95714285714284,82.88483333333333,0.011570959733374213
PYPL,2024-11-29,86.39,87.08,85.82,86.77,0.0023102691463556813,1.2600000000000051,1.4585021414515629,86.33999999999999,83.1165,0.010727925093367948
PYPL,2024-12-02,86.57,87.47,85.84,86.53,-0.00276593292612648,1.6299999999999955,1.8828693542797685,86.59571428571428,83.30283333333334,0.010939332055032702
PYPL,2024-12-03,86.4,86.4,84.615,85.14,-0.01606379290419513,1.7850000000000108,2.0659722222222348,86.64142857142858,83.4555,0.01314853404140696
PYPL,2024-12-04,85.68,90.14,85.24,89.33,0.04921306084096777,4.900000000000006,5.718954248366019,87.00714285714285,83.73616666666666,0.0216038988196107
PYPL,2024-12-05,89.59,90.27,88.27,89.045,-0.0031904175528937317,2.0,2.232392008036611,87.18928571428572,84.01,0.02150602125443986
PYPL,2024-12-06,89.49,90.04,88.545,89.88,0.009377281149980377,1.4950000000000045,1.6705777181808075,87.60928571428572,84.29299999999999,0.020967895633396343
PYPL,2024-12-09,92.25,93.66,89.73,90.0,0.001335113484646211,3.9299999999999926,4.260162601626008,88.09928571428573,84.56966666666668,0.020663217596933122
PYPL,2025-01-27,87.545,90.29,87.39,90.24,0.002666666666666595,2.9000000000000057,3.312582100633966,88.59500000000001,84.79133333333333,0.020653780622596884
PYPL,2025-01-28,89.76,89.83,86.88,88.19,-0.022717198581560294,2.950000000000003,3.286541889483069,88.83214285714284,85.055,0.023246156981360098
PYPL,2025-01-29,88.17,89.415,88.17,88.76,0.006463317836489457,1.2450000000000045,1.4120449132357997,89.3492857142857,85.40666666666667,0.021682614582828722
PYPL,2025-01-30,89.51,90.925,88.84,89.57,0.009125732311852097,2.0849999999999937,2.3293486761255653,89.38357142857144,85.7495,0.01115640543893802
PYPL,2025-01-31,89.57,90.4,88.54,88.58,-0.011052807859774472,1.8599999999999994,2.076588143351568,89.31714285714284,86.12716666666667,0.011950049885710237
PYPL,2025-02-03,86.5,89.71,86.0,89.51,0.010498983969293274,3.7099999999999937,4.289017341040456,89.2642857142857,86.5065,0.01211388056147041
PYPL,2025-02-04,82.26,82.69,77.38,77.725,-0.13166126689755342,5.310000000000002,6.455142231947486,87.51071428571427,86.45566666666667,0.05090297524640987
PYPL,2025-02-05,78.21,79.5,77.67,79.2,0.018977163074943793,1.8299999999999983,2.339854238588414,85.93357142857143,86.383,0.05243825979291338
PYPL,2025-02-06,79.68,79.74,78.11,78.57,-0.007954545454545547,1.6299999999999955,2.045682730923689,84.5592857142857,86.29033333333334,0.05247600832580291
PYPL,2025-02-07,79.0,79.49,77.23,77.31,-0.016036655211912776,2.259999999999991,2.8607594936708747,82.92357142857144,86.10033333333332,0.05161813141021094
PYPL,2025-02-10,78.16,78.92,77.61,78.24,0.01202949165696543,1.3100000000000023,1.6760491299897675,81.30499999999999,85.80933333333334,0.05188624494198091
PYPL,2025-02-11,77.815,77.85,76.04,76.21,-0.025945807770961116,1.809999999999988,2.326029685793212,79.53785714285713,85.47,0.05186470637908179
PYPL,2025-02-12,75.42,76.85,75.3,76.27,0.0007872982548222662,1.5499999999999972,2.0551577830814067,77.64642857142857,85.10200000000002,0.05103573825108086
PYPL,2025-02-13,76.37,76.925,75.73,76.59,0.00419562082076852,1.1949999999999932,1.564750556501235,77.48428571428572,84.79533333333332,0.015752821820882036
PYPL,2025-02-14,76.9,78.33,76.63,77.97,0.018018018018018056,1.7000000000000028,2.210663198959691,77.30857142857143,84.53333333333333,0.015542795914083023
PYPL,2025-02-18,78.2,78.76,77.5006,78.62,0.008336539694754563,1.2593999999999994,1.6104859335038353,77.3157142857143,84.33166666666666,0.015743591417408328
PYPL,2025-02-19,78.5,79.0,77.535,78.36,-0.0033070465530400384,1.4650000000000034,1.866242038216565,77.46571428571428,84.14066666666668,0.014217019088252953
PYPL,2025-02-20,78.12,78.17,76.85,77.63,-0.009315977539561038,1.3200000000000074,1.689708141321054,77.37857142857142,83.90366666666665,0.013998860183954388
PYPL,2025-02-21,77.44,77.48,74.75,74.95,-0.034522736055648484,2.730000000000004,3.525309917355377,77.19857142857143,83.57466666666667,0.016664398072862966
PYPL,2025-02-24,75.245,75.88,73.97,75.27,0.004269513008672288,1.9099999999999966,2.538374642833406,77.05571428571429,83.19133333333335,0.01682170014801262
PYPL,2025-02-25,77.18,77.5683,72.7,74.05,-0.0162083167264514,4.868299999999991,6.307722207825848,76.69285714285714,82.734,0.017376191819519434
PYPL,2025-02-26,74.47,74.48,71.77,72.05,-0.0270087778528022,2.710000000000008,3.639049281589913,75.84714285714286,82.23766666666667,0.015841517609071838
PYPL,2025-02-27,72.15,72.55,70.58,70.73,-0.018320610687022842,1.9699999999999989,2.7304227304227284,74.72,81.70966666666666,0.013404805058617499
PYPL,2025-02-28,70.5,71.12,69.682,71.045,0.004453555775484119,1.4380000000000024,2.0397163120567408,73.675,81.1855,0.014775797564913895
PYPL,2025-03-03,71.1,71.57,69.5,69.76,-0.01808712787669786,2.069999999999993,2.911392405063282,72.55071428571429,80.6265,0.014703140439760247
PYPL,2025-03-04,69.05,69.08,66.34,67.48,-0.03268348623853212,2.739999999999995,3.9681390296886243,71.48357142857142,80.03783333333332,0.014308519066753804
PYPL,2025-03-05,67.98,69.69,67.715,69.5,0.029934795494961364,1.9749999999999943,2.9052662547808095,70.65928571428572,79.37683333333332,0.02149321129918435
PYPL,2025-03-06,68.82,69.86,67.81,68.08,-0.02043165467625907,2.049999999999997,2.9787852368497494,69.80642857142857,78.67799999999998,0.021717581814057592
PYPL,2025-03-07,67.95,70.98,67.95,70.47,0.035105757931845005,3.030000000000001,4.459161147902871,69.58071428571428,78.03099999999999,0.02658158748601262
PYPL,2025-03-10,69.02,69.97,66.99,68.17,-0.032638001986661,2.980000000000004,4.317589104607366,69.215,77.30333333333333,0.02845424352214999
PYPL,2025-03-11,68.41,68.95,67.165,67.985,-0.0027138037259791803,1.7849999999999966,2.609267650928222,68.77785714285714,76.5615,0.02818900803573657
PYPL,2025-03-12,68.87,69.38,67.905,68.62,0.009340295653452957,1.4749999999999943,2.141716277043697,68.61500000000001,75.90916666666666,0.02812374022330795
PYPL,2025-03-13,68.33,68.91,66.7,66.91,-0.024919848440687953,2.2099999999999937,3.2343041123957175,68.53357142857143,75.18083333333334,0.026836207220960046
PYPL,2025-03-14,67.81,69.14,67.53,68.95,0.030488716185921527,1.6099999999999994,2.3742810794868006,68.455,74.4935,0.026942898633283557
PYPL,2025-03-17,68.67,70.22,67.98,69.65,0.010152284263959421,2.239999999999995,3.261977573904172,68.67928571428573,73.8625,0.025683706877354603
PYPL,2025-03-18,69.07,69.41,68.32,68.88,-0.011055276381909729,1.0900000000000034,1.5781091646156127,68.45214285714286,73.17483333333332,0.02187312973761147
PYPL,2025-03-19,69.1,70.48,68.845,70.0,0.016260162601626105,1.6350000000000051,2.3661360347322797,68.71357142857143,72.91733333333333,0.018377516011811566
PYPL,2025-03-20,69.435,70.81,69.25,69.67,-0.004714285714285671,1.5600000000000023,2.246705551955069,68.9542857142857,72.59966666666668,0.018513214743906936
PYPL,2025-03-21,68.62,70.41,68.55,70.19,0.007463757714941899,1.8599999999999994,2.7105800058292036,69.17857142857143,72.32033333333334,0.018430491248495235
PYPL,2025-03-24,71.55,71.66,70.505,70.97,0.011112694115970934,1.1550000000000011,1.614255765199163,69.75857142857143,72.109,0.013609884720411787
PYPL,2025-03-25,71.0,71.71,70.5476,70.86,-0.0015499506833873689,1.162399999999991,1.6371830985915368,70.03142857142858,71.863,0.009866920185785662
PYPL,2025-03-26,70.93,71.6,69.545,69.97,-0.012559977420265267,2.0549999999999926,2.8972226138446247,70.07714285714285,71.655,0.011140624631460237
PYPL,2025-03-27,69.06,69.955,68.75,68.86,-0.01586394168929539,1.2049999999999983,1.7448595424268725,70.07428571428571,71.408,0.012094309299767549
PYPL,2025-03-28,68.06,68.24,64.95,65.15,-0.05387743247168153,3.289999999999992,4.833970026447241,69.38142857142857,71.02666666666667,0.021665022329776785
PYPL,2025-03-31,64.28,65.43,63.44,65.21,0.0009209516500381376,1.990000000000009,3.095830740510282,68.74428571428572,70.60133333333333,0.021996263000896053
PYPL,2025-04-01,64.62,66.36,64.6,66.1,0.013648213464192649,1.7600000000000051,2.723614979882397,68.16,70.184,0.0228831384995043
PYPL,2025-04-02,65.25,67.57,65.1,67.15,0.015885022692889716,2.469999999999999,3.7854406130268177,67.61428571428571,69.81033333333333,0.023617549597346667
PYPL,2025-04-03,63.15,63.94,60.95,61.71,-0.0810126582278482,2.989999999999995,4.734758511480594,66.30714285714285,69.27966666666666,0.036039390456975164
PYPL,2025-04-04,59.885,60.19,57.32,58.38,-0.0539620807000486,2.8699999999999974,4.792518994739914,64.65142857142857,68.72733333333333,0.03814595012320686
PYPL,2025-04-07,56.74,61.48,55.85,58.54,0.0027406646111680644,5.6299999999999955,9.922453295734924,63.17714285714286,68.16966666666666,0.03950398149924076
PYPL,2025-04-08,59.93,61.255,56.46,57.41,-0.01930304065596178,4.795000000000002,8.00100116802937,62.07142857142857,67.615,0.03696866257338291
PYPL,2025-04-09,56.76,64.17,56.51,63.9,0.11304650757707724,7.660000000000004,13.495419309372805,61.88428571428572,67.34333333333333,0.061996954291362094
PYPL,2025-04-10,62.3,62.45,58.94,60.56,-0.05226917057902969,3.510000000000005,5.634028892455867,61.09285714285715,67.00433333333334,0.06431446017806187
PYPL,2025-04-11,60.53,62.81,60.48,62.59,0.03352047556142668,2.3300000000000054,3.8493309102924256,60.44142857142857,66.7225,0.06585619265905143
PYPL,2025-04-14,63.62,63.88,61.69,62.27,-0.005112637801565789,2.190000000000005,3.442313737818304,60.52142857142858,66.47283333333333,0.05759574511689616
PYPL,2025-04-15,62.36,62.78,61.65,62.0,-0.0043359563192548745,1.1300000000000026,1.812059012187304,61.03857142857144,66.29016666666666,0.05227189084208017
PYPL,2025-04-16,61.375,61.46,59.72,60.24,-0.028387096774193488,1.740000000000002,2.8350305498981703,61.28142857142858,65.9815,0.054254521804241354
PYPL,2025-04-17,60.35,61.47,60.1494,61.0,0.012616201859229736,1.3205999999999989,2.188235294117645,61.79428571428572,65.7455,0.05317181101475986
PYPL,2025-04-21,60.24,60.96,59.455,60.285,-0.01172131147540989,1.5050000000000026,2.4983399734395793,61.277857142857144,65.40599999999999,0.027567998690963966
PYPL,2025-04-22,60.76,61.91,59.95,61.42,0.0188272372895415,1.9599999999999937,3.225806451612893,61.40071428571429,65.181,0.020782609968097675
PYPL,2025-04-23,62.95,64.52,62.17,62.46,0.016932595245848336,2.3499999999999943,3.733121525019848,61.38214285714286,64.99683333333333,0.017264138856634994
PYPL,2025-04-24,62.9,64.83,62.825,64.77,0.03698366954851107,2.0049999999999955,3.187599364069945,61.73928571428571,64.8685,0.021950712931529538
PYPL,2025-04-25,64.485,65.42,64.485,65.34,0.008800370541917735,0.9350000000000023,1.4499496006823327,62.21642857142857,64.81616666666667,0.021491982962143875
PYPL,2025-04-28,65.305,65.82,64.13,64.93,-0.006274869911233494,1.6899999999999977,2.5878569787918195,62.88642857142857,64.68216666666666,0.016297454551441378
PYPL,2025-04-29,66.37,67.43,64.36,66.32,0.021407669798244156,3.0700000000000074,4.625583848124163,63.64642857142858,64.57116666666667,0.016784955512045268
PYPL,2025-04-30,65.155,65.99,63.61,65.78,-0.008142340168878048,2.3799999999999955,3.6528278719975376,64.43142857142857,64.46783333333333,0.015971927765689058
PYPL,2025-05-01,65.62,66.12,64.85,65.41,-0.005624809972636147,1.2700000000000102,1.93538555318502,65.00142857142858,64.31483333333333,0.017033795623483065
PYPL,2025-05-02,66.18,67.76,65.98,67.248,0.028099678948173112,1.7800000000000011,2.6896343306134796,65.68542857142857,64.2341,0.01835531200257585
PYPL,2025-05-05,66.96,69.36,66.91,68.54,0.019212467285272483,2.450000000000003,3.6589008363201962,66.224,64.1791,0.01505430770743439
PYPL,2025-05-06,67.95,68.93,67.91,68.05,-0.007149110008754178,1.0200000000000102,1.501103752759397,66.61114285714287,64.08176666666667,0.01611956975157666
PYPL,2025-05-07,68.23,68.94,67.72,68.69,0.009404849375459268,1.2199999999999989,1.7880697640334149,67.14828571428572,64.00943333333333,0.01520390985034371
PYPL,2025-05-08,69.3,70.946,69.3,70.48,0.026059106128985432,1.6460000000000008,2.3751803751803764,67.74257142857142,64.02643333333333,0.015961527534696852
PYPL,2025-05-09,70.87,71.32,70.01,70.26,-0.0031214528944381037,1.309999999999988,1.848454917454477,68.38257142857144,64.0731,0.015164246510308966
PYPL,2025-05-12,72.97,74.12,71.85,72.31,0.029177341303729065,2.2700000000000102,3.1108674797862275,69.36828571428572,64.31176666666666,0.015062930469347457
PYPL,2025-05-13,72.42,72.65,71.89,72.29,-0.00027658691743870367,0.7600000000000051,1.0494338580502693,70.08857142857143,64.54776666666667,0.014612778932980372
PYPL,2025-05-14,72.66,73.34,72.2403,72.68,0.005394937059067573,1.0996999999999986,1.5134874759152197,70.67999999999999,64.7671,0.014161662402650106
PYPL,2025-05-15,72.31,72.67,71.44,71.57,-0.015272427077600681,1.230000000000004,1.7010095422486569,71.18285714285715,64.91443333333333,0.015885514914562346
PYPL,2025-05-16,71.47,72.22,71.08,72.172,0.008411345535838999,1.1400000000000006,1.5950748565831827,71.68028571428572,65.26316666666666,0.015868399602313735
PYPL,2025-05-19,71.16,72.54,71.11,72.32,0.002050656764396086,1.4300000000000068,2.00955593029793,71.94314285714286,65.72783333333334,0.013534847381466712
PYPL,2025-05-20,71.89,72.78,71.83,72.61,0.004009955752212413,0.9500000000000028,1.3214633467798065,72.27885714285715,66.19683333333333,0.013194102780181976
PYPL,2025-05-21,72.2,73.2042,71.505,71.65,-0.013221319377496155,1.6992000000000047,2.3534626038781226,72.18457142857143,66.6715,0.009282091845401451
PYPL,2025-05-22,71.62,71.941,71.33,71.45,-0.002791346824843055,0.6110000000000042,0.8531136554035245,72.06457142857143,66.92316666666667,0.009285812783336901
PYPL,2025-05-23,69.455,70.14,69.455,69.85,-0.022393282015395477,0.6850000000000023,0.9862500899863254,71.66028571428572,67.23283333333333,0.011465490282146508
PYPL,2025-05-27,70.75,71.995,70.665,71.48,0.023335719398711596,1.3299999999999983,1.8798586572438138,71.64742857142858,67.52916666666667,0.014830117564826783
PYPL,2025-05-28,71.58,72.035,71.1,71.442,-0.0005316172355904758,0.9350000000000023,1.306230790723669,71.54314285714285,67.8349,0.014353700556578893
PYPL,2025-05-29,72.16,72.4492,70.25,70.93,-0.007166652669297946,2.1992000000000047,3.047671840354774,71.34457142857143,68.13256666666668,0.014411014678163145
PYPL,2025-05-30,70.96,71.08,69.52,70.28,-0.00916396447201473,1.5600000000000023,2.198421645997749,71.01171428571429,68.46723333333333,0.014251097432183984
PYPL,2025-06-02,69.275,70.96,69.05,70.948,0.009504837791690202,1.9099999999999966,2.7571273908336287,70.91142857142857,68.79883333333333,0.014535371798577085
PYPL,2025-06-03,71.0,71.43,69.86,71.33,0.005384225066245696,1.5700000000000074,2.211267605633813,70.89428571428572,69.167,0.014724224366856362
PYPL,2025-06-04,71.49,73.07,71.33,72.808,0.020720594420300165,1.7399999999999949,2.433906840117492,71.31685714285715,69.5466,0.012753128577512238
PYPL,2025-06-05,72.795,73.55,72.08,72.47,-0.004642346994835789,1.4699999999999989,2.0193694621883354,71.45828571428571,69.88026666666666,0.01062564610638834
PYPL,2025-06-06,73.265,73.62,72.64,73.43,0.013246860769973834,0.980000000000004,1.3376100457244304,71.74228571428571,70.16893333333334,0.011328241603413664
PYPL,2025-06-09,73.7,73.97,72.95,73.55,0.0016342094511778704,1.019999999999996,1.3839891451831696,72.11657142857142,70.4426,0.01032880246840683
PYPL,2025-06-10,73.58,75.27,73.33,74.76,0.016451393609789422,1.9399999999999977,2.6365860288121743,72.75657142857143,70.77026666666667,0.008799228877316503
PYPL,2025-06-11,75.1,75.21,73.93,74.61,-0.0020064205457465123,1.279999999999987,1.7043941411451224,73.27971428571429,71.0466,0.009697182954569181
PYPL,2025-06-12,74.02,75.3068,74.0,74.81,0.0026806058169146496,1.3067999999999955,1.7654687922183134,73.77685714285714,71.34760000000001,0.009836970402407715
PYPL,2025-06-13,73.3,74.215,70.5307,70.83,-0.05320144365726509,3.6843000000000075,5.026330150068223,73.49428571428572,71.52826666666667,0.0231537947370706
PYPL,2025-06-16,71.63,72.485,71.07,72.26,0.020189185373429508,1.4150000000000063,1.9754292894038898,73.46428571428571,71.69533333333332,0.024825598456850333
PYPL,2025-06-17,71.92,72.1,70.465,70.67,-0.022003874896208142,1.634999999999991,2.2733592880978737,73.07000000000001,71.76633333333332,0.02522865022271807
PYPL,2025-06-18,70.51,71.2759,67.52,68.57,-0.029715579453799434,3.755899999999997,5.326762161395542,72.35857142857142,71.78366666666668,0.02656470520906105
PYPL,2025-06-20,68.83,70.55,68.55,70.06,0.021729619367070185,2.0,2.9057097195990123,71.68714285714286,71.82933333333334,0.027488190922605824
PYPL,2025-06-23,71.0,72.1469,70.16,72.01,0.02783328575506716,1.9869000000000057,2.79845070422536,71.3157142857143,71.88033333333333,0.030844917101396675
PYPL,2025-06-24,73.125,73.94,72.55,73.58,0.021802527426746154,1.3900000000000006,1.9008547008547019,71.14,71.991,0.032408535012751705
PYPL,2025-06-25,74.14,74.2499,72.415,73.07,-0.006931231312856778,1.8348999999999904,2.4749123280280423,71.46000000000001,72.01633333333332,0.02377107043160268
PYPL,2025-06-26,73.245,73.38,71.61,73.17,0.0013685507048037948,1.769999999999996,2.416547204587338,71.59,72.04566666666666,0.02277054107703645
PYPL,2025-06-27,73.27,73.75,72.855,73.645,0.00649173158398253,0.894999999999996,1.2215094854647142,72.015,72.07783333333333,0.020158938344966505
PYPL,2025-06-30,73.94,74.54,73.66,74.3,0.008894018602756404,0.8800000000000097,1.190154179064119,72.83357142857143,72.16883333333334,0.012594483793299527
PYPL,2025-07-01,73.95,75.695,73.8,75.29,0.013324360699865423,1.894999999999996,2.5625422582826176,73.5807142857143,72.27276666666667,0.011846026946468215
PYPL,2025-07-02,75.01,76.865,75.0,76.31,0.013547615885243669,1.8649999999999949,2.486335155312618,74.19500000000001,72.40576666666668,0.009298166741835596
PYPL,2025-07-03,76.71,77.36,76.475,76.59,0.003669243873673178,0.8850000000000051,1.1536957371920287,74.625,72.53843333333334,0.007222040083268714
PYPL,2025-07-07,76.21,76.83,75.62,76.18,-0.005353179266222696,1.2099999999999937,1.5877181472247655,75.06928571428571,72.68943333333333,0.00677011644487183
PYPL,2025-07-08,76.44,76.515,74.51,75.03,-0.015095825676030517,2.0049999999999955,2.622972265829403,75.33500000000001,72.80876666666668,0.010484862667116766
PYPL,2025-07-09,75.49,75.79,74.375,74.83,-0.0026656004264961064,1.4150000000000063,1.8744204530401463,75.50428571428571,72.97476666666668,0.010639842098718768
PYPL,2025-07-10,74.455,76.22,74.13,75.7,0.011626353066951811,2.0900000000000034,2.8070646699348645,75.70428571428572,73.11543333333334,0.010965844369439114
PYPL,2025-07-11,71.36,71.36,70.79,71.36,-0.05733157199471606,0.5699999999999932,0.7987668161434882,75.14285714285714,73.1127,0.024160294442317893
PYPL,2025-07-14,71.56,74.31,71.54,73.89,0.035454035874439516,2.769999999999996,3.8708775852431465,74.79714285714286,73.21136666666666,0.028373096450895224
PYPL,2025-07-15,73.77,73.91,72.94,72.965,-0.01251860874272559,0.9699999999999989,1.3148976548732534,74.27928571428572,73.30086666666668,0.02828033207169172
PYPL,2025-07-16,73.26,73.58,71.73,72.97,6.852600561901845e-05,1.8499999999999943,2.525252525252517,73.82071428571429,73.36826666666666,0.028392750285453513
PYPL,2025-07-17,72.47,74.18,72.35,73.86,0.012196793202686074,1.8300000000000125,2.5251828342762694,73.65357142857144,73.4526,0.028771741502470357
PYPL,2025-07-18,74.1,74.35,73.2841,74.17,0.004197129704847091,1.0658999999999992,1.4384615384615373,73.5592857142857,73.498,0.028857363562795897
PYPL,2025-07-21,74.35,76.23,74.24,74.82,0.008763651071861833,1.990000000000009,2.6765299260255673,73.43357142857143,73.57633333333334,0.028669915976377774
PYPL,2025-07-22,74.765,76.15,74.765,76.0,0.01577118417535428,1.3850000000000051,1.8524710760382601,74.09642857142856,73.66199999999999,0.014841974998654344
PYPL,2025-07-23,76.925,77.23,75.92,76.66,0.00868421052631585,1.3100000000000023,1.7029574260643512,74.49214285714285,73.76566666666668,0.009369703924245588
PYPL,2025-07-24,77.74,78.76,77.35,77.82,0.015131750587007442,1.4100000000000108,1.8137381013635334,75.18571428571428,73.86766666666666,0.005718267040955793
PYPL,2025-07-25,77.59,78.815,77.5,77.98,0.002056026728347593,1.3149999999999977,1.6948060317051137,75.90142857142857,73.98,0.005212885184716881
PYPL,2025-07-28,78.51,79.5,77.93,78.22,0.0030777122339060714,1.5699999999999932,1.9997452553814712,76.52428571428571,74.09366666666666,0.005566597328488736
PYPL,2025-07-29,71.73,73.28,70.31,71.45,-0.08655075428279213,2.969999999999999,4.1405269761606,76.13571428571429,74.11433333333333,0.03646563093958133
PYPL,2025-07-30,72.19,72.205,69.555,69.71,-0.024352694191742574,2.6499999999999915,3.670868541349206,75.4057142857143,74.02933333333334,0.036572231868566195
PYPL,2025-07-31,69.475,70.0546,68.46,68.765,-0.013556161239420383,1.5945999999999998,2.2952141057934505,74.37214285714286,73.96583333333334,0.034839579917406494
PYPL,2025-08-01,68.0,68.35,66.57,67.115,-0.023994764778593858,1.7800000000000011,2.617647058823531,73.00857142857141,73.91733333333333,0.033513156974547306
PYPL,2025-08-04,67.825,68.57,67.275,68.01,0.013335319973180493,1.2949999999999875,1.9093254699594358,71.60714285714286,73.84899999999999,0.03321996141882524
PYPL,2025-08-05,68.46,68.6699,67.41,67.83,-0.0026466696074107787,1.2599000000000018,1.8403447268477973,70.15714285714286,73.70966666666666,0.032777943422955466
PYPL,2025-08-06,68.3,69.6,68.209,69.42,0.0234409553295003,1.3909999999999911,2.0366032210834426,68.9,73.57099999999998,0.0358486502561458
PYPL,2025-08-07,70.0,70.17,67.68,68.22,-0.01728608470181503,2.489999999999995,3.55714285714285,68.43857142857142,73.40933333333334,0.018688836927063853
PYPL,2025-08-08,68.44,68.61,67.42,67.65,-0.008355321020228623,1.1899999999999977,1.7387492694330768,68.14428571428572,73.22533333333334,0.017038139639489032
PYPL,2025-08-11,67.81,68.48,66.9,67.09,-0.008277900960827811,1.5799999999999983,2.330039817136113,67.905,73.00683333333333,0.016665293769992547
PYPL,2025-08-12,67.24,68.74,67.23,67.97,0.013116708898494478,1.509999999999991,2.2456870910172384,68.02714285714286,72.79583333333333,0.014821904295145715
PYPL,2025-08-13,68.23,70.73,68.15,70.63,0.03913491246138001,2.5799999999999983,3.7813278616444355,68.40142857142857,72.64049999999999,0.020324524333638225
PYPL,2025-08-14,69.44,69.82,68.23,69.38,-0.01769786209825852,1.5899999999999892,2.2897465437787865,68.62285714285714,72.4095,0.02206287335420373
PYPL,2025-08-15,69.57,70.16,69.16,69.23,-0.0021620063418851254,1.0,1.4374011786689667,68.59571428571428,72.16416666666666,0.02024141147976966
PYPL,2025-08-18,69.31,69.985,69.23,69.53,0.004333381482016341,0.7549999999999955,1.0893089020343318,68.78285714285714,71.94250000000001,0.018801249829372303
PYPL,2025-08-19,69.79,70.365,68.93,69.05,-0.0069034948942903185,1.434999999999988,2.056168505516532,68.98285714285714,71.74316666666665,0.018664286011332132
PYPL,2025-08-20,68.94,69.11,67.68,68.08,-0.014047791455467085,1.4299999999999926,2.0742674789672075,69.12428571428572,71.51816666666667,0.019363668747074063
PYPL,2025-08-21,67.68,67.87,66.925,67.55,-0.007784958871915437,0.9450000000000074,1.3962765957446917,69.06428571428572,71.2465,0.019017781467690516
PYPL,2025-08-22,67.91,70.15,67.82,69.919,0.03507031828275342,2.3300000000000125,3.431011633043753,68.96271428571428,71.19846666666666,0.01760741694468369
PYPL,2025-08-25,69.65,69.8097,69.04,69.48,-0.006278693917247002,0.7697000000000003,1.1050969131371144,68.977,71.05146666666666,0.016318178062181946
PYPL,2025-08-26,69.4,70.25,69.18,70.18,0.010074841681059432,1.0699999999999932,1.5417867435158403,69.11271428571429,70.95863333333334,0.016660077079641008
PYPL,2025-08-27,68.73,70.08,68.691,69.659,-0.007423767455115415,1.3889999999999958,2.0209515495416785,69.13114285714286,70.84826666666667,0.016982941628884862
PYPL,2025-08-28,70.0,70.56,69.53,70.06,0.005756614364260226,1.0300000000000011,1.471428571428573,69.27542857142858,70.72160000000001,0.01674970439018487
PYPL,2025-08-29,70.02,70.7,69.9,70.19,0.0018555523836709664,0.7999999999999972,1.1425307055127067,69.57685714285715,70.58893333333332,0.015184775964833915
PYPL,2025-09-02,68.92,69.3743,68.1503,69.25,-0.013392221114118752,1.2240000000000038,1.7759721416134702,69.81971428571428,70.40326666666667,0.016061421866925052
PYPL,2025-09-03,68.91,69.89,68.8,69.635,0.005559566787003645,1.0900000000000034,1.5817733275286656,69.77914285714286,70.1911,0.008570913892726198
PYPL,2025-09-04,69.7,69.9,66.23,68.46,-0.016873698571120976,3.6700000000000017,5.265423242467722,69.63342857142857,69.91776666666667,0.010475193052906472
PYPL,2025-09-05,68.88,69.94,68.17,68.26,-0.0029214139643586323,1.769999999999996,2.5696864111498203,69.35914285714286,69.59909999999999,0.009015273126381885
PYPL,2025-09-08,68.46,68.59,67.8,68.41,0.00219748022267785,0.7900000000000063,1.1539585159217154,69.18071428571429,69.28009999999999,0.009124803911358639
PYPL,2025-09-09,68.2,68.5,67.53,67.68,-0.010670954538809951,0.9699999999999989,1.4222873900293238,68.84071428571428,68.92876666666668,0.008738037779516039
PYPL,2025-09-10,67.48,68.03,65.235,65.64,-0.030141843971631332,2.7950000000000017,4.1419679905157105,68.1907142857143,68.7351,0.012273736412767564
PYPL,2025-09-11,65.75,67.35,65.71,67.27,0.024832419256550775,1.6400000000000006,2.494296577946769,67.90785714285714,68.65376666666666,0.017587379628975053
PYPL,2025-09-12,67.21,67.75,66.86,66.89,-0.005648877657202234,0.8900000000000006,1.3242077071864315,67.51571428571428,68.59126666666666,0.017074459061466915
PYPL,2025-09-15,67.3,68.19,66.8026,67.11,0.0032889819105994533,1.3873999999999995,2.0615156017830603,67.32285714285715,68.5911,0.016549014549243242
PYPL,2025-09-16,66.835,67.14,66.105,66.85,-0.003874236328416103,1.0349999999999966,1.548589810727907,67.12142857142857,68.55243333333333,0.01655483163599861
PYPL,2025-09-17,67.14,69.27,67.0,68.62,0.02647718773373242,2.269999999999996,3.3809949359547153,67.15142857142857,68.57876666666667,0.019980122206193725
PYPL,2025-09-18,70.08,70.3,68.33,68.53,-0.0013115709705625589,1.9699999999999989,2.8110730593607287,67.27285714285715,68.5491,0.019404337038183058
PYPL,2025-09-19,68.76,68.85,67.925,68.21,-0.004669487815555318,0.9249999999999972,1.3452588714368778,67.64,68.54876666666665,0.014027429831121983
PYPL,2025-09-22,67.76,68.1103,67.05,67.68,-0.007770121683037479,1.060299999999998,1.5647874852420276,67.69857142857143,68.54976666666667,0.011808590723616343
PYPL,2025-09-23,67.805,68.99,67.12,67.31,-0.005466903073286122,1.8699999999999903,2.757908708797272,67.75857142857143,68.55709999999999,0.011791888728047482
PYPL,2025-09-24,67.65,68.58,67.44,67.86,0.008171148417768448,1.1400000000000006,1.6851441241685152,67.86571428571429,68.55343333333333,0.012093577083424326
PYPL,2025-09-25,67.26,67.48,66.2,66.74,-0.016504568228706273,1.2800000000000011,1.9030627415997636,67.85000000000001,68.42376666666668,0.013867414954193863
PYPL,2025-09-26,67.0,67.63,66.32,67.3,0.00839077015283185,1.3100000000000023,1.9552238805970183,67.66142857142857,68.35443333333335,0.008859194345634104
PYPL,2025-09-29,67.96,71.26,67.89,69.68,0.035364041604754926,3.3700000000000045,4.958799293702184,67.82571428571428,68.36943333333333,0.016972676126652424
PYPL,2025-09-30,69.825,69.83,66.85,67.07,-0.03745694603903582,2.980000000000004,4.267812388113146,67.66285714285713,68.28743333333334,0.022804063459650376
PYPL,2025-10-01,66.9,67.8,66.22,66.66,-0.006113016251677261,1.5799999999999983,2.361733931240655,67.51714285714286,68.20776666666667,0.022744906712322127
PYPL,2025-10-02,67.07,68.95,66.95,68.93,0.03405340534053414,2.0,2.9819591471596842,67.74857142857142,68.23610000000001,0.026344984685576188
PYPL,2025-10-03,68.1,69.53,67.75,69.25,0.004642390831278043,1.7800000000000011,2.6138032305433203,67.94714285714285,68.29276666666667,0.026278864256909475
PYPL,2025-10-06,70.22,71.87,69.4524,71.29,0.029458483754512654,2.4176000000000073,3.4428937624608476,68.59714285714286,68.33846666666666,0.026278077211639946
PYPL,2025-10-07,74.07,75.675,73.06,74.61,0.046570346472155855,2.614999999999995,3.5304441744295874,69.64142857142858,68.50946666666667,0.02968698421246995
PYPL,2025-10-08,75.235,76.5,73.275,76.13,0.020372604208551026,3.2249999999999943,4.2865687512460875,70.56285714285714,68.70779999999999,0.028508687938546582
PYPL,2025-10-09,77.19,77.34,75.033,75.75,-0.00499146197294098,2.307000000000002,2.9887291099883435,71.80285714285715,68.91083333333333,0.020407505330104086
PYPL,2025-10-10,76.11,76.9,69.76,69.84,-0.07801980198019798,7.140000000000001,9.381158849034293,72.25714285714285,68.9035,0.041547701201084704
PYPL,2025-10-13,70.72,70.9295,68.1617,68.86,-0.014032073310423887,2.7678000000000083,3.9137443438914143,72.24714285714286,68.85916666666667,0.040372868846806194
PYPL,2025-10-14,67.41,69.71,66.77,69.15,0.00421144350856828,2.9399999999999977,4.3613707165109,72.23285714285714,68.85583333333334,0.04036595458600688
PYPL,2025-10-15,69.385,69.875,67.84,67.99,-0.016775126536515028,2.0349999999999966,2.9329105714491552,71.76142857142858,68.801,0.03858292528412719
PYPL,2025-10-16,68.13,68.575,65.42,66.05,-0.028533607883512224,3.155000000000001,4.630852781447235,70.53857142857143,68.72066666666666,0.031240797430208935
PYPL,2025-10-17,65.535,67.71,65.45,67.41,0.020590461771385238,2.259999999999991,3.4485389486533777,69.29285714285714,68.69233333333334,0.031284107655125216
PYPL,2025-10-20,67.675,69.47,67.65,69.2,0.026553923750185504,1.8199999999999932,2.689323974879931,68.35714285714286,68.71866666666666,0.035283814916837464
PYPL,2025-10-21,69.02,70.36,68.83,70.05,0.012283236994219626,1.5300000000000011,2.2167487684729084,68.38714285714285,68.79766666666667,0.020766654325835087
PYPL,2025-10-22,68.07,68.07,67.91,68.07,-0.02826552462526777,0.1599999999999966,0.23505215219626355,68.27428571428571,68.87866666666667,0.023014859439062563
PYPL,2025-10-23,68.07,70.06,68.0501,69.66,0.023358307624504304,2.009900000000002,2.9526957543705037,68.34714285714286,68.95833333333333,0.024859457736768013
PYPL,2025-10-24,70.15,71.25,69.74,69.77,0.0015790984783232709,1.5100000000000051,2.152530292230941,68.60142857142857,69.05433333333333,0.023567677555145838
PYPL,2025-10-27,70.855,71.87,70.13,70.25,0.00687974774258282,1.740000000000009,2.455719426998813,69.20142857142856,69.159,0.01874257274775213
PYPL,2025-10-28,76.21,79.215,72.83,73.003,0.03918861209964408,6.385000000000005,8.378165595066271,70.00042857142857,69.36410000000001,0.021738655734843827
PYPL,2025-10-29,72.7,72.73,69.315,69.68,-0.04551867731463077,3.4150000000000063,4.697386519944987,70.069,69.39943333333333,0.02926899446096145
PYPL,2025-10-30,69.835,70.7699,67.9,67.93,-0.0251148105625717,2.8699000000000012,4.109543924965994,69.76614285714285,69.37943333333332,0.03033611244674763
PYPL,2025-10-31,68.27,69.58,67.62,69.28,0.019873399087295684,1.9599999999999937,2.870953566720366,69.939,69.4151,0.029354961734677328
PYPL,2025-11-03,69.525,70.35,67.705,68.33,-0.013712471131639759,2.644999999999996,3.804386911183022,69.74900000000001,69.43676666666667,0.028374926641581578
PYPL,2025-11-04,67.23,67.2893,65.95,66.08,-0.0329284355334406,1.3392999999999944,1.992116614606566,69.22185714285715,69.39576666666667,0.030486645854060166
PYPL,2025-11-05,66.02,68.21,65.9,68.06,0.029963680387409264,2.309999999999988,3.4989397152377886,68.909,69.40243333333333,0.03339046874311935
PYPL,2025-11-06,67.8,68.07,66.21,66.26,-0.026447252424331436,1.8599999999999994,2.7433628318584065,67.94571428571429,69.38643333333333,0.028012084562656216
PYPL,2025-11-07,65.5,66.515,64.78,66.22,-0.0006036824630245574,1.7349999999999994,2.6488549618320603,67.45142857142858,69.35043333333333,0.02433477970086995
PYPL,2025-11-10,67.06,67.43,65.742,66.25,0.00045303533675622454,1.6880000000000024,2.5171488219504954,67.21142857142857,69.23610000000001,0.02304662049383436
PYPL,2025-11-11,66.25,67.95,66.23,67.4,0.017358490566037776,1.7199999999999989,2.5962264150943377,66.94285714285715,69.2471,0.022640401800620366
PYPL,2025-11-12,67.53,67.99,66.9,67.18,-0.003264094955489627,1.0899999999999892,1.6140974381756097,66.77857142857142,69.26443333333333,0.022210813238840096
PYPL,2025-11-13,66.51,67.28,65.15,65.35,-0.027240250074427097,2.1299999999999955,3.202525935949474,66.67428571428572,69.1451,0.020968974893621345
PYPL,2025-11-14,64.11,64.65,62.75,62.81,-0.03886763580719188,1.9000000000000057,2.963656215878967,65.92428571428572,68.93043333333334,0.019924445482144372
PYPL,2025-11-17,62.81,63.17,61.2899,61.89,-0.014647349148224853,1.8800999999999988,2.9933131666932,65.3,68.6171,0.018895009277812513
PYPL,2025-11-18,61.39,61.64,60.47,60.705,-0.01914687348521571,1.1700000000000017,1.9058478579573248,64.51214285714285,68.15360000000001,0.018731765641165844
PYPL,2025-11-19,60.61,60.76,59.16,60.1,-0.009966230129313858,1.6000000000000014,2.6398284111532773,63.63357142857143,67.61926666666666,0.01795731458723136
PYPL,2025-11-20,60.575,60.715,58.0,58.105,-0.033194675540765495,2.7150000000000034,4.482047049112676,62.30571428571428,67.0311,0.012825334399457915
PYPL,2025-11-21,58.24,60.96,58.04,60.57,0.04242319938043204,2.9200000000000017,5.013736263736266,61.361428571428576,66.7221,0.027042872380772028
PYPL,2025-11-24,60.61,60.83,59.85,60.56,-0.0001650982334489015,0.9799999999999969,1.6168949018313759,60.67714285714286,66.44543333333333,0.026831882544677978
PYPL,2025-11-25,60.86,61.975,60.72,61.22,0.01089828269484805,1.2550000000000026,2.0621097601051637,60.449999999999996,66.1811,0.024562763263412637
PYPL,2025-11-26,61.4,62.16,61.17,61.8253,0.009887291734727244,0.9899999999999949,1.612377850162858,60.440757142857144,65.97561,0.024440484974681324
PYPL,2025-11-28,62.23,63.055,62.13,62.71,0.014309675812329337,0.9249999999999972,1.4864213401896147,60.72718571428572,65.86427666666667,0.023292515375614043
PYPL,2025-12-01,62.05,63.21,61.83,62.58,-0.0020730346037315384,1.3800000000000026,2.2240128928283682,61.081471428571426,65.70327666666667,0.022635548158131596
PYPL,2025-12-02,62.92,63.835,62.15,62.9,0.005113454777884385,1.6850000000000023,2.6780038143674543,61.76647142857143,65.49327666666666,0.014878337511922517
PYPL,2025-12-03,62.85,63.9298,60.41,61.25,-0.026232114467408585,3.5198000000000036,5.600318217979321,61.863614285714284,65.19994333333334,0.013663878294437824
PYPL,2025-12-04,60.5,62.1,60.385,61.73,0.007836734693877467,1.7150000000000034,2.8347107438016583,62.030757142857134,64.98861000000001,0.013817938935128641
PYPL,2025-12-05,61.67,62.94,61.48,62.28,0.008909768346023084,1.4600000000000009,2.3674395978595766,62.182185714285716,64.74261,0.013643524267576836
PYPL,2025-12-08,62.425,62.51,60.99,61.115,-0.01870584457289659,1.519999999999996,2.434921906287539,62.080714285714286,64.45411,0.015260252404197846
PYPL,2025-12-09,60.75,61.5,60.49,60.78,-0.005481469361040658,1.009999999999998,1.6625514403292148,61.805,64.13844333333333,0.013572473235761249
PYPL,2025-12-10,60.49,61.4758,60.1601,61.16,0.006252056597565003,1.3156999999999996,2.1750702595470317,61.60214285714286,63.74367666666667,0.01415994525044251
PYPL,2025-12-11,60.075,61.79,59.85,61.69,0.008665794637017665,1.9399999999999977,3.229296712442776,61.42928571428571,63.47734333333334,0.014564861523649174
PYPL,2025-12-12,61.08,62.15,61.0,61.66,-0.0004863024801426974,1.1499999999999986,1.88277668631303,61.48785714285714,63.26834333333333,0.010232242509990979
PYPL,2025-12-15,61.96,62.82,60.625,60.74,-0.014920531949399796,2.1950000000000003,3.542608134280181,61.346428571428575,62.98367666666666,0.01126106976205312
PYPL,2025-12-16,61.69,62.146,60.95,61.33,0.009713533091866955,1.195999999999998,1.938725887502023,61.21071428571428,62.75034333333334,0.01139712940682359
PYPL,2025-12-17,61.39,62.405,60.13,60.2,-0.018424914397521586,2.2749999999999986,3.7058152793614574,61.07999999999999,62.55434333333333,0.011329356592654619
PYPL,2025-12-18,59.59,60.32,58.915,59.44,-0.012624584717608078,1.4050000000000011,2.3577781506964275,60.88857142857143,62.26701,0.011987537915391276
PYPL,2025-12-19,58.92,60.115,58.8001,59.81,0.006224764468371502,1.3149000000000015,2.231670061099799,60.69571428571429,62.052009999999996,0.01198398640334031
PYPL,2025-12-22,59.96,60.545,59.76,59.86,0.0008359806052498087,0.7850000000000037,1.309206137424956,60.43428571428571,61.84001,0.011027654818456595
PYPL,2025-12-23,59.83,60.07,58.94,59.41,-0.007517540928833943,1.1300000000000026,1.888684606384761,60.112857142857145,61.61200999999999,0.010948670458350906
PYPL,2025-12-24,59.332,60.145,59.31,60.027,0.010385456993772246,0.8350000000000009,1.407334996292053,60.011,61.36624333333334,0.011390335924650496
PYPL,2025-12-26,60.0,60.11,59.535,59.97,-0.0009495726922884584,0.5750000000000028,0.9583333333333381,59.81671428571428,61.12591,0.010279355088913297
PYPL,2025-12-29,59.85,60.14,59.125,59.47,-0.008337502084375559,1.0150000000000006,1.695906432748539,59.71242857142857,60.92991,0.00829759287312617
PYPL,2025-12-30,59.46,59.59,59.08,59.1,-0.006221624348410892,0.5100000000000051,0.8577194752775061,59.66385714285715,60.80624333333333,0.007170469719370619
PYPL,2025-12-31,59.03,59.04,58.34,58.38,-0.012182741116751217,0.6999999999999957,1.1858377096391592,59.45957142857143,60.68924333333334,0.007532298245676585
PYPL,2026-01-02,58.67,58.7997,57.65,58.14,-0.004110996916752319,1.1497000000000028,1.959604567922282,59.213857142857144,60.60374333333333,0.0072939920946394335
PYPL,2026-01-05,58.01,60.105,57.9,59.3,0.019951840385276753,2.2049999999999983,3.8010687812446107,59.198142857142855,60.57707666666667,0.01140227101101714
PYPL,2026-01-06,59.27,59.935,58.98,59.81,0.008600337268128255,0.9550000000000054,1.6112704572296361,59.167142857142856,60.63391,0.011142832389328072
PYPL,2026-01-07,59.865,60.135,58.255,58.505,-0.02181909379702396,1.8799999999999955,3.1403992316044356,58.95785714285715,60.56507666666666,0.013775264671675813
PYPL,2026-01-08,58.02,59.0,57.77,58.27,-0.004016750705067906,1.2299999999999969,2.1199586349534587,58.78642857142857,60.48874333333334,0.01361541246710265
PYPL,2026-01-09,58.8,58.86,57.28,57.66,-0.010468508666552356,1.5799999999999983,2.68707482993197,58.580714285714286,60.37007666666667,0.013883786560259376
PYPL,2026-01-12,57.61,57.775,56.7601,57.29,-0.006416926812348178,1.0148999999999972,1.761673320604057,58.425,60.2189,0.013442335875107686
PYPL,2026-01-13,57.21,57.3,56.275,56.56,-0.012742188863675952,1.0249999999999986,1.7916448173396233,58.199285714285715,60.01390000000001,0.013987608923993887
PYPL,2026-01-14,56.4,57.79,56.27,57.66,0.01944837340876937,1.519999999999996,2.695035460992901,57.964999999999996,59.8499,0.013845427495025302
PYPL,2026-01-15,57.74,57.862,56.6,56.745,-0.015868886576482777,1.2620000000000005,2.1856598545202637,57.527142857142856,59.644733333333335,0.01323400914863486
PYPL,2026-01-16,56.79,56.97,56.24,56.875,0.002290950744558984,0.7299999999999969,1.2854375770382054,57.294285714285714,59.498900000000006,0.011932970648886973
PYPL,2026-01-20,55.58,56.0773,55.015,55.1,-0.031208791208791165,1.0623000000000005,1.9112990284274927,56.84142857142857,59.2779,0.015762928573267602
PYPL,2026-01-21,55.52,56.33,55.095,55.91,0.014700544464609777,1.2349999999999994,2.2244236311239183,56.59142857142857,59.06556666666667,0.01780499720129699
PYPL,2026-01-22,56.59,57.55,56.55,57.17,0.022536218923269624,1.0,1.7670966601873122,56.57428571428572,58.934066666666666,0.02039422603082025
PYPL,2026-01-23,56.83,56.985,56.41,56.62,-0.009620430295609661,0.5750000000000028,1.011789547774068,56.58285714285715,58.7954,0.020104296516420435
PYPL,2026-01-26,56.57,57.12,56.495,56.6,-0.0003532320734721539,0.625,1.1048258794414,56.43142857142857,58.6434,0.01827500605671697
PYPL,2026-01-27,56.5,56.63,55.205,55.51,-0.019257950530035428,1.4250000000000043,2.5221238938053174,56.254999999999995,58.4374,0.018727400409874202
PYPL,2026-01-28,55.01,55.49,53.645,54.07,-0.025941271842911173,1.8449999999999989,3.353935648063987,55.85428571428571,58.184400000000004,0.02036925681516002
PYPL,2026-01-29,54.12,54.17,52.53,53.11,-0.0177547623451082,1.6400000000000006,3.0303030303030316,55.57,57.93006666666667,0.018228811566013917
PYPL,2026-01-30,52.44,52.95,52.06,52.73,-0.007154961400866133,0.8900000000000006,1.6971777269260118,55.11571428571428,57.6434,0.016008945765184128
PYPL,2026-02-02,52.5,53.44,52.33,52.33,-0.007585814526834822,1.1099999999999994,2.1142857142857134,54.42428571428571,57.38106666666667,0.008779718183869427
PYPL,2026-02-03,42.885,43.7,41.43,41.515,-0.20666921459965604,2.270000000000003,5.293226069721356,52.26642857142857,56.783566666666665,0.07371060696074648
PYPL,2026-02-04,41.6,41.84,39.96,41.03,-0.01168252438877515,1.8800000000000026,4.519230769230775,50.042142857142856,56.15756666666667,0.07279643906749166
PYPL,2026-02-05,40.6,41.01,38.88,39.9,-0.02754082378747269,2.1299999999999955,5.246305418719201,47.81214285714286,55.49223333333334,0.07242599929009114
PYPL,2026-02-06,40.25,40.61,39.38,40.42,0.013032581453634062,1.2299999999999969,3.0559006211180044,45.862142857142864,54.859233333333336,0.07543416733431925
PYPL,2026-02-09,40.21,41.27,39.81,41.15,0.018060366155368657,1.4600000000000009,3.6309375777169883,44.153571428571425,54.230000000000004,0.0781930682248664
PYPL,2026-02-10,40.75,42.3499,40.75,41.49,0.008262454434994071,1.599899999999998,3.9261349693251484,42.54785714285714,53.614000000000004,0.07924558181289322
PYPL,2026-02-11,41.5,41.62,40.01,40.48,-0.024343215232586313,1.6099999999999994,3.879518072289155,40.855000000000004,52.981,0.07868600155306979
PYPL,2026-02-12,40.285,40.285,38.46,39.08,-0.03458498023715417,1.8249999999999957,4.53022216705969,40.50714285714286,52.31366666666667,0.02142478826854953
PYPL,2026-02-13,39.24,40.37,39.09,40.305,0.031345957011259085,1.279999999999994,3.2619775739041637,40.403571428571425,51.71116666666667,0.026008188212391762
TSLA,2023-01-03,118.47,118.8,104.64,108.1,,14.159999999999997,11.95239301088883,108.1,108.1,
TSLA,2023-01-04,109.11,114.59,107.52,113.64,0.05124884366327476,7.070000000000007,6.4796993859408,110.87,110.87,
TSLA,2023-01-05,110.51,111.75,107.16,110.34,-0.029039070749735996,4.590000000000003,4.153470274183334,110.69333333333333,110.69333333333333,0.056772128728765046
TSLA,2023-01-06,103.0,114.39,101.81,113.06,0.02465107848468362,12.579999999999998,12.213592233009706,111.285,111.285,0.04089870095349538
TSLA,2023-01-09,118.96,123.52,117.11,119.77,0.05934901822041394,6.409999999999997,5.3883658372562175,112.982,112.982,0.0399147388814127
TSLA,2023-01-10,121.07,122.76,114.92,118.85,-0.007681389329548316,7.840000000000003,6.475592632361447,113.96,113.96,0.03780583518926895
TSLA,2023-01-11,122.09,125.95,120.51,123.22,0.036769036600757365,5.439999999999998,4.4557293799655975,115.28285714285714,115.28285714285714,0.034524646335150996
TSLA,2023-01-12,122.56,124.131,117.0,123.56,0.002759292322674911,7.131,5.818374673629243,117.49142857142856,116.3175,0.032392028170554255
TSLA,2023-01-13,116.55,122.63,115.6,122.4,-0.009388151505341558,7.030000000000001,6.031746031746033,118.74285714285715,116.99333333333334,0.0306150971878426
TSLA,2023-01-17,125.695,131.7,125.02,131.49,0.0742647058823529,6.679999999999993,5.3144516488324856,121.7642857142857,118.44300000000001,0.03287878138047841
TSLA,2023-01-18,136.555,136.68,127.01,128.78,-0.02060993231424446,9.670000000000002,7.081395774596317,124.01,119.38272727272728,0.037299674545175944
TSLA,2023-01-19,127.26,129.99,124.308,127.17,-0.012501941295232188,5.682000000000002,4.464875058934466,125.06714285714285,120.03166666666668,0.0342173656128468
TSLA,2023-01-20,128.68,133.51,127.347,133.42,0.049146811354879194,6.162999999999997,4.789400062169721,127.14857142857143,121.06153846153846,0.036256462681708596
TSLA,2023-01-23,135.87,145.379,134.27,143.75,0.07742467396192487,11.10899999999998,8.17619783616691,130.08142857142857,122.68214285714285,0.042611935504680655
TSLA,2023-01-24,143.0,146.5,141.1,143.89,0.0009739130434782695,5.400000000000006,3.7762237762237802,132.9857142857143,124.096,0.04275846479499068
TSLA,2023-01-25,141.905,146.41,138.07,144.43,0.003752866773229613,8.340000000000003,5.877171347027944,136.13285714285715,125.366875,0.04137803988130243
TSLA,2023-01-26,159.965,161.42,154.76,160.27,0.10967250571210974,6.659999999999997,4.163410746100707,140.24428571428572,127.41999999999999,0.04976940046896461
TSLA,2023-01-27,162.43,180.68,161.17,177.9,0.11000187184126786,19.51000000000002,12.011327956658265,147.26142857142855,130.22444444444443,0.05219152419727246
TSLA,2023-01-30,178.05,179.77,166.5,166.66,-0.06318156267566055,13.27000000000001,7.452962650940751,152.90285714285713,132.14210526315787,0.06417871394004139
TSLA,2023-01-31,164.57,174.3,162.78,173.22,0.0393615744629785,11.52000000000001,7.000060764416364,158.5885714285714,134.196,0.0640810565270956
TSLA,2023-02-01,173.89,183.805,169.93,181.41,0.047280914444059574,13.875,7.979182241647019,163.96857142857144,136.4442857142857,0.06210705145256651
TSLA,2023-02-02,187.325,196.75,182.61,188.27,0.03781489443801345,14.139999999999986,7.548378486587475,170.30857142857144,138.79999999999998,0.06023543228308584
TSLA,2023-02-03,183.95,199.0,183.69,189.98,0.009082700377117892,15.310000000000002,8.322913835281328,176.81571428571428,141.02521739130435,0.059722481151531795
TSLA,2023-02-06,193.01,198.17,189.92,194.76,0.025160543215075215,8.25,4.274389927983006,181.74285714285716,143.26416666666668,0.05162126909825033
TSLA,2023-02-07,196.43,197.5,189.55,196.81,0.010525775313205976,7.949999999999989,4.047243292776047,184.4442857142857,145.406,0.037475622526315804
TSLA,2023-02-08,196.1,203.0,194.31,201.29,0.022763070982165567,8.689999999999998,4.43141254462009,189.39142857142858,147.5553846153846,0.014683177006337556
TSLA,2023-02-09,207.775,214.0,204.77,207.32,0.02995677877688907,9.22999999999999,4.442305378414145,194.26285714285717,149.7688888888889,0.013813672975167671
TSLA,2023-02-10,202.225,206.2,192.89,196.89,-0.05030870152421385,13.310000000000002,6.581777722833479,196.4742857142857,151.4517857142857,0.029356473122272058
TSLA,2023-02-13,194.415,196.3,187.61,194.64,-0.011427700746609815,8.689999999999998,4.469819715556926,197.3842857142857,152.94103448275862,0.02805012942671941
TSLA,2023-02-14,191.94,209.82,189.44,209.25,0.07506165228113448,20.379999999999995,10.617901427529434,200.13714285714286,154.818,0.038679778376141206
TSLA,2023-02-15,211.755,214.66,206.11,214.24,0.023847072879330966,8.549999999999983,4.037685060565268,202.92000000000002,158.35599999999997,0.03862277503709173
TSLA,2023-02-16,210.78,217.65,201.84,202.04,-0.05694548170276337,15.810000000000002,7.500711642470824,203.66714285714286,161.30266666666665,0.04720130117689593
TSLA,2023-02-17,199.985,208.44,197.5,208.31,0.03103345872104546,10.939999999999998,5.470410280771056,204.67000000000002,164.56833333333333,0.04782794136620012
TSLA,2023-02-21,204.99,209.71,197.22,197.37,-0.05251788200278429,12.490000000000009,6.092980145372949,203.2485714285714,167.37866666666665,0.05096618809292813
TSLA,2023-02-22,197.93,201.99,191.78,200.86,0.01768252520646496,10.210000000000008,5.1583893295609595,203.81571428571428,170.08166666666665,0.0474483784337228
TSLA,2023-02-23,203.91,205.14,196.33,202.07,0.0060240963855420215,8.809999999999974,4.320533568731291,204.87714285714287,172.85566666666668,0.04696981252261711
TSLA,2023-02-24,196.325,197.669,192.8,196.88,-0.025684168852377898,4.869,2.4800713103272636,203.10999999999999,175.31100000000004,0.03670672348841649
TSLA,2023-02-27,202.03,209.42,201.26,207.63,0.05460178789110115,8.159999999999997,4.0390041083007455,202.1657142857143,178.11333333333332,0.04254184487959391
TSLA,2023-02-28,210.59,211.23,203.75,205.71,-0.009247218610027419,7.47999999999999,3.551925542523382,202.69,180.89033333333333,0.035889270300906245
TSLA,2023-03-01,206.21,207.2,198.52,202.77,-0.014291964415925285,8.679999999999978,4.209301197808049,201.89857142857142,183.26633333333334,0.0340574269159661
TSLA,2023-03-02,186.74,193.75,186.01,190.9,-0.05853923164176167,7.740000000000009,4.144800257041881,200.97428571428574,185.337,0.035549661658975544
TSLA,2023-03-03,194.795,200.48,192.88,197.79,0.03609219486642212,7.599999999999994,3.9015375137965527,200.53571428571428,187.69099999999997,0.03803322036948411
TSLA,2023-03-06,198.54,198.6,192.3,193.81,-0.020122351989483755,6.299999999999983,3.173164097914769,199.3557142857143,189.704,0.03844390937794665
TSLA,2023-03-07,191.38,194.2,186.1,187.71,-0.031474124142201076,8.099999999999994,4.232417180478626,198.04571428571427,191.16933333333333,0.03901332229831129
TSLA,2023-03-08,185.04,186.5,180.0,182.0,-0.030419263757924475,6.5,3.512753999135322,194.3842857142857,192.43966666666668,0.02886600515091815
TSLA,2023-03-09,180.25,185.18,172.512,172.92,-0.04989010989011,12.668000000000006,7.028016643550627,189.70000000000002,193.38933333333335,0.03076962891009344
TSLA,2023-03-10,175.13,178.29,168.44,173.44,0.0030071709461023666,9.849999999999994,5.624393307828467,185.51,193.82833333333332,0.032342432173831495
TSLA,2023-03-13,167.455,177.35,163.91,174.48,0.005996309963099522,13.439999999999998,8.026036845719743,183.16428571428568,193.71433333333334,0.029100278415015446
TSLA,2023-03-14,177.31,183.8,177.14,183.26,0.05032095369096745,6.660000000000025,3.756133325813561,181.0885714285714,194.26766666666666,0.03325282229079117
TSLA,2023-03-15,180.8,182.34,176.03,180.45,-0.015333406089708679,6.310000000000002,3.490044247787612,179.18,194.50866666666667,0.03306745666066312
TSLA,2023-03-16,180.365,185.81,178.84,184.13,0.020393460792463403,6.969999999999999,3.864386105951819,178.6685714285714,194.5993333333333,0.033182147809969725
TSLA,2023-03-17,184.515,186.22,177.33,180.13,-0.02172378211046544,8.889999999999986,4.818036473999396,178.40142857142857,194.32799999999997,0.03209798339132643
TSLA,2023-03-20,178.08,186.44,176.35,183.25,0.017320823849442002,10.090000000000003,5.665992812219229,179.87714285714284,194.10366666666667,0.02410452333674058
TSLA,2023-03-21,188.28,198.0,188.04,197.58,0.07819918144611204,9.960000000000008,5.2899936265137075,183.32571428571427,194.19766666666663,0.03534576082468658
TSLA,2023-03-22,199.3,200.66,190.95,191.15,-0.032543779734791056,9.710000000000008,4.872052182639241,185.70714285714286,194.00900000000001,0.04040491876264016
TSLA,2023-03-23,195.26,199.31,188.65,192.22,0.005597698142819629,10.659999999999997,5.459387483355525,186.98714285714286,193.70666666666668,0.03706645247896806
TSLA,2023-03-24,191.65,192.36,187.15,190.41,-0.009416293829986433,5.210000000000008,2.7184972606313633,188.41,193.143,0.036524702459181234
TSLA,2023-03-27,194.415,197.39,189.94,191.81,0.007352555012867024,7.449999999999989,3.832008847053977,189.50714285714284,192.97366666666667,0.0361332213794501
TSLA,2023-03-28,192.0,192.35,185.43,189.19,-0.013659350398832149,6.9199999999999875,3.6041666666666603,190.8014285714286,192.792,0.035203761988257566
TSLA,2023-03-29,193.13,195.29,189.44,193.88,0.024789893757598103,5.849999999999994,3.029047791642932,192.32,192.27966666666669,0.035659507226530295
TSLA,2023-03-30,195.58,197.33,194.42,195.28,0.007220961419434735,2.910000000000025,1.4878821965436266,191.99142857142857,191.64766666666668,0.018575023198036462
TSLA,2023-03-31,197.53,207.79,197.2,207.46,0.06237197869725519,10.590000000000003,5.361210955297931,194.32142857142858,191.82833333333335,0.025506193627331218
TSLA,2023-04-03,199.91,202.69,192.2,194.77,-0.06116841800829076,10.490000000000009,5.24736131259067,194.68571428571428,191.37699999999998,0.03782441466525034
TSLA,2023-04-04,197.32,198.745,190.32,192.58,-0.011244031421676848,8.425000000000011,4.269714169876349,194.99571428571426,191.21733333333336,0.03792654446047257
TSLA,2023-04-05,190.515,190.68,183.76,185.52,-0.03666008931353204,6.920000000000016,3.632259927039874,194.09714285714287,190.70600000000002,0.04049830984372278
TSLA,2023-04-06,183.08,186.39,179.74,185.06,-0.0024795170332040373,6.649999999999977,3.6322918942538656,193.5071428571429,190.139,0.040276020285613
TSLA,2023-04-10,179.94,185.1,176.11,184.51,-0.0029720090781368835,8.98999999999998,4.996109814382561,192.16857142857143,189.72666666666663,0.038472829704750404
TSLA,2023-04-11,186.69,189.19,185.648,186.79,0.012357053818221164,3.5420000000000016,1.8972628421447326,190.9557142857143,189.032,0.038823687267744655
TSLA,2023-04-12,190.74,191.585,180.31,180.54,-0.03346003533379727,11.275000000000006,5.911188004613613,187.10999999999999,188.193,0.025401455557233908
TSLA,2023-04-13,182.955,186.5,180.94,185.9,0.029688711642849253,5.560000000000002,3.038998660872893,185.84285714285716,187.63066666666666,0.023638691845823886
TSLA,2023-04-14,183.95,186.28,182.01,185.0,-0.004841312533620301,4.27000000000001,2.3212829573253657,184.76000000000002,187.43400000000003,0.02354350563385802
TSLA,2023-04-17,186.32,189.69,182.69,187.04,0.011027027027026959,7.0,3.756977243452125,184.97714285714284,187.07566666666668,0.019584416084012714
TSLA,2023-04-18,187.15,187.69,183.577,184.31,-0.014595808383233488,4.1129999999999995,2.1977023777718405,184.86999999999998,186.759,0.020491776134542315
TSLA,2023-04-19,179.1,183.5,177.65,180.59,-0.02018338668547559,5.849999999999994,3.266331658291454,184.31,186.52166666666665,0.02184011424412067
TSLA,2023-04-20,166.165,169.7,160.56,162.99,-0.09745833102608115,9.139999999999986,5.500556675593528,180.91,185.88799999999998,0.04053155001570098
TSLA,2023-04-21,164.8,166.0,161.321,165.08,0.01282287256886927,4.679000000000002,2.8391990291262146,178.70142857142858,185.62666666666667,0.041457642324892144
TSLA,2023-04-24,164.65,165.65,158.61,162.55,-0.015325902592682294,7.039999999999992,4.275736410567866,175.3657142857143,185.26366666666667,0.037197601249382754
TSLA,2023-04-25,159.82,163.47,158.75,160.67,-0.01156567210089221,4.719999999999999,2.953322487798773,171.89000000000001,184.8033333333333,0.036875580674823216
TSLA,2023-04-26,160.29,160.67,153.14,153.75,-0.043069645857969685,7.530000000000001,4.697735354669662,167.1342857142857,183.81966666666668,0.0350791584379522
TSLA,2023-04-27,152.64,160.48,152.37,160.19,0.04188617886178858,8.109999999999985,5.3131551362683345,163.68857142857146,183.14433333333332,0.043827401194145736
TSLA,2023-04-28,160.9,165.0,157.32,164.31,0.025719458143454776,7.680000000000007,4.7731510254816705,161.36285714285714,182.48366666666666,0.04694158471679993
TSLA,2023-05-01,163.17,163.28,158.83,161.83,-0.015093420972551841,4.449999999999989,2.727217012931292,161.19714285714286,181.87366666666668,0.028950432007766747
TSLA,2023-05-02,161.88,165.49,158.93,160.31,-0.009392572452573744,6.560000000000002,4.052384482332593,160.51571428571427,181.109,0.028439094027055273
TSLA,2023-05-03,160.01,165.0,159.91,160.61,0.001871374212463417,5.090000000000003,3.1810511843009834,160.23857142857145,179.87666666666667,0.02802067089374825
TSLA,2023-05-04,162.71,162.95,159.65,161.2,0.00367349480107082,3.299999999999983,2.0281482391985635,160.31428571428572,178.87833333333336,0.02768722175195702
TSLA,2023-05-05,163.97,170.79,163.51,170.06,0.054962779156327635,7.280000000000001,4.439836555467465,162.6442857142857,178.13966666666664,0.02657000199675362
TSLA,2023-05-08,173.72,173.8,169.19,171.79,0.010172880159943443,4.610000000000014,2.6536956021183595,164.3014285714286,177.51899999999998,0.023735031390015395
TSLA,2023-05-09,168.95,169.82,166.56,169.15,-0.015367599976715662,3.259999999999991,1.9295649600473461,164.99285714285716,176.7636666666667,0.02435100600523073
TSLA,2023-05-10,172.55,174.43,166.68,168.54,-0.003606266627254051,7.75,4.491451753115038,165.95142857142858,176.07533333333333,0.023176844513825335
TSLA,2023-05-11,168.7,173.57,166.79,172.08,0.021003915984336263,6.780000000000001,4.018968583283937,167.63285714285715,175.34866666666667,0.02264384686411867
TSLA,2023-05-12,176.07,177.38,167.23,167.98,-0.023826127382612916,10.150000000000006,5.76475265519396,168.68571428571428,174.43866666666665,0.026077318438337292
TSLA,2023-05-15,167.655,169.76,164.55,166.35,-0.00970353613525421,5.2099999999999795,3.1075720974620378,169.42142857142858,173.06833333333333,0.026817109272193874
TSLA,2023-05-16,165.65,169.518,164.35,166.52,0.00102194168920966,5.168000000000006,3.119830968910357,168.91571428571427,172.12666666666667,0.01526329907163141
TSLA,2023-05-17,168.41,174.5,167.185,173.86,0.0440787893346144,7.314999999999998,4.343566296538209,169.21142857142857,171.50266666666667,0.023344280424007515
TSLA,2023-05-18,174.22,177.06,172.45,176.89,0.01742781548372241,4.610000000000014,2.6460796693835458,170.31714285714287,171.215,0.022569173840187324
TSLA,2023-05-19,177.17,181.95,176.31,180.14,0.018373000169596976,5.639999999999986,3.183383191285199,171.97428571428574,171.051,0.022436556940146127
TSLA,2023-05-22,180.7,189.32,180.11,188.87,0.04846230709448207,9.20999999999998,5.0968456004427125,174.37285714285713,171.19633333333334,0.026719813680215237
TSLA,2023-05-23,186.2,192.96,185.26,185.77,-0.016413406046487,7.700000000000017,4.135338345864671,176.91428571428574,171.16233333333335,0.02508182359471658
TSLA,2023-05-24,182.23,184.22,178.22,182.9,-0.015449211390429096,6.0,3.2925423914832908,179.27857142857144,171.241,0.026089215543605916
TSLA,2023-05-25,186.54,186.78,180.58,184.47,0.008583925642427603,6.199999999999989,3.323683928379966,181.84285714285716,171.19333333333333,0.025618012531386684
TSLA,2023-05-26,184.62,198.6,184.53,193.17,0.047162140185395884,14.069999999999993,7.621059473513158,184.60142857142856,171.46566666666666,0.026220567066571925
TSLA,2023-05-30,200.1,204.48,197.53,201.16,0.041362530413625365,6.949999999999989,3.4732633683158363,188.06857142857143,171.93633333333335,0.028020353008208605
TSLA,2023-05-31,199.78,203.95,195.12,203.93,0.013770133227281711,8.829999999999984,4.419861848032828,191.46714285714287,172.59033333333335,0.028087852185788065
TSLA,2023-06-01,202.59,209.8,199.37,207.52,0.017604079831314623,10.430000000000007,5.148329137667213,194.1314285714286,173.488,0.02477488998055061
TSLA,2023-06-02,210.15,217.25,209.752,213.97,0.031081341557440245,7.4979999999999905,3.567927670711392,198.16000000000003,175.18733333333333,0.021393307950012392
TSLA,2023-06-05,217.8,221.29,214.52,217.61,0.017011730616441678,6.769999999999982,3.1083562901744637,203.1185714285714,176.93833333333333,0.014774021628239672
TSLA,2023-06-06,216.14,221.91,212.53,221.31,0.017002895087541825,9.379999999999995,4.339779772369758,208.38142857142856,178.89700000000002,0.013479492111219276
TSLA,2023-06-07,228.0,230.83,223.2,224.57,0.014730468573494138,7.630000000000024,3.3464912280701857,212.86714285714288,181.02700000000002,0.010382984669480493
TSLA,2023-06-08,224.22,235.23,223.01,234.86,0.04582090216858892,12.219999999999999,5.45000445990545,217.68142857142857,183.73066666666668,0.011820580139246818
TSLA,2023-06-09,249.07,252.42,242.02,244.4,0.04061994379630418,10.399999999999977,4.175532982695619,223.46285714285713,186.53766666666667,0.012852764708216169
TSLA,2023-06-12,247.94,250.97,244.59,249.83,0.02221767594108015,6.3799999999999955,2.573203194321205,229.50714285714284,189.38833333333335,0.012446340409924043
TSLA,2023-06-13,253.51,259.68,251.34,258.71,0.035544170035624045,8.340000000000003,3.289811052818431,235.89857142857142,192.61766666666668,0.01280380994684698
TSLA,2023-06-14,260.17,261.57,250.5,256.79,-0.007421437130377462,11.069999999999993,4.2549102509897345,241.49571428571429,195.8336666666667,0.01830742751043785
TSLA,2023-06-15,248.4,258.95,247.29,255.9,-0.0034658670508976863,11.659999999999997,4.69404186795491,246.43714285714287,199.01000000000002,0.021053671492238545
TSLA,2023-06-16,258.92,263.6,257.209,260.54,0.01813208284486123,6.3910000000000196,2.4683299860960988,251.57571428571427,202.3213333333333,0.020919651726434216
TSLA,2023-06-20,261.5,274.75,261.12,274.45,0.05338911491517595,13.629999999999995,5.212237093690247,257.2314285714286,205.801,0.02251284458924416
TSLA,2023-06-21,275.13,276.99,257.78,259.46,-0.05461832756421936,19.210000000000036,6.9821538908879575,259.3828571428571,208.72333333333333,0.035131550593308705
TSLA,2023-06-22,250.77,265.0,248.25,264.61,0.019848916981423104,16.75,6.679427363719744,261.4942857142857,211.90533333333332,0.034995408494313957
TSLA,2023-06-23,259.29,262.45,252.8,256.6,-0.03027096481614444,9.649999999999977,3.7217015696710156,261.1928571428571,214.84066666666664,0.03544234434613448
TSLA,2023-06-26,254.28,258.37,240.7,241.05,-0.0606001558846454,17.670000000000016,6.949032562529502,258.94428571428574,217.13966666666664,0.042196586513228926
TSLA,2023-06-27,243.24,250.39,240.85,250.21,0.03800041485169059,9.539999999999992,3.9220522940305833,258.13142857142856,219.88066666666666,0.04573826969287557
TSLA,2023-06-28,249.7,259.88,248.89,256.24,0.024099756204787992,10.990000000000009,4.401281537845418,257.51714285714286,222.87699999999998,0.046235552109500304
TSLA,2023-06-29,258.03,260.74,253.61,257.5,0.004917265064002363,7.1299999999999955,2.763244583963104,255.0957142857143,225.90966666666665,0.03984116008106753
TSLA,2023-06-30,260.6,264.45,259.89,261.77,0.01658252427184448,4.560000000000002,1.7498081350729093,255.4257142857143,228.84,0.034842691963888076
TSLA,2023-07-03,276.49,284.25,275.11,279.82,0.0689536616113382,9.139999999999986,3.3057253426887,257.59857142857146,232.27100000000002,0.04305766297156753
TSLA,2023-07-05,278.82,283.85,277.6,282.48,0.0095061110714032,6.25,2.2415895559859407,261.2957142857143,235.68233333333333,0.039519539267666076
TSLA,2023-07-06,278.09,279.97,272.88,276.54,-0.0210280373831776,7.090000000000032,2.5495343234204872,266.36571428571426,238.60466666666667,0.028194921097663445
TSLA,2023-07-07,278.43,280.78,273.77,274.43,-0.007629999276777322,7.009999999999991,2.5176884674783575,269.8257142857143,241.55999999999997,0.028650555702153878
TSLA,2023-07-10,276.47,277.52,265.1,269.61,-0.017563677440513015,12.419999999999959,4.492349983723354,271.73571428571427,244.45033333333333,0.03038770200950451
TSLA,2023-07-11,268.65,270.9,266.37,269.79,0.0006676310225881554,4.529999999999973,1.686208821887204,273.49142857142857,247.29433333333333,0.030494284725271034
TSLA,2023-07-12,276.325,276.52,271.46,271.99,0.008154490529671099,5.060000000000002,1.831177056002896,274.9514285714286,249.92166666666665,0.030221252767074585
TSLA,2023-07-13,274.59,279.45,270.6,277.9,0.021728740027206817,8.849999999999966,3.2229869987981963,274.6771428571429,252.47966666666665,0.015453665153591869
TSLA,2023-07-14,277.01,285.3,276.31,281.38,0.012522490104354134,8.990000000000009,3.2453702032417637,274.52,255.06133333333335,0.015829057312385264
TSLA,2023-07-17,286.625,292.23,283.57,290.38,0.03198521572251045,8.660000000000025,3.02136938508505,276.4971428571429,257.8233333333333,0.016982494396973392
TSLA,2023-07-18,290.15,295.26,286.01,293.34,0.010193539499965487,9.25,3.188006203687748,279.1985714285714,260.469,0.015688666078473544
TSLA,2023-07-19,296.04,299.29,289.52,291.26,-0.007090747937546826,9.770000000000039,3.300229698689379,282.2914285714286,262.92400000000004,0.01291246652581862
TSLA,2023-07-20,279.56,280.93,261.2,262.9,-0.09737004738034749,19.730000000000018,7.057518958363149,281.3071428571429,264.3103333333333,0.04339196436088623
TSLA,2023-07-21,268.0,268.0,255.8,260.02,-0.010954735640928082,12.199999999999989,4.552238805970145,279.59714285714284,265.492,0.043185644912772075
TSLA,2023-07-24,255.85,269.85,254.12,269.06,0.03476655641873716,15.730000000000018,6.148133672073488,278.3342857142857,266.632,0.044809812951505705
TSLA,2023-07-25,272.38,272.9,265.0,265.28,-0.014048911023563648,7.899999999999977,2.900359791467794,276.0342857142857,267.32800000000003,0.04432873725031858
TSLA,2023-07-26,263.25,268.04,261.75,264.35,-0.0035057297949334654,6.2900000000000205,2.389363722697064,272.3157142857143,267.812,0.04096127385828895
TSLA,2023-07-27,268.31,269.13,255.3,255.71,-0.03268394174390021,13.829999999999984,5.154485483209714,266.94,267.712,0.04018802048673992
TSLA,2023-07-28,259.86,267.25,258.231,266.44,0.041961597121739524,9.019000000000005,3.470715000384825,263.39428571428573,268.03366666666665,0.04635300955142903
TSLA,2023-07-31,267.48,269.08,263.78,267.43,0.003715658309563219,5.300000000000011,1.9814565574996303,264.0414285714286,268.418,0.026858466396496812
TSLA,2023-08-01,266.26,266.47,260.25,261.07,-0.023781924241857766,6.220000000000027,2.336062495305351,264.19142857142856,268.43566666666663,0.028345731850090688
TSLA,2023-08-02,255.57,259.52,250.49,254.11,-0.026659516604741973,9.029999999999973,3.53327855382086,262.05571428571426,267.7576666666667,0.02548400554320503
TSLA,2023-08-03,252.04,260.49,252.0,259.32,0.02050293180118845,8.490000000000009,3.368512934454852,261.20428571428573,267.753,0.0273619056285013
TSLA,2023-08-04,260.97,264.77,253.11,253.86,-0.021055067098565416,11.659999999999968,4.467946507261359,259.70571428571424,267.3946666666667,0.028215034535357394
TSLA,2023-08-07,251.45,253.651,242.76,251.45,-0.009493421570944682,10.89100000000002,4.331278584211581,259.09714285714284,267.223,0.02573379740712297
TSLA,2023-08-08,247.45,250.92,245.01,249.7,-0.0069596341220918845,5.909999999999997,2.3883612851081013,256.7057142857143,267.5113333333333,0.016892452115628568
TSLA,2023-08-09,250.87,251.1,241.9,242.19,-0.03007609130957145,9.199999999999989,3.667238011719213,253.09999999999997,267.24399999999997,0.017437793476252794
TSLA,2023-08-10,245.4,251.8,243.0,245.34,0.013006317354143482,8.800000000000011,3.585982070089654,250.85285714285715,266.8806666666667,0.019406867837777564
TSLA,2023-08-11,241.77,243.79,238.02,242.65,-0.010964375968044338,5.769999999999982,2.3865657443024286,249.2157142857143,266.3856666666667,0.01782511793330136
TSLA,2023-08-14,235.7,240.66,233.75,239.76,-0.011910158664743542,6.909999999999997,2.9316928298684757,246.42142857142855,265.652,0.01329598722516576
TSLA,2023-08-15,238.73,240.5,232.61,232.96,-0.02836169502836161,7.889999999999986,3.3049888995936776,243.43571428571428,264.09,0.01444790960027651
TSLA,2023-08-16,228.02,233.97,225.38,225.6,-0.0315934065934067,8.590000000000003,3.76721340233313,239.74285714285716,262.194,0.01610127076114871
TSLA,2023-08-17,226.06,226.74,218.83,219.22,-0.02828014184397165,7.909999999999997,3.4990710430859053,235.38857142857142,260.28333333333336,0.016283723867148506
TSLA,2023-08-18,214.12,217.58,212.36,215.49,-0.017014870905939228,5.219999999999999,2.4378852979637577,231.57428571428574,258.3186666666667,0.015437288708723556
TSLA,2023-08-21,221.551,232.134,220.58,231.28,0.0732748619425494,11.553999999999974,5.2150520647616005,229.56571428571428,257.041,0.03672712567179914
TSLA,2023-08-22,240.25,240.82,229.55,233.19,0.00825838810100299,11.269999999999982,4.6909469302809494,228.21428571428572,255.821,0.037170178886062645
TSLA,2023-08-23,229.34,238.98,229.29,236.86,0.01573823920408257,9.689999999999998,4.225167873026946,227.8,254.65,0.03778845902771899
TSLA,2023-08-24,238.66,238.92,228.18,230.04,-0.02879338005572918,10.73999999999998,4.5001257018352385,227.38285714285715,253.0546666666667,0.03784060453686692
TSLA,2023-08-25,231.31,239.0,230.35,238.59,0.03716744913928016,8.650000000000006,3.7395702736587286,229.23857142857145,251.62833333333336,0.03756003235594709
TSLA,2023-08-28,242.58,244.38,235.35,238.82,0.0009639968146191169,9.030000000000001,3.7224833044768735,232.03857142857143,249.90966666666665,0.034252172076509955
TSLA,2023-08-29,238.58,257.48,237.77,257.18,0.0768779834184743,19.710000000000008,8.261379830664769,237.99428571428572,248.70433333333332,0.03872351150441053
TSLA,2023-08-30,254.2,260.51,250.59,256.9,-0.0010887316276538828,9.919999999999987,3.902439024390239,241.6542857142857,247.559,0.03351010347288398
TSLA,2023-08-31,255.98,261.18,255.05,258.08,0.004593226936551176,6.1299999999999955,2.3947183373701053,245.20999999999998,247.39833333333334,0.033671979682829214
TSLA,2023-09-01,257.26,259.079,242.01,245.01,-0.050643211407315536,17.069000000000017,6.6349218689263845,246.3742857142857,246.898,0.04181407515251844
TSLA,2023-09-05,245.0,258.0,244.86,256.49,0.04685523039875927,13.139999999999986,5.363265306122443,250.15285714285713,246.47899999999998,0.04122036655089985
TSLA,2023-09-06,255.135,255.39,245.06,251.92,-0.01781745877032248,10.329999999999984,4.048836890273771,252.05714285714288,246.03366666666668,0.04183537199801782
TSLA,2023-09-07,245.07,252.81,243.265,251.49,-0.0017068910765321021,9.545000000000016,3.8948055657567293,253.86714285714285,245.605,0.04192800223395094
TSLA,2023-09-08,251.22,256.52,246.67,248.5,-0.011889140721301095,9.849999999999994,3.92086617307539,252.62714285714284,245.36466666666666,0.029156557866305426
TSLA,2023-09-11,264.27,274.85,260.61,273.58,0.10092555331991937,14.240000000000009,5.388428501154126,255.01,245.60266666666666,0.04953547373368208
TSLA,2023-09-12,270.76,278.39,266.6,267.48,-0.02229695153154454,11.789999999999964,4.354409809425308,256.35285714285715,245.60433333333333,0.051048309308266385
TSLA,2023-09-13,270.07,274.98,268.1,271.3,0.014281441603110512,6.8799999999999955,2.547487688377086,260.10857142857145,245.9453333333333,0.04447295454090623
TSLA,2023-09-14,271.32,276.709,270.42,276.04,0.01747143383708072,6.288999999999987,2.3179271708683427,262.90142857142854,246.67633333333333,0.04235408270013143
TSLA,2023-09-15,277.55,278.98,271.0,274.39,-0.005977394580495732,7.980000000000018,2.8751576292559964,266.1114285714286,247.1786666666667,0.04121955793820197
TSLA,2023-09-18,271.16,271.44,263.76,265.28,-0.033200918400816404,7.680000000000007,2.8322761469243276,268.08142857142855,247.5593333333333,0.044663781915293244
TSLA,2023-09-19,264.35,267.85,261.2,266.5,0.004598914354644323,6.650000000000034,2.5156043124645486,270.65285714285716,248.061,0.0438380760023127
TSLA,2023-09-20,267.04,273.93,262.461,262.59,-0.014671669793621112,11.468999999999994,4.294862192929895,269.0828571428571,248.49066666666667,0.018949786896291974
TSLA,2023-09-21,257.85,260.86,254.21,255.7,-0.026238622948322465,6.650000000000006,2.5790188093853037,267.4,248.941,0.019573967922035182
TSLA,2023-09-22,257.4,257.789,244.48,244.88,-0.04231521314039888,13.308999999999997,5.17055167055167,263.6257142857143,248.92566666666667,0.021294039408226363
TSLA,2023-09-25,243.38,247.1,238.31,246.99,0.00861646520744852,8.789999999999992,3.6116361245788444,259.4757142857143,249.0703333333333,0.019255150311515284
TSLA,2023-09-26,242.98,249.55,241.66,244.12,-0.011619903639823459,7.890000000000015,3.2471808379290543,255.15142857142857,249.21566666666666,0.018900096463500646
TSLA,2023-09-27,244.262,245.33,234.58,240.5,-0.014828772734720608,10.75,4.401012028068222,251.61142857142858,249.467,0.01739455296316777
TSLA,2023-09-28,240.02,247.55,238.65,246.38,0.024449064449064473,8.900000000000006,3.708024331305727,248.73714285714283,250.15966666666665,0.021919561819751077
TSLA,2023-09-29,250.0,254.77,246.35,250.22,0.015585680655897383,8.420000000000016,3.3680000000000065,246.97,251.193,0.02395116721806412
TSLA,2023-10-02,244.81,254.28,242.62,251.6,0.0055151466709295605,11.659999999999997,4.76287733344226,246.3842857142857,252.39666666666665,0.022584586548412142
TSLA,2023-10-03,248.61,250.02,244.45,246.53,-0.02015103338632751,5.570000000000022,2.240456940589687,246.61999999999998,252.905,0.016823248561916165
TSLA,2023-10-04,248.14,261.86,247.6,261.16,0.059343690423072415,14.26000000000002,5.746755863625381,248.64428571428567,253.83733333333333,0.027893505175194507
TSLA,2023-10-05,260.0,263.6,256.25,260.05,-0.004250268034921123,7.350000000000023,2.8269230769230855,250.92000000000002,254.61033333333333,0.027144138234163884
TSLA,2023-10-06,253.98,261.65,250.65,260.53,0.001845798884829719,10.999999999999972,4.331049688951874,253.78142857142856,255.62666666666667,0.025337021818684254
TSLA,2023-10-09,255.31,261.36,252.05,259.67,-0.003300963420719172,9.310000000000002,3.646547334612824,255.68000000000004,256.32933333333335,0.02519173974047633
TSLA,2023-10-10,257.75,268.94,257.65,263.62,0.01521161474178756,11.29000000000002,4.380213385063054,257.5942857142857,257.156,0.02517285724217788
TSLA,2023-10-11,266.2,268.6,260.9,262.99,-0.0023898035050451405,7.7000000000000455,2.8925619834710914,259.2214285714286,257.3496666666667,0.025465169889921483
TSLA,2023-10-12,262.92,265.41,256.631,258.87,-0.015665994904749292,8.779000000000053,3.3390384907956996,260.9842857142857,257.4153333333333,0.024725131045998272
TSLA,2023-10-13,258.9,259.6,250.22,251.12,-0.029937806621083918,9.380000000000024,3.6230204712244203,259.55,257.18333333333334,0.014139521932173578
TSLA,2023-10-16,250.05,255.4,248.48,253.92,0.011150047785918993,6.920000000000016,2.7674465106978667,258.6742857142857,257.4803333333333,0.015498827987593557
TSLA,2023-10-17,250.1,257.183,247.08,254.85,0.0036625708884687747,10.10299999999998,4.039584166333459,257.86285714285714,257.4256666666667,0.01561410658010224
TSLA,2023-10-18,252.7,254.63,242.08,242.68,-0.04775358053757106,12.549999999999983,4.966363276612578,255.43571428571428,257.11766666666665,0.023021258806685093
TSLA,2023-10-19,225.95,230.61,216.78,220.11,-0.09300313169606067,13.830000000000013,6.12082319097146,249.22,256.07166666666666,0.036270018912451026
TSLA,2023-10-20,217.01,218.861,210.42,211.99,-0.03689064558629773,8.441000000000003,3.8896825031104574,241.93428571428572,254.85466666666667,0.03503255532551621
TSLA,2023-10-23,210.0,216.98,202.51,212.08,0.00042454832775140616,14.469999999999999,6.89047619047619,235.25000000000003,252.80466666666663,0.03660533665348891
TSLA,2023-10-24,216.5,222.05,214.11,216.52,0.020935496039230506,7.939999999999998,3.6674364896073888,230.30714285714288,251.10600000000002,0.04084079139769743
TSLA,2023-10-25,215.88,220.1,212.2,212.42,-0.01893589506743032,7.900000000000006,3.6594404298684484,224.3785714285714,249.14333333333335,0.03850680179132381
TSLA,2023-10-26,211.32,214.8,204.88,205.76,-0.03135297994539121,9.920000000000016,4.6943024796517205,217.3657142857143,246.80066666666664,0.03645708310611786
TSLA,2023-10-27,210.6,212.41,205.77,207.3,0.007484447900466762,6.639999999999986,3.152896486229813,212.3114285714286,244.5643333333333,0.03780361681658865
TSLA,2023-10-30,209.28,210.88,194.67,197.36,-0.04794983116256635,16.210000000000008,7.745603975535172,209.0614285714286,242.30033333333333,0.02543748574869178
TSLA,2023-10-31,196.12,202.8,194.07,200.84,0.017632752330766,8.730000000000018,4.451356312461767,207.46857142857147,240.11166666666665,0.02602377147048643
TSLA,2023-11-01,204.04,205.99,197.85,205.66,0.023999203345947073,8.140000000000015,3.989413840423454,206.55142857142854,238.214,0.028602016289788174
TSLA,2023-11-02,212.97,219.2,211.45,218.51,0.06248176602158906,7.75,3.6390101892285296,206.83571428571426,236.9743333333333,0.037554695839073386
TSLA,2023-11-03,221.15,226.37,218.4,219.96,0.0066358519060913945,7.969999999999999,3.603888763282839,207.91285714285715,236.14366666666666,0.03641559664593623
TSLA,2023-11-06,223.98,226.32,215.0,219.27,-0.0031369339879978586,11.319999999999993,5.0540226805964785,209.84285714285716,235.21966666666668,0.03305504811678361
TSLA,2023-11-07,219.98,223.12,215.72,222.18,0.01327130934464349,7.400000000000006,3.3639421765615083,211.96857142857144,234.48833333333332,0.033065902444754866
TSLA,2023-11-08,223.15,224.15,217.64,222.11,-0.00031505986137359,6.510000000000019,2.917320188214214,215.50428571428571,233.87533333333334,0.022151955298042238
TSLA,2023-11-09,219.75,220.8,206.68,209.98,-0.05461257935257313,14.120000000000005,6.425483503981799,216.81,232.66199999999998,0.03502135847863843
TSLA,2023-11-10,210.03,215.38,205.69,214.65,0.022240213353652782,9.689999999999998,4.613626624767889,218.09428571428572,231.47633333333334,0.0348842909284406
TSLA,2023-11-13,215.6,225.4,211.61,223.71,0.04220824598183093,13.789999999999992,6.3961038961038925,218.83714285714288,230.54666666666668,0.029972357114908563
TSLA,2023-11-14,235.03,238.135,230.72,237.41,0.0612399982119709,7.414999999999992,3.1549163936518707,221.32999999999998,230.24266666666668,0.03710399759837356
TSLA,2023-11-15,239.29,246.7,236.45,242.84,0.02287182511267427,10.25,4.283505370053073,224.69714285714286,229.632,0.03668729383996815
TSLA,2023-11-16,239.49,240.88,230.96,233.59,-0.03809092406522818,9.919999999999987,4.142135370996696,226.32714285714286,228.75000000000003,0.041917528062360765
TSLA,2023-11-17,232.0,237.39,226.54,234.3,0.003039513677811634,10.849999999999994,4.676724137931032,228.06857142857143,227.87566666666666,0.04182657209890821
TSLA,2023-11-20,234.04,237.1,231.02,235.6,0.005548442168160417,6.079999999999984,2.597846521962051,231.72857142857146,227.07333333333332,0.031663896563836905
TSLA,2023-11-21,235.04,243.62,233.34,241.2,0.02376910016977929,10.280000000000001,4.373723621511233,235.52142857142857,226.326,0.03171123878200778
TSLA,2023-11-22,242.04,244.01,231.4,234.21,-0.028980099502487477,12.609999999999985,5.209882664022469,237.02142857142854,225.36666666666667,0.03371602935181179
TSLA,2023-11-24,233.75,238.75,232.33,235.45,0.005294393919986318,6.4199999999999875,2.7465240641711177,236.74142857142857,224.58599999999998,0.02394711156988652
TSLA,2023-11-27,236.89,238.33,232.1,236.08,0.0026757273306434737,6.230000000000018,2.6299126176706564,235.77571428571426,224.08466666666666,0.021713177934000568
TSLA,2023-11-28,236.68,247.0,234.01,246.72,0.04506946797695699,12.990000000000009,5.488423187426064,237.65142857142857,223.84466666666668,0.022570621363300812
TSLA,2023-11-29,249.21,252.75,242.76,244.14,-0.01045719844357984,9.990000000000009,4.008667388949083,239.05714285714288,223.48766666666668,0.023622879775413906
TSLA,2023-11-30,245.14,245.22,236.91,240.08,-0.016629802572294516,8.310000000000002,3.3898996491800615,239.69714285714284,223.401,0.025151897269869376
TSLA,2023-12-01,233.14,240.19,231.9,238.83,-0.0052065978007330704,8.289999999999992,3.5558033799433786,239.35857142857142,224.025,0.02348623509969828
TSLA,2023-12-04,235.75,239.373,233.29,235.58,-0.013608005694426994,6.082999999999998,2.5802757158006355,239.55428571428573,224.81133333333335,0.021045023919254686
TSLA,2023-12-05,233.87,246.66,233.7,238.72,0.013328805501315877,12.960000000000008,5.54154017189037,240.02142857142857,225.69933333333336,0.021530510850430524
TSLA,2023-12-06,242.92,246.57,239.171,239.37,0.0027228552278819596,7.399000000000001,3.04585871891981,240.49142857142857,226.46099999999998,0.02153070363224605
TSLA,2023-12-07,241.55,244.08,236.98,242.64,0.01366085975686171,7.100000000000023,2.9393500310494813,239.90857142857143,227.4683333333333,0.01246621419595567
TSLA,2023-12-08,240.27,245.27,239.27,243.84,0.004945598417408492,6.0,2.4971906605069294,239.8657142857143,228.73766666666668,0.012144254621332028
TSLA,2023-12-11,242.74,243.441,237.45,239.74,-0.01681430446194221,5.991000000000014,2.468072835132246,239.81714285714287,229.81900000000002,0.012186206073594448
TSLA,2023-12-12,238.55,238.99,233.87,237.01,-0.011387336280971105,5.1200000000000045,2.146300565919096,239.55714285714285,231.14066666666665,0.012821939372475905
TSLA,2023-12-13,234.19,240.3,228.2,239.29,0.009619847263828474,12.100000000000023,5.166744950681081,240.08714285714285,232.42233333333334,0.012001122004209485
TSLA,2023-12-14,241.22,253.88,240.79,251.05,0.04914538844080418,13.090000000000003,5.426581543818922,241.84857142857143,233.93533333333332,0.021424279937972433
TSLA,2023-12-15,251.21,254.13,248.3,253.5,0.009759012148974344,5.829999999999984,2.3207674853707987,243.86714285714288,235.10166666666666,0.021332403377407504
TSLA,2023-12-18,253.78,258.74,251.36,252.08,-0.005601577909270183,7.3799999999999955,2.908030577665693,245.21571428571428,236.17233333333334,0.021781110050376248
TSLA,2023-12-19,253.48,258.34,253.01,257.22,0.020390352269120893,5.329999999999984,2.1027299984219603,247.12714285714287,237.43733333333333,0.02246734844795912
TSLA,2023-12-20,256.41,259.84,247.0,247.14,-0.03918824352694206,12.839999999999975,5.007605007604997,248.18428571428572,238.26933333333335,0.027575584762394502
TSLA,2023-12-21,251.9,254.8,248.55,254.5,0.029780691106255697,6.25,2.481143310837634,250.68285714285716,239.34900000000002,0.027965790907648967
TSLA,2023-12-22,256.76,258.22,251.37,252.54,-0.007701375245579567,6.850000000000023,2.667861037544798,252.57571428571433,240.76766666666668,0.02881600862348031
TSLA,2023-12-26,254.49,257.97,252.91,256.61,0.016116258810485506,5.060000000000031,1.9882903061024126,253.36999999999998,242.1663333333333,0.023111224056225226
TSLA,2023-12-27,258.35,263.34,257.52,261.44,0.018822337399166056,5.819999999999993,2.2527578865879594,254.50428571428571,243.42399999999998,0.02377352452452419
TSLA,2023-12-28,263.66,265.13,252.71,253.18,-0.031594247246022,12.419999999999987,4.710612152013952,254.6614285714286,243.94966666666667,0.02739715535251955
TSLA,2023-12-29,255.1,255.19,247.43,248.48,-0.018563867604076245,7.759999999999991,3.041944335554681,253.41285714285712,244.13766666666666,0.026737747766973265
TSLA,2024-01-02,250.08,251.25,244.41,248.42,-0.00024146812620740032,6.840000000000003,2.735124760076777,253.5957142857143,244.63199999999998,0.021972821865521006
TSLA,2024-01-03,244.98,245.68,236.32,238.45,-0.04013364463408742,9.360000000000014,3.8207200587803145,251.30285714285716,244.77033333333335,0.022563119262253944
TSLA,2024-01-04,239.25,242.7,237.73,237.93,-0.002180750681484489,4.969999999999999,2.0773249738766975,249.21571428571426,244.84799999999998,0.02271378009892007
TSLA,2024-01-05,236.86,240.12,234.9,237.49,-0.001849283402681423,5.219999999999999,2.203833488136451,246.4842857142857,244.72433333333336,0.020398163658638384
TSLA,2024-01-08,236.14,241.25,235.3,240.45,0.012463682681375987,5.949999999999989,2.519691708308626,243.48571428571427,244.93233333333333,0.01894815051393664
TSLA,2024-01-09,238.11,238.965,232.04,234.96,-0.02283218964441669,6.925000000000011,2.9083196841795855,240.88285714285712,244.91600000000003,0.017662913078449777
TSLA,2024-01-10,235.1,235.5,231.29,233.94,-0.00434116445352406,4.210000000000008,1.790727350063806,238.8057142857143,244.84466666666668,0.017393572253513557
TSLA,2024-01-11,230.57,230.93,225.37,227.22,-0.02872531418312385,5.560000000000002,2.411415188446026,235.77714285714288,244.19466666666668,0.01845403573437404
TSLA,2024-01-12,220.08,225.34,217.15,218.89,-0.03666050523721509,8.189999999999998,3.721374045801525,232.9828571428571,243.353,0.01761531044065271
TSLA,2024-01-16,215.1,223.49,212.18,219.91,0.004659874822970478,11.310000000000002,5.258019525801954,230.4085714285714,242.68066666666667,0.018423215417155095
TSLA,2024-01-17,214.86,215.67,212.01,215.55,-0.01982629257423485,3.6599999999999966,1.703434794750068,227.2742857142857,241.90466666666669,0.01817977881879682
TSLA,2024-01-18,216.88,217.45,208.74,211.88,-0.0170262120157737,8.70999999999998,4.016045739579481,223.19285714285715,241.11466666666666,0.014087178740246878
TSLA,2024-01-19,209.99,213.19,207.56,212.19,0.001463092316405623,5.6299999999999955,2.6810800514310182,219.94,240.23033333333333,0.015562595141495139
TSLA,2024-01-22,212.26,217.8,206.27,208.8,-0.0159762477025307,11.530000000000001,5.432017337227929,216.34857142857143,239.21133333333333,0.014923544652850926
TSLA,2024-01-23,211.3,215.65,207.752,209.14,0.0016283524904212587,7.897999999999996,3.737813535257925,213.76571428571427,238.09466666666668,0.015023714660463445
TSLA,2024-01-24,211.88,212.73,206.77,207.83,-0.006263746772496748,5.9599999999999795,2.812912969605428,212.1857142857143,236.89433333333332,0.010225750681920494
TSLA,2024-01-25,189.7,193.0,180.06,182.63,-0.1212529471202426,12.939999999999998,6.821296784396415,206.85999999999999,234.99066666666664,0.0431974001640941
TSLA,2024-01-26,185.5,186.78,182.1,183.25,0.0033948420303346882,4.680000000000007,2.5229110512129416,202.24571428571429,233.19866666666667,0.04455991271354911
TSLA,2024-01-29,185.63,191.48,183.67,190.93,0.04190995907230555,7.810000000000002,4.207294079620752,199.25285714285715,231.58666666666667,0.05078976659598132
TSLA,2024-01-30,195.33,196.359,190.61,191.59,0.003456764259152534,5.748999999999995,2.943224287103873,196.31,229.60466666666667,0.05089369990412236
TSLA,2024-01-31,186.995,193.97,185.846,187.29,-0.02244376011274085,8.123999999999995,4.344501189871385,193.23714285714283,227.39766666666668,0.05100894867307643
TSLA,2024-02-01,188.5,189.88,184.28,188.86,0.008382721981953223,5.599999999999994,2.9708222811671057,190.34,225.29033333333334,0.05142102586139175
TSLA,2024-02-02,185.04,188.69,182.0,187.91,-0.005030181086519203,6.689999999999998,3.6154345006485076,187.49428571428572,222.98,0.051451101428818355
TSLA,2024-02-05,184.26,184.68,175.01,181.06,-0.03645362141450692,9.670000000000016,5.248019103440799,187.27,220.77733333333333,0.024837831401355134
TSLA,2024-02-06,177.21,186.49,177.11,185.1,0.022313045399315,9.379999999999995,5.293155013825402,187.53428571428572,218.464,0.026373569077780244
TSLA,2024-02-07,188.18,189.79,182.68,187.58,0.01339816315505149,7.109999999999985,3.7782973748538553,187.05571428571426,216.29866666666666,0.020733142064071695
TSLA,2024-02-08,189.0,191.617,185.58,189.56,0.01055549632156949,6.036999999999978,3.1941798941798827,186.7657142857143,214.06366666666665,0.02123152223769542
TSLA,2024-02-09,190.18,194.12,189.48,193.57,0.02115425195188858,4.640000000000015,2.439793879482603,187.66285714285715,211.80133333333333,0.020381683234046363
TSLA,2024-02-12,192.11,194.73,187.28,188.13,-0.028103528439324288,7.449999999999989,3.8779865701941536,187.5585714285714,209.63299999999998,0.02373327741824164
TSLA,2024-02-13,183.99,187.26,182.109,184.02,-0.021846595439323768,5.150999999999982,2.7996086743844675,187.00285714285715,207.48433333333332,0.02510237096894732
TSLA,2024-02-14,185.3,188.89,183.35,188.71,0.025486360178241574,5.539999999999992,2.989746357258495,188.09571428571425,205.49400000000003,0.021944335037438357
TSLA,2024-02-15,189.16,200.88,188.859,200.45,0.06221185946690677,12.020999999999987,6.3549376189469164,190.28857142857143,204.22733333333332,0.030399157274636317
TSLA,2024-02-16,202.06,203.17,197.4,199.95,-0.00249438762783738,5.769999999999982,2.855587449272484,192.0557142857143,202.96133333333333,0.030853169874940113
TSLA,2024-02-20,196.13,198.6,189.13,193.76,-0.03095773943485869,9.469999999999999,4.828430122877682,192.65571428571428,201.50366666666665,0.034415421687650036
TSLA,2024-02-21,193.36,199.44,191.95,194.77,0.0052126341866227666,7.490000000000009,3.873603640877125,192.82714285714286,199.98100000000002,0.03358027941563925
TSLA,2024-02-22,194.0,198.32,191.36,197.41,0.013554448837089783,6.9599999999999795,3.5876288659793714,194.15285714285716,198.72933333333333,0.031087616186728603
TSLA,2024-02-23,195.31,197.57,191.5,191.97,-0.027556861354541273,6.069999999999993,3.1078797808611913,195.28857142857143,197.33033333333333,0.032040512122072234
TSLA,2024-02-26,192.29,201.78,192.0,199.4,0.03870396416106692,9.780000000000001,5.08606791824848,196.81571428571428,196.403,0.03369319181856783
TSLA,2024-02-27,204.04,205.6,198.26,199.73,0.0016549648946839746,7.340000000000003,3.5973338561066477,196.71285714285713,195.76433333333333,0.023927348658744622
TSLA,2024-02-28,200.42,205.3,198.44,202.04,0.011565613578330858,6.860000000000014,3.422812094601344,197.01142857142855,195.16866666666664,0.024296684263809314
TSLA,2024-02-29,204.18,205.28,198.446,201.88,-0.0007919223916056373,6.834000000000003,3.3470467234792842,198.17142857142858,194.713,0.01978749883472296
TSLA,2024-03-01,200.52,204.52,198.5,202.64,0.003764612641173004,6.02000000000001,3.002194294833438,199.29571428571427,194.40500000000003,0.01980526013956642
TSLA,2024-03-04,198.73,199.75,186.72,188.14,-0.07155546782471378,13.030000000000001,6.5566346298998655,197.97142857142856,193.60333333333332,0.03476008749267585
TSLA,2024-03-05,183.05,184.59,177.57,180.74,-0.039332412033591835,7.02000000000001,3.8350177547118327,196.36714285714285,192.668,0.036213882847470395
TSLA,2024-03-06,179.99,181.576,173.7,176.54,-0.02323780015491872,7.876000000000005,4.375798655480862,193.10142857142858,191.58133333333336,0.029921162909115166
TSLA,2024-03-07,174.35,180.04,173.7,178.65,0.011951965560213162,6.340000000000003,3.6363636363636385,190.08999999999997,190.60866666666666,0.031207843027132382
TSLA,2024-03-08,181.5,182.73,174.7,175.34,-0.018527847746991344,8.030000000000001,4.424242424242425,186.2757142857143,190.36566666666667,0.028862482285090953
TSLA,2024-03-11,175.445,182.87,174.8,177.77,0.013858788639215192,8.069999999999993,4.59973210977799,182.83142857142857,190.183,0.03091804903492442
TSLA,2024-03-12,177.77,179.43,172.41,177.54,-0.001293806604038994,7.02000000000001,3.9489227653709906,179.24571428571429,189.73666666666668,0.03039057014877632
TSLA,2024-03-13,173.05,176.05,169.15,169.48,-0.04539822011940975,6.900000000000006,3.9872869112973155,176.57999999999998,188.99966666666666,0.023601622469888173
TSLA,2024-03-14,167.77,171.17,160.51,162.5,-0.04118480056643847,10.659999999999997,6.35393693747392,173.9742857142857,188.17333333333332,0.023933607865221255
TSLA,2024-03-15,163.16,165.184,160.76,163.57,0.006584615384615411,4.424000000000007,2.711448884530526,172.12142857142857,187.33033333333333,0.024825831499731887
TSLA,2024-03-18,170.02,174.72,165.9,173.8,0.06254203093476818,8.819999999999993,5.187624985295844,171.42857142857142,186.86,0.03690239047684964
TSLA,2024-03-19,172.36,172.82,167.42,171.32,-0.014269275028768846,5.400000000000006,3.1329774889765636,170.8542857142857,186.5353333333333,0.03664458540792478
TSLA,2024-03-20,173.0,176.25,170.82,175.66,0.025332710716787332,5.430000000000007,3.138728323699426,170.55285714285714,186.22066666666666,0.03775058607455116
TSLA,2024-03-21,176.39,178.18,171.8,172.82,-0.016167596493225522,6.3799999999999955,3.6169850898576996,169.87857142857143,185.72866666666667,0.03817959204567256
TSLA,2024-03-22,166.69,171.2,166.3,170.83,-0.011514870964008717,4.899999999999977,2.93958845761592,170.07142857142858,185.10433333333333,0.03384296407230831
TSLA,2024-03-25,168.76,175.24,168.73,172.63,0.010536790961774845,6.510000000000019,3.857549182270692,171.51857142857142,184.40633333333335,0.028099315080222842
TSLA,2024-03-26,178.58,184.25,177.38,177.67,0.029195388982216297,6.8700000000000045,3.8470153432635255,173.53285714285715,184.05766666666668,0.029057777312969126
TSLA,2024-03-27,181.41,181.91,176.0,179.83,0.012157370405808665,5.909999999999997,3.2578137919629553,174.3942857142857,183.918,0.0190299001067485
TSLA,2024-03-28,177.45,179.57,175.3,175.79,-0.022465662014124588,4.269999999999982,2.406311637080858,175.03285714285715,183.48733333333334,0.020603059942391092
TSLA,2024-04-01,176.17,176.75,170.21,175.22,-0.003242505261960238,6.539999999999992,3.7123233240619813,174.97,182.64633333333333,0.01834883149365901
TSLA,2024-04-02,164.75,167.69,163.43,166.63,-0.04902408400867486,4.259999999999991,2.585735963581178,174.08571428571426,181.53566666666666,0.02579965941306189
TSLA,2024-04-03,164.02,168.82,163.28,168.38,0.01050231050831174,5.539999999999992,3.377636873552001,173.73571428571427,180.68966666666665,0.02619898367014452
TSLA,2024-04-04,170.07,177.19,168.01,171.11,0.0162133269984559,9.180000000000007,5.397777385782329,173.51857142857145,179.901,0.026725704429798262
TSLA,2024-04-05,169.08,170.86,160.51,164.9,-0.036292443457425105,10.350000000000023,6.121362668559275,171.69428571428574,178.81733333333332,0.025861809353838708
TSLA,2024-04-08,169.34,174.5,167.79,172.98,0.04899939357186156,6.710000000000008,3.9624424235266376,170.71571428571428,178.18433333333334,0.03374345074345403
TSLA,2024-04-09,172.91,179.22,171.92,176.88,0.022545959070412902,7.300000000000011,4.221849517089822,170.87142857142857,177.43366666666665,0.034156503994089295
TSLA,2024-04-10,173.04,174.93,170.01,171.76,-0.028946178199909522,4.920000000000016,2.8432732316227556,170.37714285714284,176.50133333333332,0.03606530087959106
TSLA,2024-04-11,172.55,175.88,168.51,174.6,0.01653469958081044,7.3700000000000045,4.271225731671981,171.5157142857143,175.58666666666667,0.029888701959020367
TSLA,2024-04-12,172.34,173.81,170.364,171.05,-0.02033218785796098,3.445999999999998,1.9995358013229652,171.89714285714285,174.55900000000003,0.03152743058885922
TSLA,2024-04-15,170.24,170.69,161.38,161.48,-0.05594855305466251,9.310000000000002,5.468750000000002,170.52142857142857,173.18699999999998,0.03757958791887418
TSLA,2024-04-16,156.742,158.19,153.75,157.11,-0.027062174882338197,4.439999999999998,2.832680455780836,169.4085714285714,172.15266666666668,0.03655437160330761
TSLA,2024-04-17,157.64,158.33,153.78,155.45,-0.01056584558589535,4.550000000000011,2.8863232682060467,166.9042857142857,171.30966666666666,0.027290998493665588
TSLA,2024-04-18,151.25,152.2,148.7,149.93,-0.03550981022836919,3.5,2.3140495867768593,163.0542857142857,170.42266666666666,0.022429817441195314
TSLA,2024-04-19,148.97,150.94,146.22,147.01,-0.019475755352497903,4.719999999999999,3.168423172450828,159.51857142857142,169.368,0.022304994977178447
TSLA,2024-04-22,140.56,144.44,138.803,142.05,-0.033739201414869635,5.6370000000000005,4.010387023335231,154.86857142857144,168.25833333333333,0.014722196414843415
TSLA,2024-04-23,143.33,147.26,141.11,144.68,0.018514607532558847,6.149999999999977,4.29079746040604,151.10142857142858,167.15533333333335,0.023321363366119723
TSLA,2024-04-24,162.84,167.97,157.51,162.13,0.12061100359413879,10.460000000000008,6.4234831736674085,151.1942857142857,166.64166666666668,0.055511383564469614
TSLA,2024-04-25,158.96,170.88,158.36,170.18,0.049651514216986437,12.519999999999982,7.876195269250114,153.0614285714286,166.665,0.05642299125291157
TSLA,2024-04-26,168.85,172.12,166.37,168.29,-0.011105887883417598,5.75,3.4053893988747412,154.8957142857143,166.858,0.05646059571743726
TSLA,2024-04-29,188.42,198.87,184.54,194.05,0.1530691068988057,14.330000000000013,7.605349750557274,161.1985714285714,167.874,0.07236861994065451
TSLA,2024-04-30,186.98,190.95,182.84,183.28,-0.05550115949497558,8.109999999999985,4.337362284736328,166.38000000000002,168.19,0.07831084805226528
TSLA,2024-05-01,182.0,185.86,179.01,179.99,-0.017950676560453904,6.850000000000023,3.763736263736276,171.8,168.479,0.0762172414863072
TSLA,2024-05-02,182.86,184.6,176.02,180.01,0.00011111728429336054,8.579999999999984,4.692114185715839,176.84714285714287,168.62399999999997,0.07726157303192063
TSLA,2024-05-03,182.1,184.78,178.42,181.19,0.006555191378256886,6.360000000000014,3.4925864909390523,179.57,168.903,0.0673774272771262
TSLA,2024-05-06,183.8,187.56,182.2,184.76,0.019703074121088404,5.360000000000014,2.9162132752992456,181.65285714285713,169.3673333333333,0.06595609695187295
TSLA,2024-05-07,182.4,183.26,177.4,177.81,-0.03761636717904304,5.859999999999985,3.212719298245606,183.01285714285717,169.54,0.06832661379845316
TSLA,2024-05-08,171.59,176.06,170.15,174.72,-0.01737810021933528,5.909999999999997,3.4442566583134195,180.25142857142853,169.44166666666666,0.02602005862304675
TSLA,2024-05-09,175.01,175.62,171.37,171.97,-0.015739468864468864,4.25,2.4284326609908007,178.63571428571427,169.17966666666663,0.018988593063252217
TSLA,2024-05-10,173.05,173.06,167.75,168.47,-0.020352387044251907,5.310000000000002,3.06847731869402,176.98999999999998,168.93566666666666,0.019199860852695896
TSLA,2024-05-13,170.0,175.4,169.0,171.89,0.020300350210719964,6.400000000000006,3.7647058823529442,175.82999999999998,168.82466666666667,0.02213210570980559
TSLA,2024-05-14,174.496,179.49,174.07,177.55,0.03292803537145872,5.420000000000016,3.1060883917109936,175.31,169.1886666666667,0.02650919735254649
TSLA,2024-05-15,179.9,180.0,173.11,173.99,-0.02005068994649395,6.889999999999986,3.8299055030572466,173.77142857142857,169.3756666666667,0.02516039027815224
TSLA,2024-05-16,174.1,175.79,171.43,174.84,0.004885338237829773,4.359999999999985,2.5043078690407725,173.34714285714284,169.5,0.02180326760729876
TSLA,2024-05-17,173.55,179.63,172.75,177.46,0.014985129261038788,6.8799999999999955,3.9642754249495793,173.73857142857145,169.91866666666667,0.02147745834463284
TSLA,2024-05-20,177.56,177.754,173.52,174.95,-0.014144032458018763,4.2339999999999804,2.3845460689344335,174.16428571428574,169.98433333333332,0.021259966678350808
TSLA,2024-05-21,175.51,186.875,174.71,186.6,0.06659045441554734,12.164999999999992,6.931228989801147,176.75428571428571,170.30833333333334,0.029414509752457074
TSLA,2024-05-22,182.85,183.8,178.12,180.11,-0.03478027867095379,5.680000000000007,3.1063713426305752,177.92857142857142,170.58666666666667,0.03467860860828408
TSLA,2024-05-23,181.8,181.9,173.26,173.74,-0.03536727555382824,8.640000000000015,4.75247524752476,177.3842857142857,170.558,0.03582277554033506
TSLA,2024-05-24,174.835,180.08,173.73,179.24,0.03165649821572458,6.350000000000023,3.631995881831454,178.1342857142857,170.831,0.036927752569504174
TSLA,2024-05-28,176.4,178.25,173.16,176.75,-0.013891988395447474,5.090000000000003,2.885487528344673,178.40714285714287,171.34,0.03759915441909278
TSLA,2024-05-29,174.19,178.15,173.93,176.19,-0.003168316831683171,4.219999999999999,2.42264194270624,178.2257142857143,171.97600000000003,0.03719013411950772
TSLA,2024-05-30,178.575,182.67,175.38,178.79,0.014756796639990855,7.289999999999992,4.082318353632923,178.77428571428572,172.754,0.03701950375634986
TSLA,2024-05-31,178.5,180.32,173.82,178.08,-0.003971139325465556,6.5,3.6414565826330536,177.55714285714288,173.69233333333335,0.02453882377418977
TSLA,2024-06-03,178.13,182.639,174.49,176.29,-0.010051662174303755,8.149000000000001,4.574748778981643,177.01142857142855,174.66833333333335,0.02134329542583928
TSLA,2024-06-04,174.775,177.755,174.0,174.77,-0.008622156673662618,3.7549999999999955,2.1484766127878676,177.1585714285714,175.759,0.016368881576218422
TSLA,2024-06-05,175.35,176.15,172.13,175.0,0.0013160153344395908,4.02000000000001,2.292557741659544,176.55285714285714,176.76966666666664,0.009432950070675523
TSLA,2024-06-06,174.6,179.73,172.73,177.94,0.016799999999999926,7.0,4.009163802978236,176.72285714285712,177.29666666666668,0.010768790092801723
TSLA,2024-06-07,176.13,179.35,175.58,177.48,-0.002585141058783935,3.769999999999982,2.1404644296826105,176.90714285714284,177.54,0.010733288612042596
TSLA,2024-06-10,176.06,178.57,173.17,173.79,-0.020791075050709873,5.400000000000006,3.067136203566969,176.19285714285712,177.72333333333333,0.011567400612421116
TSLA,2024-06-11,173.92,174.75,167.41,170.66,-0.018010242246389252,7.340000000000003,4.220331186752532,175.13285714285715,176.94366666666667,0.012723589575475543
TSLA,2024-06-12,171.12,180.55,169.8,177.19,0.038263213406773744,10.75,6.2821411874707795,175.26142857142855,176.74066666666667,0.020736078651714927
TSLA,2024-06-13,188.39,191.08,181.23,182.56,0.0303064507026356,9.850000000000023,5.228515313976338,176.37428571428572,176.82633333333334,0.022864460411923797
TSLA,2024-06-14,185.8,186.0,176.92,178.01,-0.024923312883435633,9.080000000000013,4.886975242195915,176.80428571428573,176.75966666666667,0.025811462206983785
TSLA,2024-06-17,177.92,188.81,177.0,187.44,0.05297455199146128,11.810000000000002,6.63781474820144,178.1614285714286,176.968,0.031983107200727286
TSLA,2024-06-18,186.56,187.2,182.37,184.86,-0.013764404609474923,4.829999999999984,2.5889794168095968,179.21571428571428,176.97133333333335,0.032860462637492836
TSLA,2024-06-20,184.68,185.21,179.66,181.57,-0.017797251974467243,5.550000000000011,3.0051981806367833,180.32714285714286,177.09666666666666,0.032466313684365054
TSLA,2024-06-21,182.3,183.95,180.69,183.04,0.008096051109764746,3.259999999999991,1.7882611080636261,182.09571428571425,177.37399999999997,0.030597516149217345
TSLA,2024-06-24,184.97,188.38,182.55,182.66,-0.002076048951048959,5.829999999999984,3.1518624641833726,182.87714285714287,177.73033333333336,0.028190337981638454
TSLA,2024-06-25,184.4,187.97,182.01,187.44,0.026168838278769257,5.960000000000008,3.2321041214750585,183.5742857142857,178.36266666666668,0.027600865568439752
TSLA,2024-06-26,186.54,197.755,186.36,196.37,0.047641912078531856,11.394999999999982,6.1086094135306,186.19714285714284,179.17866666666666,0.028497353383347274
TSLA,2024-06-27,195.17,198.72,194.05,197.42,0.005347048938228793,4.6699999999999875,2.39278577650253,187.62285714285716,179.84099999999998,0.022907559556784134
TSLA,2024-06-28,199.55,203.2,195.26,198.0,0.002937898895755353,7.939999999999998,3.9789526434477565,189.5,180.64133333333334,0.021102909798283682
TSLA,2024-07-01,201.02,213.23,200.85,209.86,0.059898989898989896,12.379999999999995,6.158591184956718,193.54142857142855,181.80866666666665,0.024220387430576258
TSLA,2024-07-02,218.89,231.3,218.06,231.26,0.10197274373391774,13.240000000000009,6.048700260404774,200.43,183.60199999999998,0.0379113971413062
TSLA,2024-07-03,234.56,248.35,234.25,246.39,0.06542419787252451,14.099999999999994,6.011255115961799,209.53428571428572,185.98333333333332,0.03555206771585301
TSLA,2024-07-05,249.81,252.37,242.46,251.46,0.020577133812248904,9.909999999999997,3.967014931347823,218.68,188.14533333333335,0.03608354661411757
TSLA,2024-07-08,247.71,259.439,244.57,252.94,0.005885627932872062,14.869000000000028,6.002583666384089,226.76142857142855,190.57299999999998,0.03862724324425187
TSLA,2024-07-09,251.0,265.61,250.3,262.33,0.03712342848106265,15.310000000000002,6.099601593625499,236.03428571428572,193.52599999999998,0.036006036546662686
TSLA,2024-07-10,262.8,267.58,257.86,263.26,0.0035451530515000496,9.71999999999997,3.6986301369862895,245.35714285714286,196.32666666666668,0.03589687559507165
TSLA,2024-07-11,263.3,271.0,239.65,240.87,-0.08504900098761681,31.349999999999994,11.906570451955941,249.78714285714287,198.464,0.05855035832573118
TSLA,2024-07-12,235.8,251.84,233.091,248.33,0.030971063229127793,18.748999999999995,7.9512298558100065,252.2257142857143,200.86866666666666,0.0473318460833277
TSLA,2024-07-15,255.97,265.6,251.73,252.84,0.018161317601578464,13.870000000000033,5.418603742626102,253.14714285714285,203.337,0.04129559047037796
TSLA,2024-07-16,255.31,258.62,245.8,256.66,0.015108368928967053,12.819999999999993,5.021346598253102,253.89000000000001,205.95633333333333,0.04099044560010212
TSLA,2024-07-17,252.73,258.45,246.182,248.48,-0.03187095768721282,12.268,4.854192220947256,253.25285714285715,208.36266666666668,0.04308229085145178
TSLA,2024-07-18,251.09,257.14,247.2,249.23,0.0030183515775916714,9.939999999999998,3.958739894061889,251.3814285714286,210.84466666666668,0.039758151750872474
TSLA,2024-07-19,247.79,249.01,236.83,239.2,-0.0402439513702203,12.179999999999978,4.915452600992768,247.9442857142857,212.98466666666667,0.041312595399280096
TSLA,2024-07-22,244.21,253.21,243.75,251.51,0.05146321070234117,9.460000000000008,3.873715245075962,249.46428571428572,215.43699999999998,0.03291374501050259
TSLA,2024-07-23,253.6,255.759,245.63,246.38,-0.020396803308019518,10.12899999999999,3.9940851735015737,249.18571428571428,217.73366666666666,0.03231045881049473
TSLA,2024-07-24,225.42,225.99,214.71,215.48,-0.1254160240279244,11.280000000000001,5.003992547245143,243.84857142857143,219.12333333333336,0.05556217846590116
TSLA,2024-07-25,216.8,226.0,216.231,220.249,0.022131984406905447,9.769000000000005,4.505996309963102,238.647,220.7763,0.05638428438509467
TSLA,2024-07-26,221.19,222.28,215.33,219.8,-0.0020386017643666543,6.949999999999989,3.1420950314209453,234.54985714285712,222.19663333333335,0.0564813839321509
TSLA,2024-07-29,224.9,234.27,224.7,232.125,0.056073703366696925,9.570000000000022,4.255224544241895,232.10628571428575,223.8488,0.06266820347102572
TSLA,2024-07-30,232.25,232.41,220.0,222.68,-0.04068928379106085,12.409999999999997,5.343379978471473,229.74628571428573,225.3378,0.06270619607960302
TSLA,2024-07-31,227.9,234.68,226.788,232.1,0.042302856116400056,7.891999999999996,3.462922334357172,226.97342857142857,226.82646666666668,0.0613288980079858
TSLA,2024-08-01,227.69,231.85,214.333,216.96,-0.0652305040930633,17.516999999999996,7.693355000219595,222.77057142857143,227.89646666666667,0.06486880747698828
TSLA,2024-08-02,214.88,216.11,205.78,207.68,-0.042772861356932146,10.330000000000013,4.807334326135523,221.65628571428573,228.76680000000002,0.04661444552912857
TSLA,2024-08-05,185.16,203.88,182.0,198.88,-0.0423728813559322,21.879999999999995,11.816807085763662,218.60357142857146,229.2948,0.046889339759590594
TSLA,2024-08-06,200.75,202.9,192.7,200.64,0.008849557522123908,10.200000000000017,5.080946450809473,215.86642857142857,229.89413333333331,0.04751065165785601
TSLA,2024-08-07,200.77,203.49,191.48,191.82,-0.04395933014354059,12.01000000000002,5.981969417741704,210.10857142857142,230.04013333333333,0.03765195018983012
TSLA,2024-08-08,195.7,200.7,192.04,198.98,0.03732666041080179,8.659999999999997,4.425140521205926,206.72285714285712,230.12713333333335,0.04372784412081528
TSLA,2024-08-09,197.05,200.88,195.11,200.0,0.005126143330988153,5.769999999999982,2.9281908145140734,202.13714285714286,230.21313333333333,0.03738905529534581
TSLA,2024-08-12,199.02,199.26,194.75,197.52,-0.012399999999999967,4.509999999999991,2.266103909154854,199.35999999999999,230.1971333333333,0.031745529159522556
TSLA,2024-08-13,198.47,208.49,197.06,207.83,0.05219724584852159,11.430000000000007,5.759056784400669,199.3814285714286,230.12946666666667,0.03674420811639808
TSLA,2024-08-14,207.39,208.44,198.75,201.38,-0.031034980512919308,9.689999999999998,4.672356429914653,199.73857142857145,229.13346666666666,0.03472444484745258
TSLA,2024-08-15,205.02,215.88,204.82,214.14,0.06336279670275102,11.060000000000002,5.394595649204956,201.66714285714286,228.05846666666667,0.041824794793722184
TSLA,2024-08-16,211.15,219.8,210.88,216.12,0.009246287475483506,8.920000000000016,4.224484963296242,205.13857142857142,226.88046666666665,0.03457125830196556
TSLA,2024-08-19,217.07,222.98,214.09,222.855,0.031163242642975986,8.889999999999986,4.095453079651719,208.54928571428567,225.87763333333334,0.034062501683902374
TSLA,2024-08-20,224.88,228.22,219.56,221.093,-0.00790648628031676,8.659999999999997,3.850942725008892,211.5625714285714,224.50306666666668,0.03514640240200363
TSLA,2024-08-21,222.67,224.659,218.86,223.27,0.009846535168458681,5.798999999999978,2.6043023308034217,215.24114285714285,223.17006666666666,0.03321414968787966
TSLA,2024-08-22,223.82,224.8,210.32,210.66,-0.0564787029157523,14.480000000000018,6.469484407112867,215.64542857142857,222.16306666666665,0.03944754535794387
TSLA,2024-08-23,214.455,221.48,214.21,220.32,0.045855881515237895,7.269999999999982,3.3899885756918615,218.35114285714283,221.22940000000003,0.039225502849975676
TSLA,2024-08-26,218.75,219.09,211.01,213.235,-0.032157770515613526,8.080000000000013,3.6937142857142913,218.22185714285715,219.90923333333333,0.03545609896400897
TSLA,2024-08-27,213.25,215.66,206.94,209.21,-0.018875888104673222,8.719999999999999,4.089097303634231,217.2347142857143,218.32756666666668,0.03581706380182959
TSLA,2024-08-28,209.72,211.84,202.59,205.75,-0.016538406385928073,9.25,4.410642761777608,214.79114285714286,216.90323333333333,0.03236594667621942
TSLA,2024-08-29,209.8,214.89,205.97,206.294,0.0026439854191981915,8.919999999999987,4.2516682554814045,212.677,215.47203333333334,0.03277134806608738
TSLA,2024-08-30,208.63,214.57,207.03,214.11,0.037887674871784904,7.539999999999992,3.614053587691124,211.3684285714286,214.6357,0.03696026480388823
TSLA,2024-09-03,215.19,219.86,209.64,210.66,-0.016113212834524382,10.220000000000027,4.749291323946292,211.36842857142855,213.27403333333334,0.030187638556609733
TSLA,2024-09-04,210.59,222.22,210.57,219.41,0.04153612456090383,11.650000000000006,5.532076546844582,211.23842857142859,212.37503333333333,0.029128789666874766
TSLA,2024-09-05,223.49,235.0,222.25,230.19,0.04913176245385342,12.75,5.704953241755783,213.66057142857144,212.86536666666663,0.030452955812086194
TSLA,2024-09-06,232.6,233.6,210.56,210.57,-0.08523393718232763,23.039999999999992,9.90541702493551,213.85485714285716,212.54273333333333,0.04717750463107519
TSLA,2024-09-09,216.2,219.87,213.67,216.48,0.028066676164695714,6.200000000000017,2.8677150786309054,215.38771428571428,212.43206666666666,0.04728391724846632
TSLA,2024-09-10,220.02,226.4,218.638,226.17,0.04476164079822609,7.7620000000000005,3.5278611035360425,218.22714285714284,212.23356666666666,0.049093171774666815
TSLA,2024-09-11,224.55,228.47,216.8,228.205,0.008997656629968764,11.669999999999987,5.197060788243147,220.2407142857143,212.41773333333333,0.04798058281291056
TSLA,2024-09-12,224.66,231.45,223.83,229.795,0.006967419644617667,7.619999999999976,3.3917920413068527,222.9742857142857,212.3409,0.046648419853614294
TSLA,2024-09-13,228.0,232.6,226.32,230.29,0.0021540938662720777,6.280000000000001,2.7543859649122813,224.5285714285714,212.78523333333334,0.04504539254850035
TSLA,2024-09-16,229.3,229.96,223.53,226.743,-0.015402318815406657,6.430000000000007,2.804186655037072,224.03614285714283,213.4206666666667,0.04166159468805885
TSLA,2024-09-17,229.45,234.57,226.553,227.87,0.004970384973295827,8.016999999999996,3.494007409021572,226.50757142857142,214.38700000000003,0.01941354369034312
TSLA,2024-09-18,230.09,235.68,226.88,227.2,-0.0029402729626542,8.800000000000011,3.8245903776783043,228.039,215.27233333333334,0.018521029999859526
TSLA,2024-09-19,234.0,244.24,232.13,243.87,0.07337147887323958,12.110000000000014,5.175213675213681,230.56757142857143,217.00733333333335,0.02862491257650733
TSLA,2024-09-20,241.52,243.99,235.92,238.33,-0.02271702136384135,8.070000000000022,3.3413381914541325,232.01399999999998,218.319,0.031399542900857336
TSLA,2024-09-23,242.61,250.0,241.92,250.0,0.04896571980027686,8.080000000000013,3.3304480441861477,234.9004285714286,219.98566666666665,0.03525119929258238
TSLA,2024-09-24,254.09,257.19,249.05,254.27,0.017079999999999984,8.139999999999986,3.2035892793891874,238.32614285714286,221.87733333333335,0.03496223664098003
TSLA,2024-09-25,252.54,257.05,252.28,257.02,0.010815275101270228,4.77000000000001,1.888809693513903,242.65142857142857,223.517,0.03251073928836891
TSLA,2024-09-26,260.6,261.75,251.53,254.22,-0.01089409384483686,10.219999999999999,3.9217191097467374,246.4157142857143,225.27833333333334,0.03412453488814498
TSLA,2024-09-27,257.375,260.7,254.12,260.46,0.024545669105499046,6.579999999999984,2.5565808644973225,251.16714285714286,226.82233333333335,0.0331161359049263
TSLA,2024-09-30,259.04,264.86,255.77,261.62,0.004453658911157232,9.090000000000003,3.509110562075356,253.70285714285714,228.339,0.023514891458102396
TSLA,2024-10-01,262.67,263.98,248.53,258.01,-0.013798639247764033,15.450000000000017,5.881905051966352,256.5142857142857,229.51083333333335,0.021589267134331437
TSLA,2024-10-02,247.55,251.158,241.5,249.02,-0.034843610712762985,9.657999999999987,3.9014340537265144,256.3742857142857,230.4417333333333,0.020628400680417106
TSLA,2024-10-03,244.48,249.77,237.81,240.67,-0.03353144325756974,11.960000000000008,4.892015706806286,254.43142857142857,231.02173333333334,0.022292319100375834
TSLA,2024-10-04,246.69,250.96,244.58,250.08,0.039099181451780485,6.3799999999999955,2.5862418419879183,253.44,232.33573333333334,0.028016433143754956
TSLA,2024-10-07,249.0,249.83,240.72,240.84,-0.036948176583493364,9.110000000000014,3.6586345381526155,251.5285714285714,233.01973333333333,0.030749428537103832
TSLA,2024-10-08,243.56,246.21,240.56,244.5,0.01519681116093663,5.650000000000006,2.319756938741996,249.2485714285714,234.0619,0.02930541144093381
TSLA,2024-10-09,243.82,247.43,239.51,241.05,-0.01411042944785268,7.920000000000016,3.2482979246985546,246.31,235.12323333333333,0.028759531791840712
TSLA,2024-10-10,241.81,242.79,232.42,238.69,-0.009790499896287108,10.370000000000005,4.288490963979987,243.54999999999998,236.22123333333332,0.028740844690437414
TSLA,2024-10-11,220.13,223.34,214.38,217.8,-0.08751937659725995,8.960000000000008,4.070322082405855,239.09,236.60476666666668,0.040574427040951794
TSLA,2024-10-14,220.13,221.91,213.74,219.16,0.006244260789715295,8.169999999999987,3.7114432380865794,236.01714285714283,236.77309999999997,0.04085844644221181
TSLA,2024-10-15,220.01,224.26,217.12,219.57,0.0018707793392955807,7.139999999999986,3.2453070314985624,231.65857142857143,237.0701,0.035021505199050694
TSLA,2024-10-16,221.4,222.82,218.93,221.33,0.008015666985471626,3.8899999999999864,1.7570009033423606,228.87142857142857,237.13410000000002,0.03506155581513332
TSLA,2024-10-17,221.59,222.08,217.9,220.89,-0.001987981746713219,4.180000000000007,1.8863667132993398,225.4985714285714,236.8241,0.03345007765919562
TSLA,2024-10-18,220.71,222.28,219.23,220.7,-0.0008601566390511461,3.0500000000000114,1.3819038557383043,222.59142857142857,237.16176666666664,0.03380895626295648
TSLA,2024-10-21,218.9,220.48,215.726,218.85,-0.008382419574082478,4.753999999999991,2.171767930561896,219.75714285714284,237.24076666666667,0.03382850347381336
TSLA,2024-10-22,217.31,218.22,215.26,217.97,-0.004021018962759859,2.960000000000008,1.362109428926422,219.78142857142853,236.96743333333333,0.005741030796921762
TSLA,2024-10-23,217.125,218.72,212.11,213.65,-0.019819241179978908,6.609999999999985,3.0443293033966543,218.99428571428572,236.48226666666667,0.008766137824040154
TSLA,2024-10-24,244.68,262.12,242.65,260.48,0.21919026445120537,19.47,7.957332025502696,224.8385714285714,237.5051,0.08496945579338568
TSLA,2024-10-25,256.01,269.49,255.32,269.235,0.03361102579852582,14.170000000000016,5.534940041404639,231.68214285714288,238.80326666666667,0.08454351482959314
TSLA,2024-10-28,270.0,273.536,262.24,262.51,-0.024978178914331406,11.295999999999992,4.183703703703701,237.62785714285715,239.9955,0.08646798651257383
TSLA,2024-10-29,264.51,264.98,255.51,259.52,-0.011390042284103452,9.470000000000027,3.580204907186884,243.17357142857145,241.05049999999997,0.08713907774650712
TSLA,2024-10-30,258.035,263.35,255.84,257.65,-0.00720561035758327,7.510000000000019,2.910457883620446,248.71642857142857,242.06550000000001,0.08706207935018088
TSLA,2024-10-31,257.99,259.75,249.25,249.85,-0.030273627013390203,10.5,4.069925190898871,253.2707142857143,242.2648333333333,0.08913589151226683
TSLA,2024-11-01,252.043,254.0,246.63,248.98,-0.0034820892535522008,7.3700000000000045,2.924104220311615,258.3178571428571,242.61983333333333,0.0880432042771912
TSLA,2024-11-04,244.56,248.9,239.08,242.83,-0.024700779179050447,9.819999999999993,4.015374550212624,255.79642857142858,242.38083333333333,0.021622778587116233
TSLA,2024-11-05,247.34,255.28,246.21,251.44,0.035456904006918366,9.069999999999993,3.6670170615347266,253.25428571428571,242.2865,0.02224243493347221
TSLA,2024-11-06,284.67,289.59,275.71,288.1,0.14580019090041363,13.879999999999995,4.875821126216319,256.91,243.32250000000002,0.06148719218453068
TSLA,2024-11-07,288.89,299.75,285.88,296.91,0.030579659840333173,13.870000000000005,4.801135380248539,262.25142857142856,244.7455,0.060536817288511034
TSLA,2024-11-08,299.14,328.71,297.66,321.22,0.08187666296184037,31.049999999999955,10.379755298522417,271.33285714285716,246.77083333333334,0.0629629408637232
TSLA,2024-11-11,346.3,358.64,336.0,350.73,0.09186850133864644,22.639999999999986,6.537684088940221,285.74428571428575,249.74116666666666,0.059115903537520324
TSLA,2024-11-12,342.74,345.84,323.31,328.64,-0.06298292133550032,22.529999999999973,6.573495944447679,297.12428571428575,252.0955,0.07128927972578691
TSLA,2024-11-13,335.85,344.6,322.5,330.24,0.004868549172346803,22.100000000000023,6.580318594610696,309.6114285714286,254.80283333333333,0.06741028486882834
TSLA,2024-11-14,327.69,329.98,310.37,311.18,-0.057715600775193776,19.610000000000014,5.984314443528949,318.14571428571435,257.15316666666666,0.07833266521739526
TSLA,2024-11-15,310.57,324.68,309.3,320.72,0.03065749726846212,15.379999999999995,4.952184692661878,322.8057142857143,259.50783333333334,0.060980961196640086
TSLA,2024-11-18,340.73,348.55,330.01,338.74,0.05618608131703651,18.54000000000002,5.441258474451917,328.7814285714286,262.77116666666666,0.06267432109337735
TSLA,2024-11-19,335.76,347.37,332.75,346.0,0.021432367007144126,14.620000000000005,4.354300690969741,332.32142857142856,266.1545,0.056718612445677344
TSLA,2024-11-20,345.0,346.6,334.3,342.03,-0.01147398843930647,12.300000000000011,3.5652173913043512,331.0785714285715,269.52049999999997,0.044642421410238296
TSLA,2024-11-21,343.81,347.99,335.28,339.64,-0.006987691138204188,12.710000000000036,3.6968092841976783,332.65000000000003,272.88550000000004,0.036277065340844974
TSLA,2024-11-22,341.123,361.53,337.77,352.56,0.03804027794134979,23.75999999999999,6.965229550631295,335.8385714285714,277.3775,0.038323091740689354
TSLA,2024-11-25,360.14,361.93,338.2,338.59,-0.03962446108463813,23.730000000000018,6.589104237241078,339.7542857142857,281.35850000000005,0.033270775240586074
TSLA,2024-11-26,341.0,346.96,335.66,338.23,-0.001063232818452886,11.299999999999955,3.3137829912023324,342.2557142857143,285.3138333333334,0.03255458684045965
TSLA,2024-11-27,341.8,342.55,326.59,332.89,-0.015788073204624165,15.960000000000036,4.6693973083674765,341.42,289.0325,0.025407398029525914
TSLA,2024-11-29,336.08,345.45,334.65,345.16,0.03685902249992501,10.800000000000011,3.2135205903356376,341.3,293.1748333333333,0.028303774635095563
TSLA,2024-12-02,352.38,360.0,351.15,357.095,0.034578166647351916,8.850000000000023,2.511493274306153,343.45214285714286,297.72133333333335,0.0304635013824998
TSLA,2024-12-03,351.8,355.69,348.2,351.42,-0.015892129545359124,7.490000000000009,2.1290505969300764,345.13500000000005,302.1403333333334,0.031298615123172446
TSLA,2024-12-04,353.0,358.1,348.6,357.93,0.018524842069318703,9.5,2.6912181303116145,345.90214285714285,306.8056666666667,0.028653785091998563
TSLA,2024-12-05,359.87,375.43,359.5,369.49,0.03229681781353899,15.930000000000007,4.426598493900577,350.3164285714286,312.00033333333334,0.02344756297641583
TSLA,2024-12-06,377.42,389.49,370.8,389.22,0.05339792687217515,18.689999999999998,4.952042817020825,357.6007142857143,316.2916666666667,0.026871084362570744
TSLA,2024-12-09,397.61,404.8,378.01,389.79,0.001464467396331104,26.79000000000002,6.737758104675441,365.72928571428577,320.3101666666666,0.023569003909572943
TSLA,2025-01-27,394.8,406.69,389.0,397.15,0.018881962082146764,17.689999999999998,4.480749746707193,373.15642857142853,324.7981666666667,0.02277748298416233
TSLA,2025-01-28,396.91,400.59,386.5,398.09,0.002366863905325367,14.089999999999975,3.5499231563830524,379.0128571428572,329.41716666666673,0.0227045968970388
TSLA,2025-01-29,395.21,398.59,384.48,389.1,-0.02258283302770714,14.109999999999957,3.570253789124758,384.3957142857143,333.79883333333333,0.02434574088768804
TSLA,2025-01-30,410.78,412.5,384.41,400.28,0.02873297352865567,28.089999999999975,6.838210234188612,390.44571428571436,338.8131666666667,0.024898024489910346
TSLA,2025-01-31,401.53,419.99,401.34,404.6,0.010792445288298369,18.650000000000034,4.64473389285982,395.4614285714286,344.00050000000005,0.023911842396716714
TSLA,2025-02-03,386.68,389.17,374.36,383.68,-0.05170538803756797,14.810000000000002,3.830040343436434,394.67,348.69550000000004,0.02729171370255739
TSLA,2025-02-04,382.63,394.0,381.4,392.21,0.02223206839032521,12.600000000000023,3.2929984580404104,395.01571428571424,353.38783333333333,0.028783761824837727
TSLA,2025-02-05,387.51,388.39,375.53,378.17,-0.03579714948624457,12.860000000000014,3.3186240355087646,392.30428571428575,356.3901666666667,0.03056419841459919
TSLA,2025-02-06,373.03,375.4,363.18,374.32,-0.010180606605494913,12.21999999999997,3.2758759349113937,388.90857142857146,358.9705,0.03031996838992185
TSLA,2025-02-07,370.19,380.546,360.34,361.62,-0.033928189784141916,20.206000000000017,5.458278181474382,384.98285714285714,360.3171666666667,0.0314878161587619
TSLA,2025-02-10,356.21,362.7,350.51,350.73,-0.030114484818317577,12.189999999999998,3.4221386260913498,377.9042857142857,360.31716666666665,0.026959798450480396
TSLA,2025-02-11,345.8,349.37,325.1,328.5,-0.06338208878624585,24.269999999999982,7.018507807981486,367.03285714285715,360.3125,0.028131492567205665
TSLA,2025-02-12,329.94,346.4,329.12,336.51,0.024383561643835483,17.279999999999973,5.2373158756137395,360.2942857142857,360.5215,0.03228203981024465
TSLA,2025-02-13,345.0,358.69,342.85,355.94,0.05773974027517759,15.839999999999975,4.59130434782608,355.11285714285714,362.0135,0.041228103259790094
TSLA,2025-02-14,360.62,362.0,347.5,355.84,-0.00028094622689223137,14.5,4.020852975431201,351.92285714285714,363.1841666666667,0.04013152657600433
TSLA,2025-02-18,355.01,359.1,350.02,354.11,-0.004861735611510709,9.080000000000041,2.5576744317061606,349.0357142857143,363.6965,0.04013296355910524
TSLA,2025-02-19,354.0,367.34,353.67,360.56,0.018214679054531002,13.669999999999959,3.8615819209039435,348.88428571428574,364.1818333333334,0.03917415125418645
TSLA,2025-02-20,361.51,362.3,348.0,354.4,-0.01708453516751729,14.300000000000011,3.955630549639017,349.4085714285714,364.5941666666667,0.037775886466658526
TSLA,2025-02-21,353.44,354.98,334.42,337.8,-0.04683972911963874,20.560000000000002,5.8171118153010415,350.7371428571428,364.5328333333334,0.03324171672625072
TSLA,2025-02-24,338.14,342.397,324.7,330.4,-0.021906453522794633,17.697000000000003,5.23363104039747,349.86428571428576,363.7941666666666,0.03322368021720493
TSLA,2025-02-25,327.025,328.89,297.251,302.8,-0.08353510895883764,31.63900000000001,9.674795504930819,342.2728571428571,362.60116666666664,0.03368891625946671
TSLA,2025-02-26,303.715,308.75,288.04,290.8,-0.039630118890356725,20.70999999999998,6.8188927119174165,332.9814285714286,361.0201666666666,0.03266440391620313
TSLA,2025-02-27,291.16,297.23,280.88,281.96,-0.03039889958734532,16.350000000000023,5.6154691578513605,322.67428571428576,359.32250000000005,0.031041896670785774
TSLA,2025-02-28,279.5,293.62,273.6,293.045,0.03931408710455386,20.019999999999982,7.162790697674412,313.0292857142857,357.5853333333334,0.037115100628320165
TSLA,2025-03-03,300.34,303.91,277.3,284.79,-0.02816973502363118,26.610000000000014,8.859958713458086,303.08500000000004,355.17516666666666,0.036777680065694304
TSLA,2025-03-04,270.8,284.35,261.85,272.0,-0.04491028477123504,22.5,8.308714918759232,293.685,352.5278333333333,0.03663886269263615
TSLA,2025-03-05,272.92,279.55,267.87,279.1,0.026102941176470607,11.680000000000007,4.279642386047196,286.3564285714286,349.9001666666667,0.04241997886195431
TSLA,2025-03-06,272.06,272.65,260.02,263.45,-0.05607309208169131,12.629999999999995,4.642358303315444,280.735,346.36549999999994,0.03678791061110243
TSLA,2025-03-07,259.32,266.25,250.73,262.65,-0.0030366293414310075,15.52000000000001,5.984883541570265,276.71357142857147,342.1465,0.03597691694916602
TSLA,2025-03-10,252.535,253.37,220.0,222.08,-0.1544641157433846,33.370000000000005,13.214009939216348,268.1592857142857,336.5561666666667,0.06462424298956236
TSLA,2025-03-11,225.305,237.065,217.02,230.58,0.0382744956772334,20.044999999999987,8.896828743259132,259.2357142857143,331.0038333333333,0.06443501733805701
TSLA,2025-03-12,247.22,251.84,241.1,248.09,0.07593893659467432,10.740000000000009,4.344308712887311,253.99285714285716,326.0038333333333,0.07631920876046336
TSLA,2025-03-13,248.125,248.29,234.0,240.68,-0.02986819299447785,14.289999999999992,5.759193954659946,249.51857142857145,321.0565,0.07560691750237612
TSLA,2025-03-14,247.31,251.58,240.73,249.98,0.03864051853082917,10.850000000000023,4.387206340220785,245.35857142857145,316.04650000000004,0.07687340161827916
TSLA,2025-03-17,245.055,245.4,232.8,237.915,-0.048263861108888695,12.599999999999994,5.141702883026257,241.71071428571432,310.4903333333333,0.07619682495945705
TSLA,2025-03-18,228.155,230.1,222.28,225.31,-0.05298110669777012,7.819999999999993,3.427494466481117,236.37642857142856,305.21133333333336,0.077562793303554
TSLA,2025-03-19,231.61,241.41,229.201,235.86,0.04682437530513517,12.209000000000003,5.271361340183931,238.345,299.99966666666666,0.05208035522308322
TSLA,2025-03-20,233.345,238.0,230.05,236.106,0.0010429916051895027,7.949999999999989,3.4069725085174265,239.13442857142857,295.26419999999996,0.05056624651997413
TSLA,2025-03-21,234.985,249.52,234.55,249.14,0.05520401853404833,14.969999999999999,6.3706194012383754,239.28442857142858,291.09153333333336,0.04609165248944684
TSLA,2025-03-24,258.075,278.64,256.5,278.39,0.11740386931042779,22.139999999999986,8.578901482127284,244.67157142857144,288.3172,0.06068194938230852
TSLA,2025-03-25,283.6,288.2,271.28,287.992,0.03449118143611485,16.920000000000016,5.966149506346972,250.10185714285714,286.22593333333333,0.06051865553522217
TSLA,2025-03-26,282.66,284.88,266.51,272.06,-0.05532098113836503,18.370000000000005,6.498974032406426,254.97971428571427,284.3446,0.06192588801407026
TSLA,2025-03-27,272.48,291.85,271.822,273.13,0.003932955965595841,20.02800000000002,7.350264239577224,261.81114285714284,282.23193333333336,0.05380471975259365
TSLA,2025-03-28,275.575,276.1,260.57,263.55,-0.0350748727712078,15.53000000000003,5.635489431189343,265.7668571428572,279.1522666666667,0.05804149443868198
TSLA,2025-03-31,249.31,260.56,243.4,259.12,-0.01680895465756027,17.159999999999997,6.882997071918494,269.0545714285714,275.9282666666667,0.0592585402459932
TSLA,2025-04-01,263.8,277.45,259.261,268.46,0.03604507564062964,18.188999999999965,6.894996209249419,271.8145714285714,273.07326666666665,0.05749945215360335
TSLA,2025-04-02,254.6,284.99,251.27,282.707,0.05306935856365946,33.72,13.244304791830322,272.4312857142857,270.47816666666665,0.040486307681356054
TSLA,2025-04-03,265.29,276.29,261.51,267.28,-0.054568864584180865,14.78000000000003,5.571261638207256,269.47242857142857,267.57416666666666,0.04283159777353605
TSLA,2025-04-04,255.38,261.0,236.03,239.34,-0.10453457048787773,24.97,9.777586341921841,264.79814285714286,264.2921666666667,0.05410172716344466
TSLA,2025-04-07,223.78,252.0,215.0,233.29,-0.025277847413721077,37.0,16.534095987130218,259.10671428571425,261.05516666666665,0.0533530182037774
TSLA,2025-04-08,245.0,250.37,217.8,221.59,-0.05015217111749315,32.56999999999999,13.293877551020405,253.11242857142855,258.3481666666667,0.05431066542886081
TSLA,2025-04-09,224.58,274.69,223.92,272.145,0.2281465770115978,50.77000000000001,22.606643512334138,254.97314285714285,257.72633333333334,0.10973317597783043
TSLA,2025-04-10,260.0,262.28,239.33,252.4,-0.07255323448896722,22.94999999999996,8.82692307692306,252.67885714285714,256.74100000000004,0.11335418152205638
TSLA,2025-04-11,251.94,257.7,241.363,252.239,-0.0006378763866877746,16.33699999999999,6.48448043184885,248.32628571428572,255.3808,0.11065714422963137
TSLA,2025-04-14,258.36,261.8,245.93,252.35,0.0004400588330908395,15.870000000000005,6.142591732466327,246.19342857142854,254.2994666666667,0.10901902365335105
TSLA,2025-04-15,249.91,258.74,247.54,254.11,0.006974440261541481,11.200000000000017,4.481613380817101,248.30342857142858,253.70313333333334,0.0995309768812372
TSLA,2025-04-16,247.75,251.97,233.89,241.55,-0.04942741332493805,18.080000000000013,7.297679112008078,249.48342857142856,252.45146666666668,0.10145536959370827
TSLA,2025-04-17,243.47,244.24,237.692,241.38,-0.0007037880356034476,6.548000000000002,2.689448391999015,252.31057142857145,251.7158,0.09832598140002538
TSLA,2025-04-21,230.26,232.21,222.79,227.5,-0.05750269284944898,9.420000000000016,4.091027534091904,245.9327142857143,250.54413333333335,0.033584354376951446
TSLA,2025-04-22,230.96,242.79,229.85,237.97,0.04602197802197794,12.939999999999998,5.602701766539659,243.87128571428573,251.0738,0.03532664603222743
TSLA,2025-04-23,254.86,259.45,244.5,250.665,0.0533470605538513,14.949999999999989,5.86596562818802,243.64642857142857,251.74330000000003,0.04235325388753
TSLA,2025-04-24,250.5,259.54,249.2,259.51,0.03528613887060428,10.340000000000032,4.127744510978057,244.6692857142857,252.12396666666666,0.04442729757346533
TSLA,2025-04-25,261.69,286.85,259.66,284.95,0.09803090439674778,27.189999999999998,10.390156291795636,249.075,253.59963333333332,0.05676738829688979
TSLA,2025-04-28,288.98,294.86,272.42,285.88,0.0032637304790315014,22.439999999999998,7.765243269430409,255.40785714285715,254.7963,0.04936862429289794
TSLA,2025-04-29,285.5,293.32,279.47,292.03,0.02151252273681248,13.849999999999966,4.851138353765312,262.6435714285714,256.6001333333333,0.04810946132276481
TSLA,2025-04-30,279.908,284.45,270.78,282.07,-0.03410608499126799,13.670000000000016,4.883747517041319,270.4392857142857,258.49213333333336,0.04149077717250725
TSLA,2025-05-01,280.01,290.869,279.81,280.52,-0.005495089871308534,11.059000000000026,3.9495018035070273,276.51785714285717,259.9808,0.043107528226437694
TSLA,2025-05-02,284.9,294.78,279.81,287.21,0.02384856694709825,14.96999999999997,5.254475254475245,281.7385714285714,261.68426666666664,0.04122372970396325
TSLA,2025-05-05,284.57,284.849,274.4,280.26,-0.024198321785453114,10.449000000000012,3.6718557824085507,284.7028571428571,262.7216,0.04368542167034566
TSLA,2025-05-06,273.105,277.73,271.35,275.35,-0.01751944622850199,6.3799999999999955,2.33609783782794,283.33142857142855,262.6202666666667,0.022268829962939603
TSLA,2025-05-07,276.88,277.92,271.0,276.22,0.003159615035409402,6.920000000000016,2.499277665414626,281.95142857142855,262.22786666666667,0.022262681212379225
TSLA,2025-05-08,279.63,289.8,279.41,284.82,0.031134602852798343,10.389999999999986,3.7156242177162633,280.9214285714285,262.6532,0.024349120980932417
TSLA,2025-05-09,290.21,307.04,290.02,298.26,0.047187697493153546,17.02000000000004,5.864718652010627,283.2342857142857,263.4908666666667,0.026504536649590963
TSLA,2025-05-12,321.99,322.2,311.5,318.595,0.06817877020049634,10.699999999999989,3.3230845678437184,288.67357142857145,265.3257,0.03374988648311084
TSLA,2025-05-13,320.0,337.589,316.8,334.07,0.048572639244181426,20.788999999999987,6.496562499999996,295.36785714285713,267.8240333333334,0.035605647295069584
TSLA,2025-05-14,342.5,350.0,337.0,347.68,0.04073996467806151,13.0,3.795620437956204,304.9992857142857,270.4647,0.029366576987510704
TSLA,2025-05-15,340.34,346.139,334.715,342.89,-0.013777036355269279,11.424000000000035,3.356643356643367,314.6478571428571,272.4708,0.028338602251459833
TSLA,2025-05-16,346.17,351.579,342.33,349.98,0.020677185103094464,9.249000000000024,2.6718086489297233,325.185,275.22746666666666,0.02602905886467695
TSLA,2025-05-19,336.3,343.0,333.37,342.09,-0.022544145379736147,9.629999999999995,2.8635147190008907,333.36642857142857,278.65246666666667,0.033947917183070386
TSLA,2025-05-20,347.87,354.99,341.63,343.82,0.005057148703557557,13.360000000000014,3.840515134964215,339.875,282.3368,0.033505137086869204
TSLA,2025-05-21,344.43,347.35,332.2,334.62,-0.02675818742365188,15.150000000000034,4.398571553000619,342.16428571428565,286.10446666666667,0.03027762796629311
TSLA,2025-05-22,331.9,347.27,331.602,340.939,0.01888410734564583,15.668000000000006,4.720699005724619,343.1455714285715,288.3976,0.02520784553746037
TSLA,2025-05-23,337.53,343.18,333.23,339.34,-0.004689988531672906,9.949999999999989,2.947886113826916,341.95414285714287,291.29560000000004,0.019014054607910995
TSLA,2025-05-27,347.35,363.79,347.32,362.89,0.06939942240820418,16.470000000000027,4.741615085648489,344.8112857142857,294.9839666666667,0.03255129664839952
TSLA,2025-05-28,364.84,365.0,355.91,356.9,-0.016506379343602773,9.089999999999975,2.491503124657377,345.79985714285715,298.46896666666663,0.033273170288506154
TSLA,2025-05-29,365.29,367.71,356.0,358.43,0.004286915102269528,11.70999999999998,3.2056722056448246,348.1341428571428,301.94629999999995,0.031291137279452014
TSLA,2025-05-30,355.52,363.68,345.29,346.46,-0.033395642105850554,18.389999999999986,5.172704770477044,348.51128571428575,305.44329999999997,0.03487837961842523
TSLA,2025-06-02,343.5,348.02,333.33,342.69,-0.010881487040350968,14.689999999999998,4.2765647743813675,349.66414285714285,308.82030000000003,0.0332026784113512
TSLA,2025-06-03,346.595,355.4,343.04,344.27,0.004610580991566637,12.359999999999957,3.5661218424962726,350.14,312.7126333333334,0.032559063519874046
TSLA,2025-06-04,345.095,345.6,327.331,332.05,-0.03549539605542151,18.269000000000005,5.293904577000537,349.09857142857146,315.8486333333333,0.03553350809064358
TSLA,2025-06-05,322.49,324.55,273.21,284.732,-0.14250263514530936,51.34000000000003,15.91987348444914,337.9331428571428,316.9842,0.05092996941520377
TSLA,2025-06-06,298.83,305.5,291.14,295.58,0.03809898430805103,14.360000000000014,4.805407756918654,329.17314285714286,318.18653333333333,0.057594592408115826
TSLA,2025-06-09,285.955,309.83,281.85,308.58,0.043981324852831793,27.97999999999996,9.784756342781193,322.0517142857143,318.97419999999994,0.06269182629143219
TSLA,2025-06-10,314.94,327.83,310.667,326.09,0.05674379415386599,17.16300000000001,5.449609449418941,319.1417142857143,320.3145333333333,0.06833410912806882
TSLA,2025-06-11,334.395,335.5,322.5,326.403,0.0009598577079947823,13.0,3.8876179368710657,316.815,321.46029999999996,0.06835390401743793
TSLA,2025-06-12,323.075,332.56,316.86,319.11,-0.022343544636538315,15.699999999999989,4.8595527354329455,313.2207142857143,322.6949666666667,0.0684944498356738
TSLA,2025-06-13,313.97,332.99,313.3,325.31,0.01942903700918186,19.689999999999998,6.27129980571392,312.2578571428571,324.1879666666666,0.06805127758316763
TSLA,2025-06-16,331.29,332.05,326.41,329.13,0.011742645476622293,5.639999999999986,1.702435932264779,318.60042857142855,325.5853,0.02728308637536971
TSLA,2025-06-17,326.09,327.26,314.74,316.35,-0.03882964178288206,12.519999999999982,3.839430831978896,321.5675714285714,326.7883,0.0340181676538009
TSLA,2025-06-18,317.31,329.32,315.45,321.99,0.017828354670459845,13.870000000000005,4.371119725189879,323.4832857142857,328.34296666666665,0.03099686902242088
TSLA,2025-06-20,327.95,332.35,317.78,322.22,0.0007143078977609463,14.57000000000005,4.4427504192712455,322.93042857142854,329.8763,0.02170210094105357
TSLA,2025-06-23,327.54,357.54,327.48,348.707,0.08220160139035437,30.060000000000002,9.177505037552665,326.1167142857143,332.0058666666667,0.03847701043754561
TSLA,2025-06-24,356.17,356.22,340.44,340.47,-0.023621550470738994,15.78000000000003,4.430468596456756,329.16814285714287,333.4128666666667,0.038659245672944424
TSLA,2025-06-25,342.7,343.0,320.4,327.55,-0.03794754310218229,22.600000000000023,6.594689232564932,329.4881428571429,333.7113666666666,0.042226005740360575
TSLA,2025-06-26,324.61,331.05,323.61,325.78,-0.005403755151885292,7.439999999999998,2.2919811466066964,329.0095714285714,333.4350333333333,0.042045102704002024
TSLA,2025-06-27,324.51,329.339,317.495,323.79,-0.006108416722941712,11.843999999999994,3.6498104834981957,330.0724285714286,332.63870000000003,0.03879572683413013
TSLA,2025-06-30,319.9,325.58,316.6,317.66,-0.018932023842614054,8.979999999999961,2.807127227258506,329.45385714285715,331.7977,0.03909117300925844
TSLA,2025-07-01,298.46,305.89,293.21,300.71,-0.053358937228483394,12.680000000000007,4.248475507605712,326.381,330.1553666666667,0.04369807884316743
TSLA,2025-07-02,312.63,316.832,303.82,315.65,0.04968241827674502,13.012,4.16210856283786,321.65857142857146,329.2740333333333,0.03273726300957365
TSLA,2025-07-03,317.99,318.45,312.76,315.35,-0.0009504197687310034,5.689999999999998,1.7893644454228115,318.07,328.32503333333335,0.03271008437863358
TSLA,2025-07-07,291.37,296.15,288.77,293.94,-0.06789281750436027,7.3799999999999955,2.53286199677386,313.2685714285714,326.96903333333336,0.03837594931379248
TSLA,2025-07-08,297.0,304.05,294.35,297.81,0.013165952235149936,9.699999999999989,3.2659932659932625,309.2728571428571,325.53139999999996,0.03974386606940531
TSLA,2025-07-09,297.55,300.15,293.55,295.835,-0.006631745072361639,6.599999999999966,2.218114602587789,305.2792857142857,324.08123333333333,0.03973130309817973
TSLA,2025-07-10,300.05,310.48,300.0,309.87,0.0474419862423312,10.480000000000018,3.4927512081319843,304.1664285714286,322.3139,0.045359302326190225
TSLA,2025-07-11,308.61,314.09,308.61,313.51,0.011746861587117241,5.479999999999961,1.775703962930547,305.995,320.8675666666667,0.0395284993155492
TSLA,2025-07-14,317.73,322.599,312.67,316.97,0.011036330579566878,9.928999999999974,3.1249803292103273,306.1835714285714,319.4855666666666,0.034950535320771116
TSLA,2025-07-15,319.675,321.2,310.5,310.78,-0.019528662018487686,10.699999999999989,3.3471494486587905,305.5307142857143,318.29623333333336,0.03582926416342703
TSLA,2025-07-16,312.8,323.5,312.62,321.67,0.03504086492052272,10.879999999999995,3.478260869565216,309.4921428571428,317.5955666666667,0.02280640375217947
TSLA,2025-07-17,323.15,324.34,317.06,319.41,-0.0070258339291821015,7.279999999999973,2.2528237660529085,312.57785714285717,316.76689999999996,0.024051648115004085
TSLA,2025-07-18,321.66,330.9,321.42,329.65,0.03205910898218578,9.479999999999961,2.9472113411676806,317.4085714285714,316.6869,0.023958415962353978
TSLA,2025-07-21,334.4,338.0,326.88,328.49,-0.0035188836644926003,11.120000000000005,3.3253588516746424,320.06857142857143,318.14549999999997,0.020197035584289365
TSLA,2025-07-22,329.74,335.41,321.55,332.11,0.011020122378154529,13.860000000000014,4.203311700127377,322.7257142857143,319.3631666666667,0.020179689702770863
TSLA,2025-07-23,330.9,336.2,328.67,332.56,0.0013549727499924114,7.529999999999973,2.2756119673617325,324.95285714285717,320.1625,0.02030350771780174
TSLA,2025-07-24,310.0,310.15,300.41,305.3,-0.08197017079624724,9.739999999999952,3.1419354838709523,324.17,319.46950000000004,0.03902027364582914
TSLA,2025-07-25,308.74,323.63,308.01,316.06,0.0352440222731738,15.620000000000005,5.059273174839672,323.36857142857144,319.1247333333333,0.03905235892068859
TSLA,2025-07-28,318.45,330.49,315.69,325.59,0.03015250268936276,14.800000000000011,4.647511383262682,324.2514285714286,319.34073333333333,0.04072105553002012
TSLA,2025-07-29,325.55,326.25,318.25,321.2,-0.013483215086458333,8.0,2.4573798187682385,323.0442857142857,319.2037333333334,0.03899502629884942
TSLA,2025-07-30,322.18,324.45,311.616,319.04,-0.006724782067247692,12.834000000000003,3.9834874914644,321.69428571428574,318.8674,0.0390205611899308
TSLA,2025-07-31,319.605,321.37,306.1,308.17,-0.03407096288866596,15.269999999999982,4.777772563007456,318.2742857142857,318.59473333333335,0.0399377034794838
TSLA,2025-08-01,306.205,309.31,297.82,302.61,-0.018041989810818726,11.490000000000009,3.7523881060074165,313.99571428571426,317.9487333333334,0.03969654557091942
TSLA,2025-08-04,309.08,312.119,303.0,309.26,0.021975479990747004,9.119000000000028,2.9503688365471814,314.56142857142856,317.5167333333333,0.02681802223497137
TSLA,2025-08-05,308.95,312.45,305.5,308.72,-0.0017461036021469978,6.949999999999989,2.249554944165719,313.5128571428572,316.1838333333333,0.022508321811708077
TSLA,2025-08-06,307.89,320.47,306.935,319.91,0.03624643690075158,13.535000000000025,4.3960505375296455,312.70142857142855,315.4985,0.02407374631728914
TSLA,2025-08-07,319.79,322.4,316.16,322.27,0.007377074802288108,6.239999999999952,1.951280527846384,312.8542857142857,315.32250000000005,0.02374226018662587
TSLA,2025-08-08,321.43,335.0,320.98,329.675,0.02297762745523957,14.019999999999982,4.361758392184918,314.37357142857144,315.45233333333334,0.024820436025325045
TSLA,2025-08-11,335.0,346.64,334.15,339.127,0.028670660498976153,12.490000000000009,3.7283582089552265,318.796,315.9635666666666,0.01902975107182659
TSLA,2025-08-12,345.0,345.26,332.94,340.788,0.004897870119453751,12.319999999999993,3.5710144927536214,324.25,316.73449999999997,0.013888341031609047
TSLA,2025-08-13,341.5,348.98,338.2,339.235,-0.004557085343380618,10.78000000000003,3.1566617862371977,328.53214285714284,318.0186666666667,0.015849848980457618
TSLA,2025-08-14,335.76,340.47,330.4,335.58,-0.010774242044600424,10.07000000000005,2.9991660710031125,332.3692857142857,318.68300000000005,0.017563330112444982
TSLA,2025-08-15,337.655,339.3,327.02,330.56,-0.014959175159425464,12.28000000000003,3.6368482622795546,333.8907142857143,319.19,0.016469276329904452
TSLA,2025-08-18,329.62,336.27,329.59,335.16,0.013915779283639962,6.680000000000007,2.02657605727808,335.73214285714283,320.564,0.016821164939405886
TSLA,2025-08-19,335.79,340.55,327.85,329.31,-0.017454350161117183,12.699999999999989,3.782125733345242,335.68,321.614,0.01685683689277451
TSLA,2025-08-20,329.22,331.37,314.6,323.9,-0.016428289453706335,16.769999999999982,5.093858210315285,333.5047142857143,322.54949999999997,0.011964413151908583
TSLA,2025-08-21,322.08,324.9,318.68,320.11,-0.011701142327878888,6.21999999999997,1.931197218082455,330.55071428571426,322.8908333333333,0.010934112265399847
TSLA,2025-08-22,321.66,340.25,319.69,340.01,0.06216613039267749,20.560000000000002,6.3918423179755015,330.6614285714286,323.7741666666667,0.029172916807560855
TSLA,2025-08-25,338.9,349.53,335.03,346.6,0.019381782888738597,14.5,4.278548244319859,332.2357142857143,324.76183333333336,0.02942492884155709
TSLA,2025-08-26,344.93,351.9,343.72,351.788,0.014968263127524528,8.17999999999995,2.3714956657872466,335.26828571428575,326.1287666666667,0.028191853919552312
TSLA,2025-08-27,351.94,355.39,349.156,349.6,-0.006219655019500392,6.2339999999999804,1.7713246576120876,337.3311428571429,327.05976666666663,0.02866144302767123
TSLA,2025-08-28,350.91,353.55,340.26,345.98,-0.010354691075514899,13.29000000000002,3.787295887834493,339.7125714285715,327.94543333333337,0.027789493874317076
TSLA,2025-08-29,347.23,348.75,331.7,333.862,-0.035025145962194304,17.05000000000001,4.91029000950379,341.13571428571424,328.08583333333337,0.03113492459022321
TSLA,2025-09-02,328.23,333.33,325.6,329.4,-0.013364803421773153,7.729999999999961,2.3550559059196177,342.46285714285716,328.1161666666667,0.0312873654481557
TSLA,2025-09-03,335.2,343.33,328.51,334.09,0.014238008500303545,14.819999999999993,4.421241050119329,341.6171428571429,328.18216666666666,0.01964431317769261
TSLA,2025-09-04,336.15,338.89,331.48,338.624,0.013571193391002545,7.409999999999968,2.2043730477465324,340.4777142857143,328.3843,0.01867220495201188
TSLA,2025-09-05,348.0,355.85,344.68,350.81,0.03598681723681718,11.170000000000016,3.209770114942533,340.338,329.90130000000005,0.023212915821360466
TSLA,2025-09-08,354.64,358.44,344.86,346.4,-0.012570907328753544,13.579999999999984,3.8292352808481795,339.88085714285717,330.91263333333336,0.02360966515915379
TSLA,2025-09-09,348.44,350.76,343.82,346.988,0.0016974595842955686,6.939999999999998,1.9917345884513826,340.0248571428571,331.6259,0.02325690628426012
TSLA,2025-09-10,350.55,356.33,346.07,347.79,0.0023113191234278574,10.259999999999991,2.92682926829268,342.0145714285714,332.5122333333333,0.017206524655448384
TSLA,2025-09-11,350.17,368.99,347.6,368.81,0.06043877052244162,21.389999999999986,6.10846160436359,347.6445714285714,334.17123333333336,0.024459467753142988
TSLA,2025-09-12,370.94,396.69,370.24,395.94,0.07356091212277316,26.44999999999999,7.1305332398770656,356.48028571428574,337.09690000000006,0.0324929585199599
TSLA,2025-09-15,423.13,425.7,402.43,410.26,0.03616709602465029,23.269999999999982,5.499491881927536,366.714,340.6852333333333,0.03229016854626186
TSLA,2025-09-16,414.495,423.25,411.43,421.62,0.02768975771462001,11.819999999999993,2.8516628668620836,376.82971428571426,344.43056666666666,0.0321096433242042
TSLA,2025-09-17,415.75,428.312,409.67,425.86,0.01005644893506008,18.641999999999996,4.483944678292242,388.18114285714285,348.33523333333335,0.028379442629353022
TSLA,2025-09-18,428.865,432.22,416.56,416.65,-0.021626825717371956,15.660000000000025,3.6514987233744947,398.1328571428571,351.5599,0.033245905126931714
TSLA,2025-09-19,421.82,429.47,421.72,425.87,0.02212888515540623,7.75,1.8372765634630885,409.2871428571429,355.0132333333333,0.031601983195393514
TSLA,2025-09-22,431.11,444.98,429.13,434.21,0.01958344095616038,15.850000000000023,3.6765558674120347,418.63,358.4977333333334,0.028627334725868092
TSLA,2025-09-23,439.88,440.97,423.72,425.85,-0.019253356670735244,17.25,3.9215240520141856,422.90285714285716,361.3885,0.022691399870963753
TSLA,2025-09-24,429.83,444.21,429.03,442.79,0.03977926499941287,15.180000000000007,3.5316287834725375,427.55,364.78856666666667,0.02339773486897904
TSLA,2025-09-25,435.24,435.28,419.08,423.386,-0.043822127870999816,16.19999999999999,3.7220843672456554,427.8022857142857,367.5936,0.029745633215511057
TSLA,2025-09-26,428.3,440.47,421.02,440.4,0.04018555171876237,19.450000000000045,4.5412094326406836,429.87942857142855,371.08759999999995,0.03325144600917531
TSLA,2025-09-29,444.35,450.98,439.5,443.212,0.006385104450499668,11.480000000000018,2.583549004163389,433.67400000000004,374.8426666666666,0.031088534282670707
TSLA,2025-09-30,441.52,445.0,433.12,444.55,0.0030188713301986247,11.879999999999995,2.6907048378329397,436.3425714285714,378.489,0.03060791132676877
TSLA,2025-10-01,443.8,462.29,440.75,459.46,0.03353953436058932,21.54000000000002,4.8535376295628705,439.9497142857143,382.82733333333334,0.0320200418682232
TSLA,2025-10-02,470.54,470.75,435.59,436.0,-0.051059939929482434,35.160000000000025,7.472265907255498,441.39971428571425,386.564,0.038269522653323416
TSLA,2025-10-03,443.285,446.77,416.575,429.83,-0.014151376146789074,30.194999999999993,6.8116448785769865,439.54828571428567,390.2213333333333,0.03516996220361541
TSLA,2025-10-06,440.75,453.55,436.69,453.25,0.054486657515762094,16.860000000000014,3.8252977878616026,443.8145714285714,393.996,0.03609460460465864
TSLA,2025-10-07,447.82,452.68,432.4501,433.09,-0.04447876447876453,20.229899999999986,4.517417712473759,442.7702857142857,396.87899999999996,0.03853104062126186
TSLA,2025-10-08,437.57,441.33,425.23,438.69,0.012930337805075132,16.099999999999966,3.679411294192921,442.1242857142857,399.7757333333333,0.03883957918625854
TSLA,2025-10-09,431.81,436.35,426.18,435.54,-0.007180469123982736,10.170000000000016,2.3552025196266912,440.83714285714285,402.64040000000006,0.038863026459937146
TSLA,2025-10-10,436.54,443.13,411.45,413.49,-0.0506268081002893,31.680000000000007,7.257066935446925,434.27000000000004,404.89073333333334,0.03895615761952205
TSLA,2025-10-13,423.53,436.89,419.7,435.888,0.05416817819052455,17.189999999999998,4.058744362855051,434.254,408.29159999999996,0.04254340950965217
TSLA,2025-10-14,426.79,434.2,417.86,429.24,-0.015251624270454678,16.339999999999975,3.8285808008622446,434.1697142857143,411.6196,0.04260955692514652
TSLA,2025-10-15,434.9,440.51,426.3301,435.19,0.013861709067188421,14.179899999999975,3.260496665900201,431.5897142857143,414.9896,0.036350166498558795
TSLA,2025-10-16,434.73,439.35,421.3101,428.75,-0.014798134148303,18.039900000000046,4.149679111172462,430.9697142857143,417.9938,0.032539633916728004
TSLA,2025-10-17,425.5,441.4558,423.6,439.31,0.024629737609329405,17.855799999999988,4.196427732079903,431.0582857142857,420.94379999999995,0.033654858870118494
TSLA,2025-10-20,443.865,449.8,440.61,447.43,0.01848353099178257,9.189999999999998,2.070449348337895,432.7568571428571,424.31146666666666,0.034050629089594865
TSLA,2025-10-21,445.755,449.3,442.05,442.6,-0.010794984690342568,7.25,1.626453993785824,436.9154285714286,427.49853333333334,0.025614940088901892
TSLA,2025-10-22,443.45,445.539,429.0,438.97,-0.008201536375960217,16.538999999999987,3.7296200248054996,437.35571428571427,430.5378666666666,0.01716015235752625
TSLA,2025-10-23,420.0,449.3999,413.9,448.98,0.022803380641046145,35.499900000000025,8.45235714285715,440.17571428571426,433.21020000000004,0.017132406636183206
TSLA,2025-10-24,446.83,451.68,430.17,433.618,-0.034215332531515985,21.50999999999999,4.813911330931225,439.9511428571428,434.4661333333333,0.022513343079722116
TSLA,2025-10-27,439.98,460.16,438.69,452.38,0.043268499001425154,21.470000000000027,4.8797672621482855,443.32685714285714,435.8701333333334,0.026606187014001154
TSLA,2025-10-28,454.775,467.0,451.6,460.595,0.01815951191476195,15.399999999999977,3.3862899235885826,446.36757142857147,437.16929999999996,0.026038345824530053
TSLA,2025-10-29,462.5,465.7,452.65,461.45,0.0018562945754947435,13.050000000000011,2.8216216216216243,448.37042857142853,438.35563333333334,0.025578160741138528
TSLA,2025-10-30,451.05,455.0607,439.61,440.03,-0.04641889695524981,15.450699999999983,3.4254960647378305,448.0032857142857,439.1349666666666,0.03192950621252655
TSLA,2025-10-31,446.75,457.73,443.6855,456.56,0.0375656205258732,14.044500000000028,3.1437045327364364,450.5161428571429,440.1579666666667,0.03463517578871655
TSLA,2025-11-03,455.99,474.07,453.8,468.8,0.02680918170667601,20.269999999999982,4.445272922651808,453.3475714285714,441.3109666666667,0.03498757435683699
TSLA,2025-11-04,454.46,460.22,443.6,444.26,-0.05234641638225257,16.620000000000005,3.6570875324561025,454.8678571428572,441.9246333333333,0.03896768233870147
TSLA,2025-11-05,452.05,466.3299,440.71,462.07,0.04008913699185168,25.61990000000003,5.667492534011731,456.2521428571428,442.5673,0.03845053155298156
TSLA,2025-11-06,461.96,467.45,435.09,445.91,-0.03497305603047152,32.360000000000014,7.004935492250415,454.1542857142857,443.3181,0.040313511595881514
TSLA,2025-11-07,437.92,439.36,421.88,429.52,-0.03675629611356557,17.480000000000018,3.991596638655466,449.59285714285716,442.95543333333336,0.041998378877749425
TSLA,2025-11-10,439.6,449.6715,433.36,445.31,0.036761966846712735,16.311499999999967,3.710532302092804,450.34714285714284,443.0253666666667,0.04155469942669177
TSLA,2025-11-11,439.4,442.49,432.36,439.4,-0.01327165345489667,10.129999999999995,2.3054164770141092,447.8957142857143,442.85369999999995,0.038741923429485334
TSLA,2025-11-12,442.15,442.329,426.56,430.6,-0.020027309968138285,15.769000000000005,3.5664367296166475,442.43857142857144,441.8917,0.0363405301168382
TSLA,2025-11-13,423.13,424.5,396.34,401.88,-0.06669763121226202,28.160000000000025,6.655165079290058,436.38428571428574,440.7543666666667,0.039312072299189704
TSLA,2025-11-14,386.3,412.19,382.78,404.3,0.006021698019309296,29.410000000000025,7.61325394770904,428.13142857142856,439.90336666666667,0.03319761055271038
TSLA,2025-11-17,398.74,423.96,398.74,408.95,0.011501360375958392,25.21999999999997,6.3249235090535105,422.8514285714286,438.42670000000004,0.033973640436603815
TSLA,2025-11-18,405.38,408.9,393.71,401.25,-0.018828707665973776,15.189999999999998,3.747101485026395,418.8128571428571,437.3653666666667,0.03241718835914144
TSLA,2025-11-19,406.18,411.78,398.5,404.07,0.007028037383177477,13.279999999999973,3.2694864345856454,412.9214285714285,436.21136666666666,0.026859507191181558
TSLA,2025-11-20,414.63,428.94,394.74,395.06,-0.022298116662954448,34.19999999999999,8.248317777295417,406.5871428571428,434.8620333333333,0.027064417649161353
TSLA,2025-11-21,402.32,402.8,383.76,391.09,-0.010049106464840807,19.04000000000002,4.732551203022474,400.9428571428571,434.11536666666666,0.027003288578487362
TSLA,2025-11-24,402.17,421.72,401.09,417.5,0.0675292132245775,20.630000000000052,5.129671531939242,403.1742857142857,433.50243333333333,0.03025397175900132
TSLA,2025-11-25,414.42,420.48,405.95,419.4,0.004550898203592668,14.53000000000003,3.5061049177163337,405.3314285714286,433.17443333333335,0.030257634906589427
TSLA,2025-11-26,423.95,426.94,416.89,426.5,0.016928946113495602,10.050000000000011,2.3705625663403733,407.8385714285714,432.8847666666667,0.03050162614155855
TSLA,2025-11-28,426.59,432.93,426.2,430.17,0.008604923798358755,6.730000000000018,1.5776272298928757,411.96999999999997,432.9321,0.028409138465667932
TSLA,2025-12-01,425.32,433.6599,425.29,430.14,-6.97398702839136e-05,8.369899999999973,1.9679065174456816,415.69428571428574,432.6264333333334,0.028671992049657254
TSLA,2025-12-02,430.81,436.8,422.12,429.24,-0.0020923420281768745,14.680000000000007,3.407534644042619,420.57714285714286,432.0201,0.025835887163294127
TSLA,2025-12-03,432.1,447.92,431.11,446.88,0.041095890410958846,16.810000000000002,3.8903031705623703,428.54714285714283,432.16276666666664,0.025726704932960025
TSLA,2025-12-04,449.94,454.63,445.39,454.48,0.017006802721088565,9.240000000000009,2.0536071476196844,433.83,432.6797666666667,0.014757121350810743
TSLA,2025-12-05,453.03,458.87,451.66,454.94,0.0010121457489877805,7.2099999999999795,1.5915060812749664,438.90714285714284,432.8784333333333,0.01512249122149478
TSLA,2025-12-08,447.445,449.7463,435.25,439.58,-0.033762693981624015,14.49630000000002,3.239794835119404,440.7757142857143,433.0771666666667,0.022557547338387204
TSLA,2025-12-09,437.54,452.39,435.7,445.2633,0.01292893216251878,16.689999999999998,3.814508387804543,442.9319,432.83994333333334,0.022745764099504035
TSLA,2025-12-10,446.065,456.88,443.61,451.45,0.013894475471030177,13.269999999999982,2.974902760808398,445.9761857142857,432.53511,0.022822892579738144
TSLA,2025-12-11,448.945,449.2699,440.33,446.8659,-0.010154169896998466,8.939900000000023,1.9913129670672405,448.49417142857146,432.0489733333333,0.02355883322027529
TSLA,2025-12-12,448.09,463.01,441.67,458.96,0.027064271406701534,21.339999999999975,4.7624361177441985,450.21988571428574,432.67997333333335,0.02046970463569738
TSLA,2025-12-15,469.44,481.7694,467.66,475.08,0.03512288652605888,14.109399999999994,3.0055811179277425,453.16274285714286,433.29730666666666,0.023333375016045998
TSLA,2025-12-16,472.21,491.5,465.83,489.88,0.031152647975077885,25.670000000000016,5.436140700112242,458.15417142857143,433.99997333333334,0.02486402687078516
TSLA,2025-12-17,488.22,495.2799,466.2,467.215,-0.046266432595737816,29.07990000000001,5.956310679611652,462.10202857142855,434.76514000000003,0.02875191972430397
TSLA,2025-12-18,478.16,490.86,473.12,483.395,0.03463073745491907,17.74000000000001,3.7100552116446397,467.54941428571425,435.47597333333334,0.030358002121145828
TSLA,2025-12-19,488.12,490.49,474.72,480.89,-0.00518209745653142,15.769999999999982,3.230762927149058,471.75512857142854,436.64197333333334,0.031030012253737315
TSLA,2025-12-22,489.88,498.83,485.33,488.73,0.016303104660109424,13.5,2.755776924961215,477.7357142857142,438.61564,0.02982774604751399
TSLA,2025-12-23,489.395,491.97,482.84,485.56,-0.006486198923741138,9.130000000000052,1.8655687123897984,481.5357142857143,439.9573066666666,0.029935389488529904
TSLA,2025-12-24,488.48,490.9,476.8,485.4,-0.00032951643463219327,14.099999999999966,2.8865050769734615,483.00999999999993,441.49064000000004,0.027580523370437166
TSLA,2025-12-26,485.23,489.08,473.82,475.19,-0.0210341985990935,15.259999999999991,3.1449003565319518,480.91142857142853,442.9769733333333,0.025826979368719732
TSLA,2025-12-29,469.0,469.4,459.0,459.64,-0.032723752604221445,10.399999999999977,2.2174840085287797,479.82928571428573,444.9023066666667,0.022420266090781554
TSLA,2025-12-30,461.09,463.12,453.83,454.24,-0.011748324775911478,9.29000000000002,2.0147910386258694,475.6642857142857,446.56697333333335,0.01555125545761322
TSLA,2025-12-31,456.1,456.55,449.3,449.72,-0.009950686861570968,7.25,1.5895636921727692,471.21142857142866,447.9259733333333,0.015473521943227816
TSLA,2026-01-02,457.8,458.34,435.3,438.07,-0.02590500756025982,23.039999999999964,5.032765399737869,463.97428571428566,449.15330666666665,0.011487648976584301
TSLA,2026-01-05,447.99,457.5499,444.57,451.69,0.031090921542219263,12.979899999999986,2.8973637804415246,459.13571428571424,450.74064,0.021119033153351098
TSLA,2026-01-06,446.38,448.25,428.78,433.14,-0.04106798910757381,19.470000000000027,4.361754558896013,451.67,452.00997333333333,0.023465235713732734
TSLA,2026-01-07,435.9,438.37,431.29,431.405,-0.004005633282541443,7.079999999999984,1.6242257398485855,445.415,453.3538066666667,0.02372616362398392
TSLA,2026-01-08,427.89,436.89,424.365,435.8,0.010187642702333077,12.524999999999977,2.927154175138465,442.00928571428574,453.96380666666664,0.02346542743012736
TSLA,2026-01-09,435.945,449.05,430.39,445.0,0.021110601193207845,18.660000000000025,4.28035646698552,440.6892857142857,454.81714,0.02562451965670774
TSLA,2026-01-12,441.225,454.3,438.0,448.96,0.008898876404494382,16.30000000000001,3.6942602980338854,440.58071428571424,455.5658066666667,0.025719517613658847
TSLA,2026-01-13,450.2,451.81,443.95,447.2,-0.003920171062009925,7.860000000000014,1.7458907152376753,441.88500000000005,456.1334733333333,0.023246034541184242
TSLA,2026-01-14,442.81,443.91,434.22,439.2,-0.017889087656529523,9.689999999999998,2.1882974639235786,440.1007142857143,456.4354733333333,0.020675729494007127
TSLA,2026-01-15,441.125,445.36,437.65,438.57,-0.0014344262295081789,7.710000000000036,1.747803910456228,440.8764285714286,456.7464733333333,0.012637088631121986
TSLA,2026-01-16,439.5,447.25,435.2601,437.52,-0.0023941446063342475,11.989899999999977,2.7280773606370823,441.75,456.43447333333336,0.012526840540749085
TSLA,2026-01-20,429.36,430.725,417.44,419.25,-0.041758091058694435,13.285000000000025,3.094140115520781,439.3857142857143,455.26014000000004,0.02005028819774244
TSLA,2026-01-21,421.66,438.2,419.6201,431.49,0.029194991055456088,18.57990000000001,4.40637006118674,437.4557142857143,454.47847333333334,0.021968893771272913
TSLA,2026-01-22,435.16,449.5,432.6293,449.39,0.041484159540197796,16.8707,3.8768958543983816,437.51714285714286,454.8054733333333,0.0278647265880543
TSLA,2026-01-23,447.425,452.43,444.04,449.06,-0.0007343287567591616,8.389999999999986,1.8751746102698745,437.7828571428571,454.93203,0.02780704632974873
TSLA,2026-01-26,445.0,445.04,434.28,435.2,-0.030864472453569713,10.760000000000048,2.4179775280898985,437.2114285714286,454.3903633333333,0.02964208192954019
TSLA,2026-01-27,437.41,437.52,430.691,430.9101,-0.009857306985294079,6.829000000000008,1.5612354541505697,436.11715714285714,453.8585033333333,0.029836315613624008
TSLA,2026-01-28,431.91,438.26,430.1,431.38,0.0010904826784055022,8.159999999999968,1.889282489407508,435.2400142857142,452.93916999999993,0.029860287341224687
TSLA,2026-01-29,437.8,440.2299,414.62,416.35,-0.03484167091659318,25.609899999999982,5.849680219278205,434.82572857142856,450.9815033333333,0.02838957091950179
TSLA,2026-01-30,425.35,439.88,422.7,430.41,0.03376966494535849,17.180000000000007,4.039026683907372,434.67144285714284,448.99917,0.029231199195115964
TSLA,2026-02-02,421.29,427.15,414.5,421.905,-0.019760228619223663,12.649999999999977,3.002682237888385,430.7450142857143,447.48883666666666,0.02331410177571044
TSLA,2026-02-03,424.27,428.56,413.6901,421.83,-0.00017776513670131333,14.86990000000003,3.5048200438400143,426.8550142857143,445.43667,0.023346890341342897
TSLA,2026-02-04,420.46,423.9,399.18,405.8,-0.03800109048668887,24.71999999999997,5.879275079674636,422.65501428571423,442.93367,0.024600153790145633
TSLA,2026-02-05,397.015,402.1,387.5309,397.21,-0.021168063085263755,14.569100000000049,3.6696598365301183,417.8407142857142,439.88300333333336,0.02498204518374653
TSLA,2026-02-06,400.87,414.55,397.751,411.11,0.034994083734045,16.799000000000035,4.190635368074447,414.94500000000005,437.4013366666667,0.030468333655804678
TSLA,2026-02-09,409.905,421.25,407.29,417.17,0.014740580379946966,13.95999999999998,3.405667166782542,415.0621428571429,435.1270033333333,0.028466842445430053
TSLA,2026-02-10,418.08,427.25,417.0,425.21,0.019272718555984225,10.25,2.4516838882510528,414.31928571428574,433.4610033333334,0.02608129635494737
TSLA,2026-02-11,427.955,436.35,420.03,428.605,0.007984290115472525,16.32000000000005,3.8134850626818357,415.27642857142854,432.4265033333333,0.02491579748250934
TSLA,2026-02-12,430.3,436.23,414.0,416.85,-0.027426184948845633,22.230000000000018,5.1661631419939615,414.565,431.18017,0.027411210597500082
TSLA,2026-02-13,414.305,424.06,410.88,417.5,0.0015593139018830193,13.180000000000007,3.181231218546724,416.2364285714286,430.10617,0.02217945846420659
