ticker,date,open,high,low,close
AAPL,2023-01-03,130.28,130.9,124.17,125.07
AAPL,2023-01-04,126.89,128.656,125.08,126.36
AAPL,2023-01-05,127.13,127.77,124.76,125.02
AAPL,2023-01-06,126.01,130.29,124.89,129.62
AAPL,2023-01-09,130.465,133.41,129.89,130.15
AAPL,2023-01-10,130.26,131.264,128.12,130.73
AAPL,2023-01-11,131.25,133.51,130.46,133.49
AAPL,2023-01-12,133.88,134.26,131.44,133.41
AAPL,2023-01-13,132.03,134.92,131.66,134.76
AAPL,2023-01-17,134.83,137.29,134.13,135.94
AAPL,2023-01-18,136.815,138.61,135.03,135.21
AAPL,2023-01-19,134.08,136.25,133.77,135.27
AAPL,2023-01-20,135.28,138.02,134.22,137.87
AAPL,2023-01-23,138.12,143.315,137.9,141.11
AAPL,2023-01-24,140.305,143.16,140.3,142.53
AAPL,2023-01-25,140.89,142.43,138.81,141.86
AAPL,2023-01-26,143.17,144.25,141.9,143.96
AAPL,2023-01-27,143.155,147.23,143.08,145.93
AAPL,2023-01-30,144.955,145.55,142.85,143.0
AAPL,2023-01-31,142.7,144.34,142.28,144.29
AAPL,2023-02-01,143.97,146.61,141.32,145.43
AAPL,2023-02-02,148.9,151.18,148.17,150.82
AAPL,2023-02-03,148.03,157.38,147.83,154.5
AAPL,2023-02-06,152.575,153.1,150.78,151.73
AAPL,2023-02-07,150.64,155.23,150.64,154.65
AAPL,2023-02-08,153.88,154.58,151.168,151.92
AAPL,2023-02-09,153.775,154.33,150.42,150.87
AAPL,2023-02-10,149.46,151.34,149.22,151.01
AAPL,2023-02-13,150.952,154.26,150.92,153.85
AAPL,2023-02-14,152.12,153.77,150.86,153.2
AAPL,2023-02-15,153.11,155.5,152.88,155.33
AAPL,2023-02-16,153.51,156.33,153.348,153.71
AAPL,2023-02-17,152.35,153.0,150.85,152.55
AAPL,2023-02-21,150.2,151.3,148.405,148.48
AAPL,2023-02-22,148.87,149.95,147.16,148.91
AAPL,2023-02-23,150.09,150.34,147.24,149.4
AAPL,2023-02-24,147.11,147.19,145.72,146.71
AAPL,2023-02-27,147.71,149.17,147.45,147.92
AAPL,2023-02-28,147.05,149.08,146.83,147.41
AAPL,2023-03-01,146.83,147.229,145.01,145.31
AAPL,2023-03-02,144.38,146.71,143.9,145.91
AAPL,2023-03-03,148.045,151.11,147.33,151.03
AAPL,2023-03-06,153.785,156.3,153.46,153.83
AAPL,2023-03-07,153.7,154.03,151.13,151.6
AAPL,2023-03-08,152.81,153.47,151.83,152.87
AAPL,2023-03-09,153.559,154.535,150.225,150.59
AAPL,2023-03-10,150.21,150.94,147.61,148.5
AAPL,2023-03-13,147.805,153.14,147.7,150.47
AAPL,2023-03-14,151.28,153.4,150.1,152.59
AAPL,2023-03-15,151.19,153.245,149.92,152.99
AAPL,2023-03-16,152.16,156.46,151.64,155.85
AAPL,2023-03-17,156.08,156.74,154.28,155.0
AAPL,2023-03-20,155.07,157.82,154.15,157.4
AAPL,2023-03-21,157.32,159.4,156.54,159.28
AAPL,2023-03-22,159.3,162.14,157.81,157.83
AAPL,2023-03-23,158.83,161.55,157.68,158.93
AAPL,2023-03-24,158.86,160.34,157.85,160.25
AAPL,2023-03-27,159.94,160.77,157.87,158.28
AAPL,2023-03-28,157.97,158.49,155.98,157.65
AAPL,2023-03-29,159.37,161.05,159.35,160.77
AAPL,2023-03-30,161.53,162.47,161.271,162.36
AAPL,2023-03-31,162.44,165.0,161.91,164.9
AAPL,2023-04-03,164.27,166.29,164.22,166.17
AAPL,2023-04-04,166.595,166.84,165.11,165.63
AAPL,2023-04-05,164.74,165.05,161.8,163.76
AAPL,2023-04-06,162.43,164.958,162.0,164.66
AAPL,2023-04-10,161.42,162.03,160.08,162.03
AAPL,2023-04-11,162.35,162.36,160.51,160.8
AAPL,2023-04-12,161.22,162.06,159.78,160.1
AAPL,2023-04-13,161.63,165.8,161.42,165.56
AAPL,2023-04-14,164.59,166.32,163.82,165.21
AAPL,2023-04-17,165.09,165.39,164.03,165.23
AAPL,2023-04-18,166.1,167.41,165.65,166.47
AAPL,2023-04-19,165.8,168.16,165.54,167.63
AAPL,2023-04-20,166.09,167.87,165.56,166.65
AAPL,2023-04-21,165.05,166.452,164.49,165.02
AAPL,2023-04-24,165.0,165.6,163.89,165.33
AAPL,2023-04-25,165.19,166.305,163.73,163.77
AAPL,2023-04-26,163.055,165.28,162.8,163.76
AAPL,2023-04-27,165.19,168.56,165.19,168.41
AAPL,2023-04-28,168.49,169.85,167.88,169.68
AAPL,2023-05-01,169.28,170.45,168.64,169.59
AAPL,2023-05-02,170.09,170.35,167.54,168.54
AAPL,2023-05-03,169.5,170.92,167.16,167.45
AAPL,2023-05-04,164.89,167.04,164.31,165.79
AAPL,2023-05-05,170.975,174.3,170.76,173.57
AAPL,2023-05-08,172.48,173.85,172.11,173.5
AAPL,2023-05-09,173.05,173.54,171.6,171.77
AAPL,2023-05-10,173.02,174.03,171.9,173.555
AAPL,2023-05-11,173.85,174.59,172.17,173.75
AAPL,2023-05-12,173.62,174.06,171.0,172.57
AAPL,2023-05-15,173.16,173.21,171.47,172.07
AAPL,2023-05-16,171.99,173.138,171.799,172.07
AAPL,2023-05-17,171.71,172.925,170.42,172.69
AAPL,2023-05-18,173.0,175.24,172.58,175.05
AAPL,2023-05-19,176.39,176.39,174.94,175.16
AAPL,2023-05-22,173.98,174.71,173.45,174.2
AAPL,2023-05-23,173.13,173.379,171.275,171.56
AAPL,2023-05-24,171.09,172.418,170.52,171.84
AAPL,2023-05-25,172.41,173.895,171.69,172.99
AAPL,2023-05-26,173.32,175.77,173.11,175.43
AAPL,2023-05-30,176.96,178.99,176.57,177.3
AAPL,2023-05-31,177.325,179.35,176.76,177.25
AAPL,2023-06-01,177.7,180.12,176.931,180.09
AAPL,2023-06-02,181.03,181.78,179.26,180.95
AAPL,2023-06-05,182.63,184.951,178.035,179.58
AAPL,2023-06-06,179.965,180.12,177.43,179.21
AAPL,2023-06-07,178.44,181.21,177.32,177.82
AAPL,2023-06-08,177.895,180.84,177.46,180.57
AAPL,2023-06-09,181.5,182.23,180.63,180.96
AAPL,2023-06-12,181.27,183.89,180.97,183.79
AAPL,2023-06-13,182.8,184.15,182.44,183.31
AAPL,2023-06-14,183.37,184.39,182.02,183.95
AAPL,2023-06-15,183.96,186.52,183.78,186.01
AAPL,2023-06-16,186.73,186.99,184.27,184.92
AAPL,2023-06-20,184.41,186.1,184.41,185.01
AAPL,2023-06-21,184.9,185.41,182.59,183.96
AAPL,2023-06-22,183.74,187.045,183.67,187.0
AAPL,2023-06-23,185.55,187.56,185.01,186.68
AAPL,2023-06-26,187.322,188.05,185.23,185.27
AAPL,2023-06-27,185.89,188.39,185.67,188.06
AAPL,2023-06-28,187.93,189.9,187.6,189.25
AAPL,2023-06-29,189.08,190.07,188.94,189.59
AAPL,2023-06-30,191.63,194.48,191.26,193.97
AAPL,2023-07-03,193.78,193.88,191.76,192.46
AAPL,2023-07-05,191.565,192.98,190.62,191.33
AAPL,2023-07-06,189.84,192.02,189.2,191.81
AAPL,2023-07-07,191.41,192.67,190.24,190.68
AAPL,2023-07-10,189.26,189.99,187.035,188.61
AAPL,2023-07-11,189.16,189.3,186.6,188.08
AAPL,2023-07-12,189.68,191.7,188.47,189.77
AAPL,2023-07-13,190.5,191.19,189.78,190.54
AAPL,2023-07-14,190.23,191.18,189.63,190.69
AAPL,2023-07-17,191.9,194.32,191.81,193.99
AAPL,2023-07-18,193.35,194.33,192.415,193.73
AAPL,2023-07-19,193.1,198.23,192.65,195.1
AAPL,2023-07-20,195.09,196.47,192.495,193.13
AAPL,2023-07-21,194.1,194.97,191.23,191.94
AAPL,2023-07-24,193.41,194.91,192.25,192.75
AAPL,2023-07-25,193.33,194.44,192.915,193.62
AAPL,2023-07-26,193.67,195.64,193.32,194.5
AAPL,2023-07-27,196.02,197.2,192.55,193.22
AAPL,2023-07-28,194.67,196.626,194.14,195.83
AAPL,2023-07-31,196.06,196.49,195.26,196.45
AAPL,2023-08-01,196.235,196.73,195.28,195.605
AAPL,2023-08-02,195.04,195.18,191.851,192.58
AAPL,2023-08-03,191.57,192.37,190.69,191.17
AAPL,2023-08-04,185.52,187.38,181.92,181.99
AAPL,2023-08-07,182.13,183.13,177.35,178.85
AAPL,2023-08-08,179.69,180.27,177.58,179.8
AAPL,2023-08-09,180.87,180.93,177.01,178.19
AAPL,2023-08-10,179.48,180.75,177.6,177.97
AAPL,2023-08-11,177.32,178.62,176.55,177.79
AAPL,2023-08-14,177.97,179.69,177.305,179.46
AAPL,2023-08-15,178.88,179.48,177.05,177.45
AAPL,2023-08-16,177.13,178.54,176.5,176.57
AAPL,2023-08-17,177.14,177.505,173.48,174.0
AAPL,2023-08-18,172.3,175.1,171.96,174.49
AAPL,2023-08-21,175.07,176.13,173.735,175.84
AAPL,2023-08-22,177.06,177.68,176.25,177.23
AAPL,2023-08-23,178.52,181.55,178.325,181.12
AAPL,2023-08-24,180.674,181.104,176.01,176.38
AAPL,2023-08-25,177.38,179.15,175.82,178.61
AAPL,2023-08-28,180.09,180.59,178.545,180.19
AAPL,2023-08-29,179.695,184.9,179.5,184.12
AAPL,2023-08-30,184.94,187.85,184.74,187.65
AAPL,2023-08-31,187.84,189.12,187.48,187.87
AAPL,2023-09-01,189.485,189.92,188.28,189.46
AAPL,2023-09-05,188.28,189.98,187.61,189.7
AAPL,2023-09-06,188.4,188.85,181.47,182.91
AAPL,2023-09-07,175.18,178.21,173.54,177.56
AAPL,2023-09-08,178.35,180.239,177.79,178.18
AAPL,2023-09-11,180.07,180.3,177.34,179.36
AAPL,2023-09-12,179.49,180.13,174.82,176.3
AAPL,2023-09-13,176.51,177.3,173.98,174.21
AAPL,2023-09-14,174.0,176.1,173.58,175.74
AAPL,2023-09-15,176.48,176.495,173.82,175.01
AAPL,2023-09-18,176.48,179.38,176.17,177.97
AAPL,2023-09-19,177.52,179.63,177.13,179.07
AAPL,2023-09-20,179.26,179.695,175.4,175.49
AAPL,2023-09-21,174.55,176.3,173.86,173.93
AAPL,2023-09-22,174.67,177.079,174.05,174.79
AAPL,2023-09-25,174.2,176.97,174.15,176.08
AAPL,2023-09-26,174.82,175.2,171.66,171.96
AAPL,2023-09-27,172.62,173.04,169.05,170.43
AAPL,2023-09-28,169.34,172.03,167.62,170.69
AAPL,2023-09-29,172.02,173.07,170.341,171.21
AAPL,2023-10-02,171.22,174.3,170.93,173.75
AAPL,2023-10-03,172.255,173.63,170.82,172.4
AAPL,2023-10-04,171.09,174.21,170.97,173.66
AAPL,2023-10-05,173.79,175.45,172.68,174.91
AAPL,2023-10-06,173.8,177.99,173.18,177.49
AAPL,2023-10-09,176.81,179.05,175.8,178.99
AAPL,2023-10-10,178.1,179.72,177.95,178.39
AAPL,2023-10-11,178.2,179.85,177.6,179.8
AAPL,2023-10-12,180.07,182.34,179.04,180.71
AAPL,2023-10-13,181.42,181.93,178.14,178.85
AAPL,2023-10-16,176.75,179.075,176.51,178.72
AAPL,2023-10-17,176.645,178.42,174.8,177.15
AAPL,2023-10-18,175.58,177.575,175.11,175.84
AAPL,2023-10-19,176.04,177.84,175.19,175.46
AAPL,2023-10-20,175.31,175.42,172.64,172.88
AAPL,2023-10-23,170.91,174.01,169.93,173.0
AAPL,2023-10-24,173.05,173.67,171.45,173.44
AAPL,2023-10-25,171.88,173.06,170.65,171.1
AAPL,2023-10-26,170.37,171.378,165.67,166.89
AAPL,2023-10-27,166.91,168.96,166.83,168.22
AAPL,2023-10-30,169.02,171.17,168.87,170.29
AAPL,2023-10-31,169.35,170.9,167.9,170.77
AAPL,2023-11-01,171.0,174.23,170.12,173.97
AAPL,2023-11-02,175.52,177.78,175.46,177.57
AAPL,2023-11-03,174.24,176.82,173.35,176.65
AAPL,2023-11-06,176.38,179.43,176.21,179.23
AAPL,2023-11-07,179.18,182.44,178.97,181.82
AAPL,2023-11-08,182.35,183.45,181.59,182.89
AAPL,2023-11-09,182.96,184.12,181.81,182.41
AAPL,2023-11-10,183.97,186.565,183.53,186.4
AAPL,2023-11-13,185.82,186.03,184.21,184.8
AAPL,2023-11-14,187.7,188.11,186.3,187.44
AAPL,2023-11-15,187.845,189.5,187.78,188.01
AAPL,2023-11-16,189.57,190.96,188.65,189.71
AAPL,2023-11-17,190.25,190.38,188.57,189.69
AAPL,2023-11-20,189.89,191.905,189.88,191.45
AAPL,2023-11-21,191.41,191.52,189.74,190.64
AAPL,2023-11-22,191.49,192.93,190.825,191.31
AAPL,2023-11-24,190.87,190.9,189.25,189.97
AAPL,2023-11-27,189.92,190.67,188.9,189.79
AAPL,2023-11-28,189.78,191.08,189.4,190.4
AAPL,2023-11-29,190.9,192.09,188.97,189.37
AAPL,2023-11-30,189.84,190.32,188.19,189.95
AAPL,2023-12-01,190.33,191.56,189.23,191.24
AAPL,2023-12-04,189.98,190.05,187.451,189.43
AAPL,2023-12-05,190.21,194.4,190.18,193.42
AAPL,2023-12-06,194.45,194.76,192.11,192.32
AAPL,2023-12-07,193.63,195.0,193.59,194.27
AAPL,2023-12-08,194.2,195.99,193.67,195.71
AAPL,2023-12-11,193.11,193.49,191.42,193.18
AAPL,2023-12-12,193.08,194.72,191.721,194.71
AAPL,2023-12-13,195.09,198.0,194.85,197.96
AAPL,2023-12-14,198.02,199.62,196.16,198.11
AAPL,2023-12-15,197.53,198.4,197.0,197.57
AAPL,2023-12-18,196.09,196.63,194.39,195.89
AAPL,2023-12-19,196.16,196.95,195.89,196.94
AAPL,2023-12-20,196.9,197.68,194.83,194.83
AAPL,2023-12-21,196.1,197.08,193.5,194.68
AAPL,2023-12-22,195.18,195.41,192.97,193.6
AAPL,2023-12-26,193.61,193.89,192.83,193.05
AAPL,2023-12-27,192.49,193.5,191.09,193.15
AAPL,2023-12-28,194.14,194.66,193.17,193.58
AAPL,2023-12-29,193.9,194.4,191.725,192.53
AAPL,2024-01-02,187.15,188.44,183.885,185.64
AAPL,2024-01-03,184.22,185.88,183.43,184.25
AAPL,2024-01-04,182.15,183.087,180.88,181.91
AAPL,2024-01-05,181.99,182.76,180.17,181.18
AAPL,2024-01-08,182.085,185.6,181.5,185.56
AAPL,2024-01-09,183.92,185.15,182.73,185.14
AAPL,2024-01-10,184.35,186.4,183.92,186.19
AAPL,2024-01-11,186.54,187.05,183.62,185.59
AAPL,2024-01-12,186.06,186.74,185.19,185.92
AAPL,2024-01-16,182.16,184.26,180.934,183.63
AAPL,2024-01-17,181.27,182.93,180.3,182.68
AAPL,2024-01-18,186.09,189.14,185.83,188.63
AAPL,2024-01-19,189.33,191.95,188.82,191.56
AAPL,2024-01-22,192.3,195.33,192.26,193.89
AAPL,2024-01-23,195.02,195.75,193.83,195.18
AAPL,2024-01-24,195.42,196.38,194.34,194.5
AAPL,2024-01-25,195.22,196.268,193.113,194.17
AAPL,2024-01-26,194.27,194.76,191.94,192.42
AAPL,2024-01-29,192.01,192.2,189.58,191.73
AAPL,2024-01-30,190.94,191.8,187.47,188.04
AAPL,2024-01-31,187.04,187.095,184.35,184.4
AAPL,2024-02-01,183.985,186.95,183.82,186.86
AAPL,2024-02-02,179.86,187.33,179.25,185.85
AAPL,2024-02-05,188.15,189.25,185.84,187.68
AAPL,2024-02-06,186.86,189.31,186.77,189.3
AAPL,2024-02-07,190.64,191.05,188.61,189.41
AAPL,2024-02-08,189.385,189.535,187.35,188.32
AAPL,2024-02-09,188.65,189.99,188.0,188.85
AAPL,2024-02-12,188.415,188.67,186.79,187.15
AAPL,2024-02-13,185.77,186.21,183.513,185.04
AAPL,2024-02-14,185.32,185.53,182.44,184.15
AAPL,2024-02-15,183.55,184.49,181.35,183.86
AAPL,2024-02-16,183.42,184.85,181.665,182.31
AAPL,2024-02-20,181.79,182.43,180.0,181.56
AAPL,2024-02-21,181.94,182.889,180.66,182.32
AAPL,2024-02-22,183.48,184.955,182.46,184.37
AAPL,2024-02-23,185.01,185.04,182.23,182.52
AAPL,2024-02-26,182.24,182.76,180.65,181.16
AAPL,2024-02-27,181.1,183.923,179.56,182.63
AAPL,2024-02-28,182.51,183.12,180.13,181.42
AAPL,2024-02-29,181.27,182.57,179.53,180.75
AAPL,2024-03-01,179.55,180.53,177.38,179.66
AAPL,2024-03-04,176.15,176.9,173.79,175.1
AAPL,2024-03-05,170.76,172.04,169.62,170.12
AAPL,2024-03-06,171.06,171.24,168.68,169.12
AAPL,2024-03-07,169.15,170.73,168.49,169.0
AAPL,2024-03-08,169.0,173.7,168.94,170.73
AAPL,2024-03-11,172.94,174.38,172.05,172.75
AAPL,2024-03-12,173.15,174.03,171.01,173.23
AAPL,2024-03-13,172.77,173.185,170.76,171.13
AAPL,2024-03-14,172.91,174.308,172.05,173.0
AAPL,2024-03-15,171.17,172.62,170.285,172.62
AAPL,2024-03-18,175.57,177.71,173.52,173.72
AAPL,2024-03-19,174.34,176.605,173.03,176.08
AAPL,2024-03-20,175.72,178.67,175.09,178.67
AAPL,2024-03-21,177.05,177.49,170.84,171.37
AAPL,2024-03-22,171.76,173.05,170.06,172.28
AAPL,2024-03-25,170.565,171.94,169.45,170.85
AAPL,2024-03-26,170.0,171.42,169.58,169.71
AAPL,2024-03-27,170.41,173.6,170.11,173.31
AAPL,2024-03-28,171.75,172.23,170.51,171.48
AAPL,2024-04-01,171.19,171.25,169.475,170.03
AAPL,2024-04-02,169.08,169.34,168.23,168.84
AAPL,2024-04-03,168.79,170.68,168.58,169.65
AAPL,2024-04-04,170.29,171.92,168.82,168.82
AAPL,2024-04-05,169.59,170.39,168.95,169.58
AAPL,2024-04-08,169.03,169.2,168.24,168.45
AAPL,2024-04-09,168.7,170.08,168.35,169.67
AAPL,2024-04-10,168.8,169.09,167.11,167.78
AAPL,2024-04-11,168.34,175.46,168.16,175.04
AAPL,2024-04-12,174.26,178.36,174.21,176.55
AAPL,2024-04-15,175.36,176.63,172.5,172.69
AAPL,2024-04-16,171.75,173.76,168.27,169.38
AAPL,2024-04-17,169.61,170.65,168.0,168.0
AAPL,2024-04-18,168.03,168.64,166.55,167.04
AAPL,2024-04-19,166.21,166.4,164.075,164.93
AAPL,2024-04-22,165.515,167.26,164.77,165.84
AAPL,2024-04-23,165.35,167.05,164.92,166.9
AAPL,2024-04-24,166.54,169.3,166.21,169.02
AAPL,2024-04-25,169.525,170.61,168.151,169.89
AAPL,2024-04-26,169.88,171.34,169.18,169.3
AAPL,2024-04-29,173.37,176.03,173.1,173.5
AAPL,2024-04-30,173.33,174.99,170.0,170.33
AAPL,2024-05-01,169.58,172.705,169.11,169.3
AAPL,2024-05-02,172.51,173.415,170.89,173.03
AAPL,2024-05-03,186.645,187.0,182.66,183.38
AAPL,2024-05-06,182.354,184.2,180.42,181.71
AAPL,2024-05-07,183.45,184.9,181.32,182.4
AAPL,2024-05-08,182.85,183.07,181.45,182.74
AAPL,2024-05-09,182.56,184.66,182.11,184.57
AAPL,2024-05-10,184.9,185.09,182.13,183.05
AAPL,2024-05-13,185.435,187.1,184.62,186.28
AAPL,2024-05-14,187.51,188.3,186.29,187.43
AAPL,2024-05-15,187.91,190.65,187.37,189.72
AAPL,2024-05-16,190.47,191.095,189.66,189.84
AAPL,2024-05-17,189.51,190.81,189.18,189.87
AAPL,2024-05-20,189.325,191.92,189.01,191.04
AAPL,2024-05-21,191.09,192.73,190.92,192.35
AAPL,2024-05-22,192.265,192.823,190.27,190.9
AAPL,2024-05-23,190.98,191.0,186.625,186.88
AAPL,2024-05-24,188.82,190.58,188.04,189.98
AAPL,2024-05-28,191.51,193.0,189.1,189.99
AAPL,2024-05-29,189.61,192.247,189.51,190.29
AAPL,2024-05-30,190.76,192.18,190.63,191.29
AAPL,2024-05-31,191.44,192.57,189.91,192.25
AAPL,2024-06-03,192.9,194.99,192.52,194.03
AAPL,2024-06-04,194.635,195.32,193.034,194.35
AAPL,2024-06-05,195.4,196.9,194.87,195.87
AAPL,2024-06-06,195.685,196.5,194.17,194.48
AAPL,2024-06-07,194.65,196.94,194.18,196.89
AAPL,2024-06-10,196.9,197.3,192.15,193.12
AAPL,2024-06-11,193.65,207.16,193.63,207.15
AAPL,2024-06-12,207.37,220.2,206.9,213.07
AAPL,2024-06-13,214.74,216.75,211.6,214.11
AAPL,2024-06-14,213.85,215.17,211.3,212.49
AAPL,2024-06-17,213.37,218.95,212.72,216.67
AAPL,2024-06-18,217.59,218.63,213.0,214.29
AAPL,2024-06-20,213.93,214.24,208.85,209.56
AAPL,2024-06-21,210.39,211.89,207.11,207.72
AAPL,2024-06-24,207.72,212.7,206.59,208.15
AAPL,2024-06-25,209.15,211.38,208.61,209.07
AAPL,2024-06-26,211.5,214.86,210.64,213.25
AAPL,2024-06-27,214.69,215.74,212.35,214.1
AAPL,2024-06-28,215.77,216.07,210.3,210.62
AAPL,2024-07-01,212.09,217.51,211.92,216.75
AAPL,2024-07-02,216.15,220.38,215.1,220.27
AAPL,2024-07-03,220.0,221.55,219.03,221.55
AAPL,2024-07-05,221.65,226.45,221.65,226.325
AAPL,2024-07-08,227.09,227.85,223.25,227.82
AAPL,2024-07-09,227.93,229.4,226.372,228.679
AAPL,2024-07-10,229.3,233.07,229.25,232.98
AAPL,2024-07-11,231.39,232.34,225.77,227.59
AAPL,2024-07-12,228.92,232.64,228.68,230.63
AAPL,2024-07-15,236.48,237.194,233.09,234.39
AAPL,2024-07-16,235.0,236.26,232.33,234.81
AAPL,2024-07-17,229.45,231.46,226.64,228.88
AAPL,2024-07-18,230.28,230.44,222.27,224.235
AAPL,2024-07-19,224.82,226.8,223.275,224.31
AAPL,2024-07-22,227.01,227.78,223.09,223.96
AAPL,2024-07-23,224.365,226.94,222.68,225.01
AAPL,2024-07-24,224.0,224.8,217.13,218.54
AAPL,2024-07-25,218.93,220.85,214.62,217.45
AAPL,2024-07-26,218.7,219.49,216.01,218.12
AAPL,2024-07-29,216.96,219.3,215.75,218.24
AAPL,2024-07-30,219.19,220.325,216.12,218.7
AAPL,2024-07-31,221.44,223.82,220.63,222.04
AAPL,2024-08-01,224.37,224.48,217.02,218.35
AAPL,2024-08-02,219.15,225.6,217.71,219.81
AAPL,2024-08-05,199.09,213.5,196.92,209.29
AAPL,2024-08-06,205.3,209.99,201.117,207.13
AAPL,2024-08-07,206.9,213.64,206.39,209.86
AAPL,2024-08-08,213.11,214.2,208.83,213.35
AAPL,2024-08-09,212.1,216.78,211.97,216.24
AAPL,2024-08-12,216.07,219.51,215.6,217.53
AAPL,2024-08-13,219.01,221.89,219.01,221.275
AAPL,2024-08-14,220.57,223.03,219.7,221.72
AAPL,2024-08-15,224.6,225.35,222.76,224.71
AAPL,2024-08-16,223.92,226.827,223.65,226.05
AAPL,2024-08-19,225.72,225.99,223.04,225.89
AAPL,2024-08-20,225.77,227.17,225.45,226.51
AAPL,2024-08-21,226.52,227.98,225.05,226.4
AAPL,2024-08-22,227.79,228.34,223.9,224.53
AAPL,2024-08-23,225.659,228.21,224.33,226.84
AAPL,2024-08-26,226.76,227.28,223.891,227.22
AAPL,2024-08-27,225.995,228.85,224.92,228.03
AAPL,2024-08-28,227.92,229.86,225.68,226.21
AAPL,2024-08-29,230.1,232.92,228.88,229.79
AAPL,2024-08-30,230.0,230.4,227.48,229.0
AAPL,2024-09-03,228.55,229.0,221.17,222.62
AAPL,2024-09-04,221.66,221.78,217.48,220.85
AAPL,2024-09-05,221.625,225.48,221.52,222.39
AAPL,2024-09-06,223.95,225.24,219.77,220.86
AAPL,2024-09-09,220.82,221.27,216.71,220.91
AAPL,2024-09-10,218.92,221.48,216.73,220.11
AAPL,2024-09-11,221.455,223.09,217.93,222.565
AAPL,2024-09-12,222.5,223.55,219.82,222.77
AAPL,2024-09-13,223.58,224.04,221.91,222.5
AAPL,2024-09-16,216.54,217.22,213.92,216.32
AAPL,2024-09-17,215.75,216.9,214.5,216.79
AAPL,2024-09-18,217.55,222.71,217.54,220.69
AAPL,2024-09-19,224.99,229.82,224.63,228.9
AAPL,2024-09-20,229.97,233.09,227.62,228.29
AAPL,2024-09-23,227.34,229.45,225.81,226.47
AAPL,2024-09-24,228.645,229.35,225.73,227.4
AAPL,2024-09-25,224.93,227.29,224.02,226.37
AAPL,2024-09-26,227.3,228.5,225.41,227.74
AAPL,2024-09-27,228.46,229.52,227.3,227.725
AAPL,2024-09-30,230.04,233.0,229.65,233.0
AAPL,2024-10-01,229.52,229.65,223.74,226.24
AAPL,2024-10-02,225.89,227.37,223.04,226.79
AAPL,2024-10-03,225.14,226.805,223.32,225.62
AAPL,2024-10-04,227.9,228.0,224.13,226.73
AAPL,2024-10-07,224.5,225.69,221.33,221.69
AAPL,2024-10-08,224.3,225.98,223.25,225.77
AAPL,2024-10-09,225.23,229.75,224.83,229.54
AAPL,2024-10-10,227.78,229.5,227.17,229.03
AAPL,2024-10-11,229.3,229.41,227.34,227.46
AAPL,2024-10-14,228.7,231.73,228.6,231.4
AAPL,2024-10-15,233.61,237.49,232.37,233.8
AAPL,2024-10-16,231.6,232.12,229.84,231.78
AAPL,2024-10-17,233.43,233.85,230.52,232.15
AAPL,2024-10-18,236.18,236.18,234.02,235.0
AAPL,2024-10-21,234.45,236.85,234.45,236.48
AAPL,2024-10-22,233.885,236.22,232.6,235.86
AAPL,2024-10-23,234.32,235.144,227.76,230.76
AAPL,2024-10-24,229.98,230.82,228.41,230.57
AAPL,2024-10-25,229.74,233.22,229.57,231.41
AAPL,2024-10-28,233.32,234.73,232.55,233.4
AAPL,2024-10-29,233.1,234.325,232.34,233.78
AAPL,2024-10-30,232.61,233.23,229.55,230.22
AAPL,2024-10-31,229.34,229.83,225.39,225.39
AAPL,2024-11-01,220.965,225.35,220.27,223.29
AAPL,2024-11-04,220.99,222.79,219.71,222.12
AAPL,2024-11-05,221.795,223.95,221.14,223.45
AAPL,2024-11-06,222.58,226.06,221.19,222.7
AAPL,2024-11-07,224.625,227.875,224.57,227.49
AAPL,2024-11-08,227.17,228.66,226.405,226.96
AAPL,2024-11-11,225.0,225.7,221.5,224.23
AAPL,2024-11-12,224.55,225.59,223.355,224.23
AAPL,2024-11-13,224.01,226.65,222.77,225.22
AAPL,2024-11-14,225.02,228.87,225.0,228.22
AAPL,2024-11-15,226.4,226.92,224.27,225.0
AAPL,2024-11-18,225.25,229.74,225.17,228.02
AAPL,2024-11-19,226.98,230.16,226.66,228.28
AAPL,2024-11-20,228.06,229.93,225.89,229.0
AAPL,2024-11-21,228.88,230.155,225.71,228.52
AAPL,2024-11-22,228.06,230.72,228.06,229.87
AAPL,2024-11-25,231.46,233.245,229.74,232.87
AAPL,2024-11-26,233.33,235.57,233.33,235.06
AAPL,2024-11-27,234.465,235.69,233.85,234.93
AAPL,2024-11-29,234.84,237.81,233.97,237.33
AAPL,2024-12-02,237.27,240.79,237.16,239.59
AAPL,2024-12-03,239.81,242.76,238.9,242.65
AAPL,2024-12-04,242.87,244.11,241.25,243.01
AAPL,2024-12-05,243.99,244.54,242.13,243.04
AAPL,2024-12-06,242.905,244.63,242.08,242.84
AAPL,2024-12-09,241.83,247.24,241.75,246.75
AAPL,2025-01-27,224.02,232.15,223.98,229.86
AAPL,2025-01-28,230.85,240.19,230.81,238.26
AAPL,2025-01-29,234.12,239.855,234.01,239.36
AAPL,2025-01-30,238.665,240.79,237.21,237.59
AAPL,2025-01-31,247.19,247.19,233.44,236.0
AAPL,2025-02-03,229.99,231.83,225.7,228.01
AAPL,2025-02-04,227.25,233.13,226.65,232.8
AAPL,2025-02-05,228.53,232.67,228.27,232.47
AAPL,2025-02-06,231.285,233.8,230.425,233.22
AAPL,2025-02-07,232.6,234.0,227.26,227.63
AAPL,2025-02-10,229.57,230.585,227.2,227.65
AAPL,2025-02-11,228.2,235.23,228.13,232.62
AAPL,2025-02-12,231.2,236.96,230.68,236.87
AAPL,2025-02-13,236.91,242.34,235.57,241.53
AAPL,2025-02-14,241.25,245.55,240.99,244.6
AAPL,2025-02-18,243.91,245.18,241.84,244.47
AAPL,2025-02-19,244.66,246.01,243.16,244.87
AAPL,2025-02-20,244.94,246.78,244.29,245.83
AAPL,2025-02-21,245.95,248.69,245.22,245.55
AAPL,2025-02-24,244.925,248.86,244.62,247.173
AAPL,2025-02-25,248.0,250.0,244.91,247.04
AAPL,2025-02-26,244.33,244.899,239.13,240.36
AAPL,2025-02-27,239.41,242.46,237.06,237.38
AAPL,2025-02-28,236.95,242.09,230.2,241.395
AAPL,2025-03-03,241.79,244.027,236.112,238.03
AAPL,2025-03-04,237.705,240.07,234.68,235.93
AAPL,2025-03-05,235.42,236.55,229.23,235.74
AAPL,2025-03-06,234.435,237.83,233.33,235.32
AAPL,2025-03-07,235.185,241.37,234.82,239.07
AAPL,2025-03-10,235.54,236.15,224.22,227.55
AAPL,2025-03-11,223.805,225.825,217.45,220.755
AAPL,2025-03-12,220.14,221.75,214.91,216.98
AAPL,2025-03-13,215.95,216.78,208.42,209.68
AAPL,2025-03-14,211.25,213.95,209.58,213.38
AAPL,2025-03-17,213.31,215.22,210.01,214.15
AAPL,2025-03-18,214.16,215.15,211.49,212.69
AAPL,2025-03-19,214.22,218.73,213.75,215.255
AAPL,2025-03-20,213.99,217.49,212.22,214.1
AAPL,2025-03-21,211.56,218.84,211.28,218.27
AAPL,2025-03-24,221.0,221.48,218.58,220.73
AAPL,2025-03-25,220.77,224.1,220.08,223.75
AAPL,2025-03-26,223.51,225.02,220.47,221.53
AAPL,2025-03-27,221.39,224.99,220.6,223.85
AAPL,2025-03-28,221.67,223.81,217.68,217.9
AAPL,2025-03-31,217.005,225.62,216.23,222.07
AAPL,2025-04-01,219.805,223.68,218.9,223.19
AAPL,2025-04-02,221.315,225.19,221.08,223.89
AAPL,2025-04-03,205.54,207.49,201.25,203.018
AAPL,2025-04-04,193.915,199.88,187.34,188.4
AAPL,2025-04-07,177.2,194.15,174.78,181.46
AAPL,2025-04-08,186.7,190.335,169.21,172.42
AAPL,2025-04-09,171.95,200.61,171.95,198.93
AAPL,2025-04-10,189.065,194.77,183.0,190.42
AAPL,2025-04-11,186.29,199.54,186.06,198.15
AAPL,2025-04-14,211.44,212.91,201.162,202.52
AAPL,2025-04-15,201.855,203.51,200.01,202.14
AAPL,2025-04-16,198.36,200.7,192.37,194.27
AAPL,2025-04-17,197.15,198.833,194.42,196.935
AAPL,2025-04-21,193.265,193.8,189.811,193.16
AAPL,2025-04-22,196.12,201.59,195.97,199.74
AAPL,2025-04-23,206.0,208.0,202.799,204.22
AAPL,2025-04-24,204.89,208.83,203.04,208.37
AAPL,2025-04-25,206.365,209.75,206.35,209.28
AAPL,2025-04-28,210.0,211.5,207.46,210.14
AAPL,2025-04-29,208.693,212.24,208.37,211.21
AAPL,2025-04-30,209.25,213.58,206.695,212.39
AAPL,2025-05-01,209.08,214.56,208.9,213.32
AAPL,2025-05-02,206.09,206.99,202.3,205.35
AAPL,2025-05-05,203.1,204.1,198.21,198.89
AAPL,2025-05-06,198.21,200.65,197.02,198.51
AAPL,2025-05-07,199.17,199.44,193.25,196.25
AAPL,2025-05-08,197.72,200.05,194.68,197.49
AAPL,2025-05-09,199.0,200.54,197.535,198.53
AAPL,2025-05-12,210.97,211.268,206.92,210.79
AAPL,2025-05-13,210.43,213.4,209.0,212.93
AAPL,2025-05-14,212.43,213.93,210.58,212.33
AAPL,2025-05-15,210.95,212.96,209.55,211.33
AAPL,2025-05-16,212.36,212.57,209.78,211.252
AAPL,2025-05-19,207.91,209.48,204.26,208.78
AAPL,2025-05-20,207.67,208.47,205.03,206.86
AAPL,2025-05-21,205.17,207.04,200.71,202.09
AAPL,2025-05-22,200.715,202.75,199.7,201.36
AAPL,2025-05-23,193.75,197.7,193.46,195.27
AAPL,2025-05-27,198.3,200.74,197.43,200.21
AAPL,2025-05-28,200.59,202.73,199.9,200.42
AAPL,2025-05-29,203.575,203.81,198.51,199.95
AAPL,2025-05-30,199.37,201.96,196.78,200.73
AAPL,2025-06-02,200.28,202.13,200.12,201.7
AAPL,2025-06-03,201.35,203.77,200.955,203.27
AAPL,2025-06-04,202.91,206.24,202.1,202.82
AAPL,2025-06-05,203.5,204.75,200.15,200.63
AAPL,2025-06-06,203.0,205.7,202.05,203.92
AAPL,2025-06-09,204.39,206.0,200.02,201.45
AAPL,2025-06-10,200.6,204.35,200.57,202.67
AAPL,2025-06-11,203.5,204.49,198.41,198.78
AAPL,2025-06-12,199.08,199.68,197.36,199.175
AAPL,2025-06-13,199.73,200.36,195.7,196.45
AAPL,2025-06-16,197.3,198.685,196.564,198.42
AAPL,2025-06-17,197.2,198.39,195.21,195.64
AAPL,2025-06-18,195.94,197.57,195.07,196.58
AAPL,2025-06-20,198.235,201.7,196.855,201.0
AAPL,2025-06-23,201.625,202.298,198.96,201.5
AAPL,2025-06-24,202.59,203.44,200.2,200.3
AAPL,2025-06-25,201.45,203.67,200.62,201.56
AAPL,2025-06-26,201.43,202.64,199.46,201.0
AAPL,2025-06-27,201.89,203.22,200.0,201.06
AAPL,2025-06-30,202.01,207.39,199.261,205.17
AAPL,2025-07-01,206.665,210.186,206.14,207.82
AAPL,2025-07-02,208.91,213.34,208.14,212.44
AAPL,2025-07-03,212.145,214.65,211.81,213.55
AAPL,2025-07-07,212.68,216.23,208.8,209.95
AAPL,2025-07-08,210.1,211.43,208.46,210.01
AAPL,2025-07-09,209.53,211.33,207.22,211.14
AAPL,2025-07-10,210.505,213.48,210.03,212.438
AAPL,2025-07-11,211.16,211.16,211.16,211.16
AAPL,2025-07-14,209.925,210.91,207.54,208.62
AAPL,2025-07-15,209.22,211.89,208.92,209.11
AAPL,2025-07-16,210.295,212.4,208.64,210.16
AAPL,2025-07-17,210.57,211.8,209.59,210.02
AAPL,2025-07-18,210.87,211.79,209.704,211.18
AAPL,2025-07-21,212.1,215.78,211.63,212.48
AAPL,2025-07-22,213.14,214.95,212.23,214.4
AAPL,2025-07-23,215.0,215.15,212.41,214.293
AAPL,2025-07-24,213.9,215.69,213.54,213.76
AAPL,2025-07-25,214.7,215.24,213.4,213.88
AAPL,2025-07-28,214.03,214.845,213.06,214.05
AAPL,2025-07-29,214.175,214.81,210.82,211.36
AAPL,2025-07-30,211.895,212.39,207.72,209.069
AAPL,2025-07-31,208.49,209.84,207.16,207.57
AAPL,2025-08-01,210.865,213.57,201.5,202.27
AAPL,2025-08-04,204.505,207.88,201.675,203.35
AAPL,2025-08-05,203.4,205.34,202.16,202.92
AAPL,2025-08-06,205.63,215.38,205.59,213.275
AAPL,2025-08-07,218.875,220.85,216.58,220.03
AAPL,2025-08-08,220.83,231.0,219.25,229.35
AAPL,2025-08-11,227.92,229.56,224.76,227.27
AAPL,2025-08-12,228.005,230.8,227.07,229.65
AAPL,2025-08-13,231.07,235.0,230.43,233.33
AAPL,2025-08-14,234.055,235.12,230.85,232.827
AAPL,2025-08-15,234.0,234.28,229.335,231.59
AAPL,2025-08-18,231.7,233.12,230.11,230.89
AAPL,2025-08-19,231.275,232.87,229.35,230.56
AAPL,2025-08-20,229.98,230.47,225.77,226.01
AAPL,2025-08-21,226.27,226.52,223.78,224.9
AAPL,2025-08-22,226.17,229.09,225.41,227.76
AAPL,2025-08-25,226.48,229.3,226.23,227.16
AAPL,2025-08-26,226.87,229.49,224.69,229.31
AAPL,2025-08-27,228.61,230.9,228.51,230.49
AAPL,2025-08-28,230.82,233.41,229.335,232.56
AAPL,2025-08-29,232.51,233.38,231.37,232.14
AAPL,2025-09-02,229.25,230.85,226.98,229.72
AAPL,2025-09-03,237.21,238.49,234.36,238.49
AAPL,2025-09-04,238.45,239.9,236.74,239.78
AAPL,2025-09-05,239.995,241.32,238.49,239.669
AAPL,2025-09-08,239.3,240.15,236.34,237.927
AAPL,2025-09-09,237.0,238.781,233.36,234.35
AAPL,2025-09-10,232.185,232.42,225.95,226.81
AAPL,2025-09-11,226.875,230.45,226.65,230.02
AAPL,2025-09-12,229.22,234.51,229.02,234.07
AAPL,2025-09-15,237.0,238.19,235.03,236.749
AAPL,2025-09-16,237.175,241.22,236.324,238.161
AAPL,2025-09-17,238.97,240.1,237.73,238.95
AAPL,2025-09-18,239.97,241.2,236.65,237.85
AAPL,2025-09-19,241.225,246.3,240.211,245.5
AAPL,2025-09-22,248.3,256.64,248.12,256.099
AAPL,2025-09-23,255.875,257.34,253.58,254.499
AAPL,2025-09-24,255.22,255.74,251.04,252.31
AAPL,2025-09-25,253.205,257.17,251.714,256.87
AAPL,2025-09-26,254.095,257.6,253.78,255.46
AAPL,2025-09-29,254.56,254.95,253.01,254.38
AAPL,2025-09-30,254.855,255.919,253.11,254.63
AAPL,2025-10-01,255.04,258.79,254.93,255.45
AAPL,2025-10-02,256.575,258.18,254.15,257.13
AAPL,2025-10-03,254.665,259.24,253.95,258.049
AAPL,2025-10-06,257.99,259.07,255.05,256.69
AAPL,2025-10-07,256.805,257.4,255.43,256.48
AAPL,2025-10-08,256.52,258.52,256.11,258.06
AAPL,2025-10-09,257.805,258.0,253.14,254.04
AAPL,2025-10-10,254.94,256.38,244.0,245.27
AAPL,2025-10-13,249.38,249.69,245.56,247.66
AAPL,2025-10-14,246.6,248.845,244.7,247.86
AAPL,2025-10-15,249.485,251.82,247.47,249.415
AAPL,2025-10-16,248.25,249.04,245.13,247.45
AAPL,2025-10-17,248.02,253.38,247.27,252.29
AAPL,2025-10-20,255.885,264.375,255.63,262.24
AAPL,2025-10-21,261.88,265.29,261.83,262.77
AAPL,2025-10-22,258.45,258.45,255.43,258.45
AAPL,2025-10-23,259.94,260.62,258.0101,259.57
AAPL,2025-10-24,261.19,264.13,259.18,262.82
AAPL,2025-10-27,264.88,269.12,264.6501,268.81
AAPL,2025-10-28,268.985,269.89,268.15,269.0
AAPL,2025-10-29,269.275,271.41,267.11,269.83
AAPL,2025-10-30,271.99,274.14,268.48,271.46
AAPL,2025-10-31,276.99,277.32,269.16,270.37
AAPL,2025-11-03,270.42,270.85,266.2568,269.04
AAPL,2025-11-04,268.325,271.486,267.615,270.04
AAPL,2025-11-05,268.61,271.7,266.93,270.14
AAPL,2025-11-06,267.89,273.4,267.89,269.77
AAPL,2025-11-07,269.795,272.29,266.77,268.47
AAPL,2025-11-10,268.96,273.73,267.455,269.4
AAPL,2025-11-11,269.81,275.91,269.8,275.38
AAPL,2025-11-12,275.0,275.73,271.7,273.3
AAPL,2025-11-13,274.11,276.699,272.09,272.95
AAPL,2025-11-14,271.05,275.96,269.6,272.6
AAPL,2025-11-17,268.815,270.49,265.73,267.47
AAPL,2025-11-18,269.99,270.71,265.32,267.425
AAPL,2025-11-19,265.525,272.21,265.5,268.5201
AAPL,2025-11-20,270.83,275.43,265.92,266.33
AAPL,2025-11-21,265.95,273.33,265.67,271.5
AAPL,2025-11-24,270.9,277.0,270.9,275.8
AAPL,2025-11-25,275.27,280.38,275.25,276.97
AAPL,2025-11-26,276.96,279.515,276.63,277.55
AAPL,2025-11-28,277.26,279.0,275.9865,278.85
AAPL,2025-12-01,278.01,283.42,276.14,283.1
AAPL,2025-12-02,283.0,287.4,282.6301,286.19
AAPL,2025-12-03,286.2,288.62,283.3,284.17
AAPL,2025-12-04,284.095,284.73,278.59,280.48
AAPL,2025-12-05,280.54,281.14,278.05,278.78
AAPL,2025-12-08,278.13,279.6693,276.15,277.99
AAPL,2025-12-09,278.16,280.03,276.92,277.18
AAPL,2025-12-10,277.75,279.75,276.44,278.64
AAPL,2025-12-11,279.095,279.59,273.81,278.03
AAPL,2025-12-12,277.9,279.22,276.82,278.28
AAPL,2025-12-15,280.15,280.15,272.84,274.115
AAPL,2025-12-16,272.82,275.5,271.79,274.46
AAPL,2025-12-17,275.01,276.16,271.64,271.84
AAPL,2025-12-18,273.605,273.63,266.95,272.16
AAPL,2025-12-19,272.145,274.5763,269.9,273.71
AAPL,2025-12-22,272.86,273.88,270.505,270.83
AAPL,2025-12-23,270.84,272.5,269.56,272.36
AAPL,2025-12-24,272.34,275.43,272.195,273.82
AAPL,2025-12-26,274.16,275.37,272.86,273.4
AAPL,2025-12-29,272.69,274.36,272.35,273.76
AAPL,2025-12-30,272.81,274.08,272.28,273.04
AAPL,2025-12-31,273.06,273.68,271.75,271.86
AAPL,2026-01-02,272.255,277.84,269.0,271.01
AAPL,2026-01-05,270.64,271.51,266.15,267.27
AAPL,2026-01-06,267.0,267.55,262.12,262.22
AAPL,2026-01-07,263.2,263.68,259.81,260.35
AAPL,2026-01-08,257.02,259.29,255.7,259.04
AAPL,2026-01-09,259.075,260.21,256.22,259.31
AAPL,2026-01-12,259.16,261.3,256.8,260.25
AAPL,2026-01-13,258.72,261.81,258.39,261.05
AAPL,2026-01-14,259.49,261.82,256.71,259.96
AAPL,2026-01-15,260.65,261.04,257.05,258.21
AAPL,2026-01-16,257.9,258.9,254.94,255.517
AAPL,2026-01-20,252.73,254.79,243.42,246.72
AAPL,2026-01-21,248.7,251.56,245.18,247.63
AAPL,2026-01-22,249.2,251.0,248.17,248.32
AAPL,2026-01-23,247.32,249.41,244.68,247.983
AAPL,2026-01-26,251.48,256.56,249.8,255.41
AAPL,2026-01-27,259.17,261.95,258.21,258.27
AAPL,2026-01-28,257.65,258.855,254.51,256.44
AAPL,2026-01-29,258.0,259.65,254.41,258.175
AAPL,2026-01-30,255.165,261.8999,252.18,259.48
AAPL,2026-02-02,260.03,270.49,259.205,269.955
AAPL,2026-02-03,269.2,271.875,267.61,269.49
AAPL,2026-02-04,272.285,278.95,272.285,276.37
AAPL,2026-02-05,278.13,279.5,273.28,275.9
AAPL,2026-02-06,277.12,280.905,276.935,278.03
AAPL,2026-02-09,277.905,278.2,271.7,274.44
AAPL,2026-02-10,274.885,275.37,272.94,273.79
AAPL,2026-02-11,274.695,280.18,274.45,275.49
AAPL,2026-02-12,275.59,275.7,260.18,261.59
AAPL,2026-02-13,262.01,262.17,255.45,255.805
COIN,2023-01-03,36.49,36.93,33.3709,33.6
COIN,2023-01-04,34.59,38.5,34.54,37.7
COIN,2023-01-05,34.71,35.26,32.75,33.53
COIN,2023-01-06,33.67,33.75,31.55,33.26
COIN,2023-01-09,35.19,39.38,34.72,38.27
COIN,2023-01-10,37.76,43.29,37.74,43.23
COIN,2023-01-11,41.96,43.84,40.6304,43.79
COIN,2023-01-12,45.145,47.65,41.67,47.55
COIN,2023-01-13,46.24,50.63,45.38,49.98
COIN,2023-01-17,53.31,54.98,50.7,54.14
COIN,2023-01-18,54.22,57.3292,50.0,50.21
COIN,2023-01-19,49.2101,51.0,47.92,49.42
COIN,2023-01-20,50.38,55.19,48.8,55.16
COIN,2023-01-23,55.0,56.69,53.21,55.96
COIN,2023-01-24,54.202,56.47,53.3412,53.555
COIN,2023-01-25,51.5,53.408,49.6,52.76
COIN,2023-01-26,56.06,56.1,51.9655,53.02
COIN,2023-01-27,52.94,62.29,52.41,61.37
COIN,2023-01-30,60.01,61.86,55.6715,56.16
COIN,2023-01-31,57.7,60.44,55.91,58.48
COIN,2023-02-01,59.08,66.215,56.65,65.7
COIN,2023-02-02,68.46,85.54,68.31,81.46
COIN,2023-02-03,73.72,87.63,73.02,74.63
COIN,2023-02-06,73.18,75.98,70.52,74.59
COIN,2023-02-07,73.43,73.4801,67.3,71.42
COIN,2023-02-08,70.83,73.97,68.3,69.44
COIN,2023-02-09,68.49,68.93,59.0,59.63
COIN,2023-02-10,58.255,61.7384,55.97,57.09
COIN,2023-02-13,55.52,57.0899,53.66,56.4
COIN,2023-02-14,56.33,61.08,55.0319,59.03
COIN,2023-02-15,60.21,69.46,59.46,69.34
COIN,2023-02-16,65.9,73.3,63.91,65.59
COIN,2023-02-17,64.94,67.9,61.51,65.2
COIN,2023-02-21,63.32,66.87,61.85,62.07
COIN,2023-02-22,62.5,67.48,57.35,61.18
COIN,2023-02-23,63.96,64.6473,59.8908,62.36
COIN,2023-02-24,60.88,61.59,56.8,58.44
COIN,2023-02-27,59.94,60.9696,58.1701,58.96
COIN,2023-02-28,59.675,67.5,59.4201,64.83
COIN,2023-03-01,65.3,66.79,63.09,64.67
COIN,2023-03-02,61.07,63.9,57.5,63.7
COIN,2023-03-03,61.64,65.56,61.3822,64.51
COIN,2023-03-06,64.6,69.82,62.64,62.77
COIN,2023-03-07,62.8,64.66,60.59,61.89
COIN,2023-03-08,61.2,65.4638,60.3509,63.01
COIN,2023-03-09,62.39,64.12,57.21,58.09
COIN,2023-03-10,56.39,56.41,51.57,53.44
COIN,2023-03-13,54.705,61.1,50.77,59.17
COIN,2023-03-14,65.45,66.21,61.1,62.65
COIN,2023-03-15,61.9,66.29,61.18,64.47
COIN,2023-03-16,64.4,68.62,63.12,67.78
COIN,2023-03-17,70.52,76.8,69.1,74.98
COIN,2023-03-20,76.76,77.06,72.87,75.14
COIN,2023-03-21,76.24,85.05,75.77,83.99
COIN,2023-03-22,84.25,85.38,76.86,77.14
COIN,2023-03-23,61.85,70.0,61.505,66.3
COIN,2023-03-24,64.18,68.73,63.53,67.83
COIN,2023-03-27,67.2,67.6,60.51,62.54
COIN,2023-03-28,62.32,64.05,61.11,63.04
COIN,2023-03-29,65.42,68.63,63.77,65.3
COIN,2023-03-30,66.53,67.17,63.6825,64.16
COIN,2023-03-31,64.7,68.5687,63.93,67.57
COIN,2023-04-03,66.01,68.3299,62.7,63.61
COIN,2023-04-04,64.66,65.4,60.9501,62.54
COIN,2023-04-05,62.54,63.05,59.22,60.78
COIN,2023-04-06,59.57,62.74,58.2,61.44
COIN,2023-04-10,61.37,66.19,59.66,66.13
COIN,2023-04-11,68.09,72.6075,67.24,70.19
COIN,2023-04-12,70.77,72.02,66.23,67.84
COIN,2023-04-13,69.89,72.53,68.05,68.95
COIN,2023-04-14,69.3,71.7,67.87,69.91
COIN,2023-04-17,67.12,68.05,64.9,67.72
COIN,2023-04-18,70.385,71.79,66.55,67.26
COIN,2023-04-19,64.362,65.9385,63.4,64.44
COIN,2023-04-20,63.23,65.33,60.17,60.5
COIN,2023-04-21,61.08,61.45,58.705,59.04
COIN,2023-04-24,58.96,59.09,54.08,54.75
COIN,2023-04-25,55.71,56.09,53.624,55.55
COIN,2023-04-26,59.51,59.51,53.6,53.89
COIN,2023-04-27,54.67,55.7227,53.58,54.17
COIN,2023-04-28,53.65,54.52,52.17,53.79
COIN,2023-05-01,53.17,54.38,48.45,50.14
COIN,2023-05-02,50.2,52.14,48.26,51.32
COIN,2023-05-03,50.15,51.6,48.31,48.49
COIN,2023-05-04,48.72,50.47,47.6501,49.22
COIN,2023-05-05,54.045,58.58,53.75,58.24
COIN,2023-05-08,55.9,58.8,54.61,58.1
COIN,2023-05-09,57.9,60.24,56.59,60.21
COIN,2023-05-10,61.45,63.75,59.89,62.64
COIN,2023-05-11,62.41,63.11,59.77,60.35
COIN,2023-05-12,60.89,61.13,56.77,57.34
COIN,2023-05-15,58.4,61.3,57.2,60.77
COIN,2023-05-16,58.68,60.1099,57.1433,57.88
COIN,2023-05-17,57.49,61.305,57.3,61.04
COIN,2023-05-18,60.47,61.7,58.6,60.26
COIN,2023-05-19,60.57,61.47,56.59,56.78
COIN,2023-05-22,56.89,61.1,55.9,61.07
COIN,2023-05-23,61.0,63.25,58.67,59.1
COIN,2023-05-24,57.78,58.97,56.6,58.36
COIN,2023-05-25,58.56,59.14,55.88,56.87
COIN,2023-05-26,56.86,58.91,56.63,56.92
COIN,2023-05-30,60.1,63.38,59.23,61.17
COIN,2023-05-31,59.3,62.59,59.212,62.2
COIN,2023-06-01,61.8,66.3599,60.67,63.57
COIN,2023-06-02,65.11,65.2236,62.0011,64.55
COIN,2023-06-05,63.38,64.4431,55.81,58.705
COIN,2023-06-06,47.1,52.38,46.43,51.61
COIN,2023-06-07,53.285,54.0,51.7,53.26
COIN,2023-06-08,52.21,55.05,51.9647,54.9
COIN,2023-06-09,55.0,57.4199,52.4827,53.28
COIN,2023-06-12,52.53,52.93,50.1,50.56
COIN,2023-06-13,51.8,52.66,50.52,52.4
COIN,2023-06-14,52.81,54.79,51.56,53.9
COIN,2023-06-15,52.71,54.58,50.93,54.25
COIN,2023-06-16,55.41,56.28,53.9,55.59
COIN,2023-06-20,55.9,57.94,53.63,57.09
COIN,2023-06-21,58.9,59.24,56.8201,58.1
COIN,2023-06-22,58.98,59.28,55.1,57.49
COIN,2023-06-23,56.85,61.89,55.75,61.47
COIN,2023-06-26,64.7825,66.16,61.0,61.94
COIN,2023-06-27,63.8,70.3725,62.84,69.89
COIN,2023-06-28,69.0,74.3107,69.0,70.75
COIN,2023-06-29,72.03,74.1781,70.8294,72.43
COIN,2023-06-30,73.8,74.97,68.15,71.55
COIN,2023-07-03,73.2,80.845,73.01,79.93
COIN,2023-07-05,76.9,79.93,76.16,78.35
COIN,2023-07-06,78.05,78.4625,74.52,78.1
COIN,2023-07-07,78.15,81.19,77.6202,78.72
COIN,2023-07-10,79.08,81.37,76.55,81.21
COIN,2023-07-11,80.49,92.15,80.49,89.15
COIN,2023-07-12,89.0,89.07,84.45,85.95
COIN,2023-07-13,85.345,109.21,83.42,107.0
COIN,2023-07-14,106.68,114.43,101.22,105.31
COIN,2023-07-17,104.57,109.48,103.5,105.55
COIN,2023-07-18,104.5,109.85,101.9,104.59
COIN,2023-07-19,107.31,111.063,105.081,110.15
COIN,2023-07-20,109.26,111.88,100.37,101.26
COIN,2023-07-21,102.57,104.334,98.71,100.82
COIN,2023-07-24,99.23,100.39,95.7001,98.85
COIN,2023-07-25,99.34,102.59,97.63,97.68
COIN,2023-07-26,97.37,101.32,97.2774,99.75
COIN,2023-07-27,102.59,102.725,91.8,92.69
COIN,2023-07-28,94.8,96.92,93.55,94.76
COIN,2023-07-31,94.75,100.2,94.59,98.61
COIN,2023-08-01,95.88,95.95,89.23,94.15
COIN,2023-08-02,91.45,95.4111,88.05,90.43
COIN,2023-08-03,89.0,93.44,88.46,90.75
COIN,2023-08-04,89.0,94.29,86.7,87.31
COIN,2023-08-07,87.2,87.3,82.0901,85.96
COIN,2023-08-08,87.09,88.985,84.55,88.04
COIN,2023-08-09,88.53,88.9,84.08,84.34
COIN,2023-08-10,85.0,88.49,82.51,83.39
COIN,2023-08-11,82.06,83.48,80.47,81.01
COIN,2023-08-14,80.04,81.99,78.91,80.81
COIN,2023-08-15,81.15,83.1,79.1101,79.18
COIN,2023-08-16,82.51,82.85,77.8,79.0
COIN,2023-08-17,78.38,79.1846,75.4,75.56
COIN,2023-08-18,72.34,75.25,72.25,73.19
COIN,2023-08-21,73.25,76.0299,72.1014,75.28
COIN,2023-08-22,76.69,77.46,74.02,74.9
COIN,2023-08-23,74.35,78.17,74.07,77.78
COIN,2023-08-24,77.76,78.0372,73.38,73.66
COIN,2023-08-25,74.32,75.59,72.41,74.26
COIN,2023-08-28,74.57,74.71,73.05,73.71
COIN,2023-08-29,73.5,86.26,73.17,84.7
COIN,2023-08-30,83.56,86.5,82.5743,83.83
COIN,2023-08-31,84.43,84.57,78.9,79.6
COIN,2023-09-01,80.0,80.35,77.15,77.99
COIN,2023-09-05,78.0,79.29,76.28,77.5
COIN,2023-09-06,77.38,79.97,76.75,78.04
COIN,2023-09-07,76.2682,82.07,75.4564,81.79
COIN,2023-09-08,81.64,82.69,80.35,82.09
COIN,2023-09-11,82.0,83.2,77.79,80.62
COIN,2023-09-12,82.015,86.36,80.54,81.32
COIN,2023-09-13,81.89,83.15,79.6197,79.86
COIN,2023-09-14,81.67,84.1,81.26,83.45
COIN,2023-09-15,82.74,83.32,79.95,82.15
COIN,2023-09-18,83.8,84.3489,81.22,81.61
COIN,2023-09-19,82.15,82.4,77.77,78.13
COIN,2023-09-20,78.62,80.59,76.56,76.67
COIN,2023-09-21,74.38,75.1899,72.8601,74.42
COIN,2023-09-22,75.49,75.95,70.81,70.96
COIN,2023-09-25,69.91,72.36,69.63,71.75
COIN,2023-09-26,71.74,73.09,69.71,70.52
COIN,2023-09-27,72.72,73.48,69.95,71.52
COIN,2023-09-28,72.59,77.13,71.51,75.16
COIN,2023-09-29,76.75,77.4999,74.57,75.08
COIN,2023-10-02,78.55,79.9494,74.4,75.31
COIN,2023-10-03,74.34,75.65,71.75,72.48
COIN,2023-10-04,73.2,74.11,70.41,73.47
COIN,2023-10-05,73.53,75.48,72.1,74.62
COIN,2023-10-06,72.475,78.95,72.3183,78.46
COIN,2023-10-09,76.52,80.06,76.5,79.1
COIN,2023-10-10,79.0,82.0699,77.9728,79.62
COIN,2023-10-11,79.265,80.4899,75.6,77.35
COIN,2023-10-12,77.04,77.181,74.45,75.19
COIN,2023-10-13,75.0,75.19,72.1,73.43
COIN,2023-10-16,77.61,79.3,73.355,75.21
COIN,2023-10-17,74.8,79.12,74.5,77.46
COIN,2023-10-18,76.88,78.38,73.78,73.93
COIN,2023-10-19,74.28,76.165,72.72,73.1
COIN,2023-10-20,74.64,76.76,73.5,74.66
COIN,2023-10-23,75.5,80.73,72.42,77.21
COIN,2023-10-24,83.29,89.4,80.8891,82.07
COIN,2023-10-25,83.51,84.09,77.4,77.79
COIN,2023-10-26,77.2,79.16,73.15,74.61
COIN,2023-10-27,76.45,76.5,70.42,70.78
COIN,2023-10-30,72.045,74.08,71.88,73.6
COIN,2023-10-31,73.6,77.47,73.56,77.12
COIN,2023-11-01,77.42,79.41,75.87,77.81
COIN,2023-11-02,81.71,84.8,80.81,84.6
COIN,2023-11-03,83.79,88.34,82.05,85.8
COIN,2023-11-06,86.815,89.27,84.09,86.37
COIN,2023-11-07,86.2,89.49,84.3,89.07
COIN,2023-11-08,88.8,89.15,84.69,88.32
COIN,2023-11-09,92.9,99.82,91.3686,92.86
COIN,2023-11-10,94.4,96.2185,91.8,92.92
COIN,2023-11-13,91.78,93.2677,88.62,92.64
COIN,2023-11-14,94.91,95.32,89.79,92.09
COIN,2023-11-15,93.92,100.15,93.07,98.15
COIN,2023-11-16,97.68,97.89,94.45,96.92
COIN,2023-11-17,97.0,99.43,94.9,99.05
COIN,2023-11-20,100.71,106.46,100.01,106.1
COIN,2023-11-21,104.0,106.059,101.34,105.49
COIN,2023-11-22,106.17,109.99,103.36,109.25
COIN,2023-11-24,108.45,116.94,107.98,115.54
COIN,2023-11-27,112.58,121.46,112.183,119.77
COIN,2023-11-28,122.05,129.26,119.701,128.27
COIN,2023-11-29,127.82,131.42,126.3,127.82
COIN,2023-11-30,126.06,127.14,118.4,124.72
COIN,2023-12-01,126.39,134.33,125.88,133.76
COIN,2023-12-04,143.53,146.3,137.6,141.09
COIN,2023-12-05,140.0,147.86,139.176,140.2
COIN,2023-12-06,142.5,143.44,134.115,134.63
COIN,2023-12-07,131.02,138.48,130.17,136.19
COIN,2023-12-08,136.19,146.74,135.85,146.62
COIN,2023-12-11,141.5,142.87,135.985,138.02
COIN,2023-12-12,139.89,141.75,135.99,139.62
COIN,2023-12-13,139.62,150.65,137.15,150.46
COIN,2023-12-14,152.1,154.74,149.1,153.63
COIN,2023-12-15,151.81,151.92,146.84,147.9
COIN,2023-12-18,144.81,155.01,144.0,153.43
COIN,2023-12-19,155.5,162.09,153.61,161.16
COIN,2023-12-20,164.73,169.48,160.07,161.86
COIN,2023-12-21,166.71,170.17,163.1,168.03
COIN,2023-12-22,169.77,178.695,167.9,175.48
COIN,2023-12-26,174.8,178.12,169.05,172.05
COIN,2023-12-27,176.32,186.97,175.5,185.24
COIN,2023-12-28,179.31,187.39,177.75,186.36
COIN,2023-12-29,186.06,187.25,171.0,173.92
COIN,2024-01-02,173.023,175.57,155.35,156.88
COIN,2024-01-03,146.0,156.25,144.11,152.24
COIN,2024-01-04,152.5,161.28,148.806,155.6
COIN,2024-01-05,152.67,157.69,151.09,153.98
COIN,2024-01-08,157.8,161.379,146.51,159.42
COIN,2024-01-09,159.6,159.99,151.32,151.99
COIN,2024-01-10,149.21,153.473,143.15,151.29
COIN,2024-01-11,159.19,161.04,140.01,141.16
COIN,2024-01-12,137.19,141.07,130.37,130.78
COIN,2024-01-16,129.435,136.4,126.88,133.88
COIN,2024-01-17,130.51,134.26,129.41,133.86
COIN,2024-01-18,133.25,137.31,123.93,124.34
COIN,2024-01-19,124.34,124.82,118.02,124.75
COIN,2024-01-22,124.05,131.776,122.5,128.21
COIN,2024-01-23,122.41,126.145,120.33,124.19
COIN,2024-01-24,127.28,127.97,120.79,121.34
COIN,2024-01-25,122.38,124.26,118.92,121.01
COIN,2024-01-26,127.52,128.1,121.46,125.2
COIN,2024-01-29,127.09,136.889,125.796,132.82
COIN,2024-01-30,136.05,136.7,130.44,130.82
COIN,2024-01-31,129.09,135.55,127.57,128.2
COIN,2024-02-01,128.75,132.068,124.24,128.95
COIN,2024-02-02,126.9,130.13,125.55,129.22
COIN,2024-02-05,128.7,128.89,115.8,117.3
COIN,2024-02-06,118.61,120.895,115.9,119.79
COIN,2024-02-07,119.68,124.4,114.51,122.07
COIN,2024-02-08,127.218,133.05,125.81,132.55
COIN,2024-02-09,142.155,144.55,137.17,141.99
COIN,2024-02-12,141.1,150.35,140.985,147.31
COIN,2024-02-13,138.39,143.75,137.13,140.39
COIN,2024-02-14,151.83,161.125,150.4,160.38
COIN,2024-02-15,168.79,172.82,162.08,165.67
COIN,2024-02-16,189.05,193.64,178.8,180.31
COIN,2024-02-20,179.87,181.31,163.39,173.3
COIN,2024-02-21,164.25,168.09,161.19,162.41
COIN,2024-02-22,164.85,171.99,163.8,170.91
COIN,2024-02-23,167.38,170.0,160.66,165.98
COIN,2024-02-26,168.66,196.95,168.4,193.94
COIN,2024-02-27,205.18,209.94,192.09,199.22
COIN,2024-02-28,209.41,212.22,197.66,200.8
COIN,2024-02-29,206.46,211.31,193.88,203.56
COIN,2024-03-01,202.7,206.39,196.01,205.77
COIN,2024-03-04,217.39,236.46,212.247,229.15
COIN,2024-03-05,230.0,239.98,215.4,216.77
COIN,2024-03-06,229.2,239.9,223.03,238.55
COIN,2024-03-07,240.0,242.87,235.5,242.62
COIN,2024-03-08,246.0,270.548,244.9,256.62
COIN,2024-03-11,270.085,271.65,253.96,254.17
COIN,2024-03-12,257.835,260.79,242.09,256.14
COIN,2024-03-13,253.36,269.39,250.53,251.73
COIN,2024-03-14,245.0,248.27,227.24,233.67
COIN,2024-03-15,225.06,244.65,222.83,242.36
COIN,2024-03-18,238.61,244.05,230.21,239.62
COIN,2024-03-19,223.24,233.29,216.16,230.12
COIN,2024-03-20,231.38,256.96,228.8,256.88
COIN,2024-03-21,260.24,276.38,256.268,262.0
COIN,2024-03-22,254.24,260.725,249.55,255.51
COIN,2024-03-25,261.0,283.48,260.25,279.71
COIN,2024-03-26,280.12,280.83,266.69,266.81
COIN,2024-03-27,276.22,276.605,253.95,256.7
COIN,2024-03-28,260.21,270.79,257.91,265.12
COIN,2024-04-01,261.87,268.81,249.224,252.11
COIN,2024-04-02,238.1,248.125,235.99,245.84
COIN,2024-04-03,244.04,255.998,243.0,251.58
COIN,2024-04-04,260.15,261.5,249.46,249.61
COIN,2024-04-05,244.91,253.96,240.2,240.9
COIN,2024-04-08,252.859,261.63,249.68,256.99
COIN,2024-04-09,253.225,254.55,241.1,242.95
COIN,2024-04-10,238.24,251.265,234.12,250.99
COIN,2024-04-11,250.99,264.3,247.31,263.01
COIN,2024-04-12,259.42,259.97,244.31,245.75
COIN,2024-04-15,247.94,249.739,222.14,223.41
COIN,2024-04-16,223.0,223.0,205.67,218.83
COIN,2024-04-17,222.04,224.87,205.9,213.78
COIN,2024-04-18,215.57,228.05,213.25,218.08
COIN,2024-04-19,223.83,227.76,210.18,210.96
COIN,2024-04-22,216.79,227.14,215.033,225.86
COIN,2024-04-23,223.62,238.67,223.61,236.43
COIN,2024-04-24,236.83,239.0,223.87,224.37
COIN,2024-04-25,216.045,225.94,213.64,223.61
COIN,2024-04-26,220.77,237.02,218.66,236.32
COIN,2024-04-29,229.942,230.32,216.54,218.16
COIN,2024-04-30,214.35,216.57,202.59,203.93
COIN,2024-05-01,199.0,218.52,198.2,210.09
COIN,2024-05-02,216.48,232.71,210.76,228.85
COIN,2024-05-03,230.9,232.25,216.55,223.25
COIN,2024-05-06,225.84,235.8,224.9,226.93
COIN,2024-05-07,226.94,230.82,214.12,214.34
COIN,2024-05-08,209.5,214.9,206.525,211.2
COIN,2024-05-09,210.22,213.85,205.11,210.45
COIN,2024-05-10,214.5,214.87,200.5,200.92
COIN,2024-05-13,204.0,206.665,197.64,199.51
COIN,2024-05-14,195.96,206.967,194.93,203.05
COIN,2024-05-15,212.21,221.4,207.7,219.91
COIN,2024-05-16,215.0,216.45,198.64,199.17
COIN,2024-05-17,205.66,210.67,199.831,207.6
COIN,2024-05-20,207.96,226.26,203.72,225.19
COIN,2024-05-21,231.97,233.65,220.12,225.78
COIN,2024-05-22,225.01,238.77,221.209,231.51
COIN,2024-05-23,233.81,234.32,217.66,218.86
COIN,2024-05-24,221.0,237.79,220.05,237.65
COIN,2024-05-28,235.45,247.132,231.05,245.0
COIN,2024-05-29,239.02,240.49,233.18,236.65
COIN,2024-05-30,241.1,248.86,233.38,234.76
COIN,2024-05-31,239.28,240.41,219.17,225.92
COIN,2024-06-03,232.5,239.2,224.69,231.39
COIN,2024-06-04,230.23,247.2,230.156,244.2
COIN,2024-06-05,246.86,251.89,240.7,251.4
COIN,2024-06-06,250.0,263.8,248.75,257.08
COIN,2024-06-07,256.185,263.18,243.86,244.16
COIN,2024-06-10,241.11,253.43,239.53,249.83
COIN,2024-06-11,242.93,245.66,234.09,244.2
COIN,2024-06-12,251.8,263.26,250.58,254.97
COIN,2024-06-13,253.77,257.1,243.26,247.64
COIN,2024-06-14,246.16,250.25,237.065,244.5
COIN,2024-06-17,239.87,248.64,234.23,245.1
COIN,2024-06-18,238.25,242.8,234.6,235.95
COIN,2024-06-20,237.332,240.49,228.44,235.03
COIN,2024-06-21,227.0,228.252,220.71,226.17
COIN,2024-06-24,217.22,221.444,207.71,212.29
COIN,2024-06-25,217.0,222.88,213.22,221.84
COIN,2024-06-26,220.0,223.73,212.462,214.46
COIN,2024-06-27,217.6,225.762,216.32,224.0
COIN,2024-06-28,223.95,225.53,218.8,222.23
COIN,2024-07-01,226.0,236.039,224.042,233.37
COIN,2024-07-02,231.34,234.97,226.32,227.51
COIN,2024-07-03,223.81,227.11,222.22,224.94
COIN,2024-07-05,213.48,225.13,209.45,223.57
COIN,2024-07-08,226.51,226.51,217.75,220.56
COIN,2024-07-09,223.55,225.64,218.68,219.97
COIN,2024-07-10,221.64,223.333,215.135,219.56
COIN,2024-07-11,224.37,227.15,213.57,214.61
COIN,2024-07-12,215.34,222.15,214.57,218.05
COIN,2024-07-15,229.38,247.5,228.0,243.16
COIN,2024-07-16,243.19,252.12,234.2,251.45
COIN,2024-07-17,245.895,255.9,241.31,249.09
COIN,2024-07-18,251.21,253.87,230.57,233.24
COIN,2024-07-19,235.1,259.8,233.5,257.86
COIN,2024-07-22,260.47,266.0,252.842,265.15
COIN,2024-07-23,263.6,272.55,257.29,257.63
COIN,2024-07-24,261.0,265.0,243.75,245.125
COIN,2024-07-25,239.26,241.64,226.3,231.52
COIN,2024-07-26,243.34,249.16,237.56,242.93
COIN,2024-07-29,251.55,255.42,234.0,234.2
COIN,2024-07-30,235.62,238.4,223.03,224.46
COIN,2024-07-31,233.0,234.11,224.04,224.385
COIN,2024-08-01,226.6,227.1,207.82,212.65
COIN,2024-08-02,213.0,219.3,199.38,204.44
COIN,2024-08-05,162.01,197.88,161.13,189.47
COIN,2024-08-06,191.99,197.4,182.7,194.17
COIN,2024-08-07,196.8,199.952,177.39,178.91
COIN,2024-08-08,185.67,194.98,182.63,192.6
COIN,2024-08-09,191.29,199.07,189.78,196.29
COIN,2024-08-12,194.3,197.69,188.293,191.74
COIN,2024-08-13,193.13,201.1,191.87,197.94
COIN,2024-08-14,200.9,201.89,192.4,195.96
COIN,2024-08-15,198.52,205.07,196.2,197.13
COIN,2024-08-16,199.0,205.95,197.14,205.31
COIN,2024-08-19,203.335,207.49,200.35,204.46
COIN,2024-08-20,209.367,209.8,191.21,197.25
COIN,2024-08-21,197.16,207.0,195.11,206.23
COIN,2024-08-22,204.78,207.1,197.43,198.36
COIN,2024-08-23,200.97,211.92,200.0,211.4
COIN,2024-08-26,209.3,210.85,202.68,204.01
COIN,2024-08-27,201.84,202.5,194.1,198.3
COIN,2024-08-28,195.02,197.49,187.73,190.2
COIN,2024-08-29,194.0,196.5,187.6,188.28
COIN,2024-08-30,188.94,189.855,180.04,183.28
COIN,2024-09-03,182.51,182.7,168.07,169.17
COIN,2024-09-04,166.5,169.04,160.67,163.22
COIN,2024-09-05,161.62,166.37,158.12,159.67
COIN,2024-09-06,163.24,164.15,146.12,147.13
COIN,2024-09-09,151.27,157.4,150.06,155.05
COIN,2024-09-10,155.01,159.14,149.51,158.46
COIN,2024-09-11,153.56,158.84,149.99,157.215
COIN,2024-09-12,158.61,165.43,156.16,162.89
COIN,2024-09-13,162.24,168.93,161.59,163.05
COIN,2024-09-16,158.5,163.16,156.102,161.5
COIN,2024-09-17,164.14,167.67,160.5,162.45
COIN,2024-09-18,161.54,169.1,160.8,162.64
COIN,2024-09-19,172.0,175.39,167.0,168.14
COIN,2024-09-20,168.99,173.391,165.4,170.0
COIN,2024-09-23,171.3,173.567,168.7,170.22
COIN,2024-09-24,170.38,172.25,163.808,171.68
COIN,2024-09-25,170.3,173.935,166.88,167.08
COIN,2024-09-26,170.61,181.49,170.26,179.89
COIN,2024-09-27,183.07,192.45,179.7,191.23
COIN,2024-09-30,184.19,185.41,177.0,178.188
COIN,2024-10-01,178.72,178.9,160.0,165.01
COIN,2024-10-02,163.03,169.29,161.61,164.44
COIN,2024-10-03,162.83,166.41,161.41,163.1
COIN,2024-10-04,167.96,171.243,164.03,170.91
COIN,2024-10-07,172.0,176.148,166.892,168.96
COIN,2024-10-08,166.36,170.03,165.02,167.69
COIN,2024-10-09,167.7,172.49,165.78,166.97
COIN,2024-10-10,166.05,167.31,161.87,164.27
COIN,2024-10-11,165.54,179.18,165.22,176.38
COIN,2024-10-14,181.185,197.69,178.27,196.38
COIN,2024-10-15,195.68,204.9,188.39,196.35
COIN,2024-10-16,203.53,212.42,197.6,210.48
COIN,2024-10-17,209.2,209.45,201.15,204.2
COIN,2024-10-18,208.05,220.26,207.177,220.21
COIN,2024-10-21,215.4,216.86,208.13,213.72
COIN,2024-10-22,209.45,215.95,207.3,210.72
COIN,2024-10-23,206.3,209.7,194.6,198.93
COIN,2024-10-24,206.77,210.55,200.8,209.16
COIN,2024-10-25,208.3,213.67,203.4,205.04
COIN,2024-10-28,213.38,218.0,210.5,216.1
COIN,2024-10-29,220.905,223.9,216.11,219.67
COIN,2024-10-30,213.1,220.46,209.49,211.74
COIN,2024-10-31,203.73,206.0,178.82,179.25
COIN,2024-11-01,180.0,190.94,179.54,182.88
COIN,2024-11-04,180.09,186.95,176.38,186.27
COIN,2024-11-05,185.59,197.25,185.59,193.96
COIN,2024-11-06,221.586,257.68,221.586,254.23
COIN,2024-11-07,245.63,259.69,242.34,255.592
COIN,2024-11-08,257.67,273.5,257.15,270.74
COIN,2024-11-11,300.305,334.86,296.0,324.35
COIN,2024-11-12,310.05,327.0,306.1,319.13
COIN,2024-11-13,325.01,332.35,282.66,284.62
COIN,2024-11-14,291.1,292.565,274.301,278.84
COIN,2024-11-15,282.51,306.455,276.021,305.85
COIN,2024-11-18,301.835,329.59,288.5,325.41
COIN,2024-11-19,322.08,327.24,315.5,324.57
COIN,2024-11-20,332.25,341.28,303.802,320.01
COIN,2024-11-21,329.95,330.4,288.65,295.23
COIN,2024-11-22,294.885,311.37,290.8,304.64
COIN,2024-11-25,309.0,317.46,291.2,312.22
COIN,2024-11-26,298.26,309.2,289.125,293.29
COIN,2024-11-27,302.78,314.29,295.36,310.98
COIN,2024-11-29,311.95,316.3,295.81,296.2
COIN,2024-12-02,302.03,311.47,299.5,302.4
COIN,2024-12-03,297.2,314.43,296.65,309.35
COIN,2024-12-04,312.0,332.0,309.12,330.94
COIN,2024-12-05,343.36,349.493,315.17,320.57
COIN,2024-12-06,328.555,349.75,325.499,343.62
COIN,2024-12-09,339.91,340.16,309.68,310.52
COIN,2025-01-27,283.7,289.78,265.2,277.99
COIN,2025-01-28,280.495,284.84,276.0,281.82
COIN,2025-01-29,281.82,294.38,277.01,291.0
COIN,2025-01-30,293.715,306.0,293.02,301.3
COIN,2025-01-31,300.86,304.73,287.22,291.33
COIN,2025-02-03,272.98,288.76,269.3,284.41
COIN,2025-02-04,283.0,289.39,278.63,280.39
COIN,2025-02-05,283.61,285.76,274.56,275.14
COIN,2025-02-06,279.52,284.6,269.0,270.37
COIN,2025-02-07,274.045,282.57,271.75,274.49
COIN,2025-02-10,280.4,285.558,274.6,280.22
COIN,2025-02-11,277.55,279.0,265.83,266.9
COIN,2025-02-12,264.39,277.8,263.48,274.9
COIN,2025-02-13,284.0,302.4,282.5,298.11
COIN,2025-02-14,288.015,291.55,274.0,274.31
COIN,2025-02-18,278.8,279.18,260.5,264.63
COIN,2025-02-19,265.755,267.0,257.68,258.67
COIN,2025-02-20,260.66,262.25,250.37,256.59
COIN,2025-02-21,266.99,267.8,234.76,235.38
COIN,2025-02-24,239.14,240.24,224.24,227.22
COIN,2025-02-25,219.97,222.85,205.46,213.32
COIN,2025-02-26,212.63,218.57,207.99,212.96
COIN,2025-02-27,218.13,221.58,207.79,208.31
COIN,2025-02-28,205.27,216.44,201.15,215.64
COIN,2025-03-03,232.23,233.4,203.44,205.66
COIN,2025-03-04,200.235,218.94,193.09,212.5
COIN,2025-03-05,215.0,223.15,208.0,222.61
COIN,2025-03-06,214.51,226.6,213.0,214.19
COIN,2025-03-07,214.89,222.05,206.77,217.45
COIN,2025-03-10,205.075,206.84,176.85,179.28
COIN,2025-03-11,186.0,195.69,183.4,191.55
COIN,2025-03-12,195.13,199.2,183.88,191.73
COIN,2025-03-13,188.62,188.85,177.11,177.49
COIN,2025-03-14,183.81,186.73,179.17,183.12
COIN,2025-03-17,182.0,193.24,180.77,188.95
COIN,2025-03-18,184.71,186.49,178.97,181.14
COIN,2025-03-19,184.834,193.777,182.8,189.75
COIN,2025-03-20,185.888,193.93,185.888,190.38
COIN,2025-03-21,185.57,190.725,183.75,190.0
COIN,2025-03-24,197.575,203.25,194.415,203.04
COIN,2025-03-25,202.13,206.93,198.34,204.23
COIN,2025-03-26,203.0,206.0,192.291,193.95
COIN,2025-03-27,192.97,195.326,187.8,188.44
COIN,2025-03-28,185.72,186.72,172.99,173.93
COIN,2025-03-31,169.38,173.58,163.52,172.23
COIN,2025-04-01,172.82,176.05,168.84,174.52
COIN,2025-04-02,170.57,184.11,170.35,182.95
COIN,2025-04-03,168.54,172.0,164.65,170.785
COIN,2025-04-04,165.8,166.97,147.17,160.55
COIN,2025-04-07,146.042,167.21,142.58,157.27
COIN,2025-04-08,165.19,167.8,147.35,151.55
COIN,2025-04-09,150.08,183.9,150.08,177.09
COIN,2025-04-10,168.5,173.748,159.113,169.62
COIN,2025-04-11,171.45,178.0,167.02,175.5
COIN,2025-04-14,180.5,182.33,172.005,176.58
COIN,2025-04-15,177.74,179.76,172.3,175.57
COIN,2025-04-16,170.11,174.8,168.5,172.21
COIN,2025-04-17,172.6,177.5,171.3,175.03
COIN,2025-04-21,175.1,177.98,171.407,175.0
COIN,2025-04-22,178.78,193.49,178.4,190.0
COIN,2025-04-23,197.75,200.62,191.62,194.8
COIN,2025-04-24,193.4,204.21,193.1,203.87
COIN,2025-04-25,205.57,211.62,203.74,209.64
COIN,2025-04-28,208.2,208.78,197.42,205.29
COIN,2025-04-29,205.3,207.4,203.22,206.13
COIN,2025-04-30,199.62,203.04,195.55,203.03
COIN,2025-05-01,208.455,208.75,201.17,201.295
COIN,2025-05-02,204.75,209.0,202.39,204.93
COIN,2025-05-05,201.725,204.0,198.65,199.4
COIN,2025-05-06,195.1,198.76,193.34,196.89
COIN,2025-05-07,199.825,200.483,193.81,196.56
COIN,2025-05-08,205.305,210.47,202.81,206.5
COIN,2025-05-09,204.66,213.95,198.77,199.32
COIN,2025-05-12,208.94,213.58,205.64,207.22
COIN,2025-05-13,231.71,260.42,231.49,256.9
COIN,2025-05-14,256.855,264.49,253.55,263.41
COIN,2025-05-15,256.5,257.85,240.0,244.44
COIN,2025-05-16,250.0,270.45,248.83,266.46
COIN,2025-05-19,259.78,267.6,256.36,263.99
COIN,2025-05-20,265.12,265.36,257.249,261.38
COIN,2025-05-21,260.2,270.38,257.75,258.99
COIN,2025-05-22,265.13,277.01,263.51,271.95
COIN,2025-05-23,262.935,267.47,260.34,263.16
COIN,2025-05-27,269.025,270.08,264.67,266.298
COIN,2025-05-28,265.7,265.7,253.8,254.29
COIN,2025-05-29,258.72,258.94,246.76,248.84
COIN,2025-05-30,246.87,249.96,244.13,246.52
COIN,2025-06-02,247.46,249.86,240.91,246.72
COIN,2025-06-03,248.39,260.6,246.218,258.91
COIN,2025-06-04,257.525,261.57,254.34,256.0
COIN,2025-06-05,261.05,265.65,240.08,244.23
COIN,2025-06-06,250.525,256.17,249.78,251.27
COIN,2025-06-09,255.66,258.25,252.4,256.63
COIN,2025-06-10,258.875,262.4,251.63,254.94
COIN,2025-06-11,257.21,259.9,249.06,250.68
COIN,2025-06-12,246.515,247.75,239.346,241.05
COIN,2025-06-13,237.45,243.2,235.292,242.71
COIN,2025-06-16,247.765,263.3,245.32,261.57
COIN,2025-06-17,256.63,259.628,248.68,253.85
COIN,2025-06-18,254.0,299.32,251.88,295.29
COIN,2025-06-20,303.58,310.75,298.1,308.58
COIN,2025-06-23,302.075,314.25,294.56,307.59
COIN,2025-06-24,314.39,348.97,311.9,344.82
COIN,2025-06-25,360.595,369.28,343.62,355.37
COIN,2025-06-26,354.53,382.0,354.53,375.07
COIN,2025-06-27,369.54,372.5,346.66,353.297
COIN,2025-06-30,359.225,360.45,347.9,350.41
COIN,2025-07-01,339.98,353.396,334.04,335.33
COIN,2025-07-02,340.58,357.16,338.68,354.45
COIN,2025-07-03,350.345,357.87,348.5,355.8
COIN,2025-07-07,354.2,364.0,351.0,357.1
COIN,2025-07-08,362.75,368.79,348.0,354.82
COIN,2025-07-09,358.63,374.0,353.29,373.85
COIN,2025-07-10,372.405,389.16,369.0,388.96
COIN,2025-07-11,387.06,387.06,378.37,387.06
COIN,2025-07-14,392.495,398.5,388.58,394.01
COIN,2025-07-15,391.525,400.88,373.02,388.02
COIN,2025-07-16,392.8,405.88,391.46,398.2
COIN,2025-07-17,399.7,415.96,394.277,410.75
COIN,2025-07-18,419.82,444.645,406.54,419.78
COIN,2025-07-21,425.55,436.38,413.45,413.63
COIN,2025-07-22,419.1,420.98,394.37,404.44
COIN,2025-07-23,399.99,400.72,387.12,397.81
COIN,2025-07-24,404.25,405.308,392.0,396.7
COIN,2025-07-25,391.9,397.48,386.385,391.66
COIN,2025-07-28,394.615,395.39,375.26,379.49
COIN,2025-07-29,383.585,384.78,365.74,371.44
COIN,2025-07-30,382.95,386.58,372.71,377.48
COIN,2025-07-31,382.89,387.14,376.83,377.603
COIN,2025-08-01,335.14,337.582,310.55,314.81
COIN,2025-08-04,319.54,324.0,311.0,318.17
COIN,2025-08-05,307.11,312.85,297.2,297.99
COIN,2025-08-06,297.55,304.77,293.31,303.58
COIN,2025-08-07,311.23,317.94,306.98,310.79
COIN,2025-08-08,311.44,313.7,301.23,310.54
COIN,2025-08-11,322.1,333.66,319.383,319.631
COIN,2025-08-12,329.35,329.86,314.159,322.62
COIN,2025-08-13,328.21,345.39,321.53,327.01
COIN,2025-08-14,320.49,327.451,316.8,324.89
COIN,2025-08-15,322.85,323.4,314.56,317.55
COIN,2025-08-18,311.48,324.29,307.11,320.73
COIN,2025-08-19,320.69,322.59,301.45,302.07
COIN,2025-08-20,304.27,306.45,291.46,304.39
COIN,2025-08-21,301.415,305.0,297.8,300.28
COIN,2025-08-22,300.59,322.26,297.19,319.85
COIN,2025-08-25,312.175,315.59,305.1,306.0
COIN,2025-08-26,304.0,309.2,300.37,308.48
COIN,2025-08-27,307.21,312.41,306.69,308.894
COIN,2025-08-28,312.56,315.95,306.0,308.47
COIN,2025-08-29,306.19,308.22,301.5,304.54
COIN,2025-09-02,299.97,310.41,295.4,303.56
COIN,2025-09-03,305.01,308.371,301.15,302.31
COIN,2025-09-04,301.96,307.771,300.01,306.8
COIN,2025-09-05,313.85,315.74,292.56,299.07
COIN,2025-09-08,301.88,306.6,297.15,302.13
COIN,2025-09-09,303.77,319.391,303.6,318.78
COIN,2025-09-10,321.4,328.669,312.53,315.34
COIN,2025-09-11,319.0,326.0,315.53,323.95
COIN,2025-09-12,328.025,329.49,319.8,323.04
COIN,2025-09-15,322.87,328.44,320.965,327.02
COIN,2025-09-16,332.25,333.6,321.3,327.91
COIN,2025-09-17,325.96,328.49,311.3,320.5
COIN,2025-09-18,325.82,351.89,323.52,342.94
COIN,2025-09-19,342.76,349.7,337.66,342.62
COIN,2025-09-22,333.435,336.2,328.19,331.95
COIN,2025-09-23,333.38,335.677,317.7,320.07
COIN,2025-09-24,323.76,327.318,320.76,321.77
COIN,2025-09-25,314.33,317.99,304.36,306.69
COIN,2025-09-26,308.58,314.237,303.4,312.59
COIN,2025-09-29,318.01,334.38,316.35,333.99
COIN,2025-09-30,329.995,338.1,329.662,337.41
COIN,2025-10-01,343.26,349.865,340.5,346.17
COIN,2025-10-02,354.76,376.13,353.4,372.07
COIN,2025-10-03,373.35,383.5,370.03,380.02
COIN,2025-10-06,390.325,392.85,380.5015,386.07
COIN,2025-10-07,386.84,388.0,363.01,375.78
COIN,2025-10-08,378.62,390.49,375.635,387.27
COIN,2025-10-09,384.26,392.155,381.8,387.0
COIN,2025-10-10,387.66,402.16,351.63,357.01
COIN,2025-10-13,363.2,364.895,341.84,356.99
COIN,2025-10-14,340.85,353.5,334.77,341.4
COIN,2025-10-15,345.81,347.8285,333.1,336.21
COIN,2025-10-16,338.485,342.6999,328.71,330.25
COIN,2025-10-17,319.41,336.3,317.775,336.02
COIN,2025-10-20,342.21,354.06,338.75,343.78
COIN,2025-10-21,342.28,344.79,335.5,338.62
COIN,2025-10-22,320.33,320.33,310.4801,320.33
COIN,2025-10-23,323.0,328.39,318.5,322.76
COIN,2025-10-24,334.995,356.88,333.0,354.46
COIN,2025-10-27,362.82,373.25,357.3,361.43
COIN,2025-10-28,363.23,368.125,354.07,355.22
COIN,2025-10-29,357.425,360.0,345.21,348.56
COIN,2025-10-30,343.47,344.215,328.22,328.785
COIN,2025-10-31,336.0,361.4,334.43,343.43
COIN,2025-11-03,340.87,342.8,325.8801,330.42
COIN,2025-11-04,319.0,325.45,306.85,307.32
COIN,2025-11-05,315.885,324.14,310.8401,319.3
COIN,2025-11-06,316.5,316.6,294.72,295.22
COIN,2025-11-07,290.2,310.93,283.65,309.14
COIN,2025-11-10,323.02,324.79,311.66,317.93
COIN,2025-11-11,312.2,317.0899,303.59,304.01
COIN,2025-11-12,309.23,311.5,301.46,304.0
COIN,2025-11-13,301.66,303.96,279.83,283.16
COIN,2025-11-14,269.52,292.76,268.16,284.0
COIN,2025-11-17,274.92,277.83,258.22,263.95
COIN,2025-11-18,261.75,271.0,261.0,261.67
COIN,2025-11-19,261.865,262.8199,247.02,257.29
COIN,2025-11-20,259.98,263.63,236.0,238.08
COIN,2025-11-21,243.915,246.13,231.23,240.41
COIN,2025-11-24,244.68,257.95,243.0101,255.97
COIN,2025-11-25,247.755,254.37,240.74,254.12
COIN,2025-11-26,256.2,266.6225,253.8432,264.97
COIN,2025-11-28,274.005,279.87,269.2901,272.82
COIN,2025-12-01,260.525,265.9,252.2,259.84
COIN,2025-12-02,267.68,272.55,263.21,263.26
COIN,2025-12-03,268.0,277.5923,264.13,276.92
COIN,2025-12-04,273.6,284.24,271.26,274.05
COIN,2025-12-05,270.425,273.57,265.01,269.73
COIN,2025-12-08,272.805,276.63,269.5201,274.2
COIN,2025-12-09,270.63,284.74,266.83,277.36
COIN,2025-12-10,273.2,279.443,270.76,275.09
COIN,2025-12-11,266.9,271.16,258.72,269.02
COIN,2025-12-12,271.66,278.2,263.16,267.46
COIN,2025-12-15,267.99,268.5827,246.8,250.42
COIN,2025-12-16,253.56,257.0,250.32,252.59
COIN,2025-12-17,254.78,259.55,243.7,244.19
COIN,2025-12-18,253.095,255.41,239.1,239.18
COIN,2025-12-19,244.575,247.0,240.85,245.13
COIN,2025-12-22,251.68,254.87,247.43,247.9
COIN,2025-12-23,243.25,245.1999,238.8,242.3
COIN,2025-12-24,240.28,240.99,237.14,239.73
COIN,2025-12-26,240.4,240.49,232.8057,236.9
COIN,2025-12-29,234.36,239.89,232.78,233.77
COIN,2025-12-30,233.65,236.06,231.52,231.6
COIN,2025-12-31,231.22,232.39,225.47,226.14
COIN,2026-01-02,230.595,238.49,225.91,236.53
COIN,2026-01-05,247.105,258.88,246.53,254.88
COIN,2026-01-06,255.21,258.35,245.7426,250.5
COIN,2026-01-07,248.28,248.9399,240.25,245.93
COIN,2026-01-08,244.615,250.38,242.25,245.59
COIN,2026-01-09,246.07,246.9,237.15,240.78
COIN,2026-01-12,239.63,248.0,238.04,242.98
COIN,2026-01-13,245.5,255.51,244.65,252.69
COIN,2026-01-14,256.92,263.07,253.0,255.86
COIN,2026-01-15,250.59,251.2,237.4301,239.28
COIN,2026-01-16,239.485,243.19,236.14,241.15
COIN,2026-01-20,232.64,234.9,225.96,227.87
COIN,2026-01-21,228.76,231.45,222.4,226.93
COIN,2026-01-22,228.525,230.75,223.02,223.18
COIN,2026-01-23,222.745,222.745,215.72,216.95
COIN,2026-01-26,212.175,215.64,210.89,213.48
COIN,2026-01-27,213.48,213.555,207.77,210.83
COIN,2026-01-28,213.28,214.39,206.8,209.52
COIN,2026-01-29,206.815,207.0,194.21,199.32
COIN,2026-01-30,198.7,198.96,190.96,194.88
COIN,2026-02-02,189.805,190.9399,185.08,187.86
COIN,2026-02-03,188.68,188.68,174.05,179.66
COIN,2026-02-04,176.11,176.75,164.42,168.58
COIN,2026-02-05,160.43,165.0,145.16,146.06
COIN,2026-02-06,154.555,165.52,151.59,165.115
COIN,2026-02-09,160.095,167.57,159.01,167.25
COIN,2026-02-10,162.56,167.92,161.86,162.51
COIN,2026-02-11,157.7,158.1,148.85,153.2
COIN,2026-02-12,153.095,153.2,139.36,140.89
COIN,2026-02-13,153.7,167.65,146.16,164.28
GOOGL,2023-01-03,89.585,91.05,88.52,89.12
GOOGL,2023-01-04,90.35,90.65,87.271,88.08
GOOGL,2023-01-05,87.47,87.57,85.9,86.2
GOOGL,2023-01-06,86.79,87.69,84.86,87.34
GOOGL,2023-01-09,88.36,90.05,87.86,88.02
GOOGL,2023-01-10,85.98,88.67,85.83,88.42
GOOGL,2023-01-11,89.18,91.6,89.01,91.52
GOOGL,2023-01-12,91.48,91.87,89.75,91.13
GOOGL,2023-01-13,90.85,92.19,90.1299,92.12
GOOGL,2023-01-17,92.06,92.25,90.05,91.29
GOOGL,2023-01-18,92.14,92.7999,90.64,91.12
GOOGL,2023-01-19,90.72,93.605,90.63,93.05
GOOGL,2023-01-20,95.1,98.3,95.02,98.02
GOOGL,2023-01-23,97.95,100.04,97.5,99.79
GOOGL,2023-01-24,98.1,99.61,97.2,97.7
GOOGL,2023-01-25,95.57,96.162,93.76,95.22
GOOGL,2023-01-26,96.5,97.57,95.38,97.52
GOOGL,2023-01-27,97.31,100.32,97.31,99.37
GOOGL,2023-01-30,97.48,98.29,96.395,96.94
GOOGL,2023-01-31,96.87,98.88,96.82,98.84
GOOGL,2023-02-01,98.71,101.19,97.58,100.43
GOOGL,2023-02-02,105.8,107.85,105.61,107.74
GOOGL,2023-02-03,102.93,107.81,102.58,104.78
GOOGL,2023-02-06,102.4,104.36,101.88,102.9
GOOGL,2023-02-07,103.22,108.18,103.12,107.64
GOOGL,2023-02-08,102.05,103.14,98.035,99.37
GOOGL,2023-02-09,100.0,100.03,93.63,95.01
GOOGL,2023-02-10,95.45,96.75,94.25,94.57
GOOGL,2023-02-13,94.74,95.2,93.84,94.61
GOOGL,2023-02-14,94.43,94.845,92.26,94.68
GOOGL,2023-02-15,94.49,97.12,94.15,96.94
GOOGL,2023-02-16,95.37,97.68,94.74,95.51
GOOGL,2023-02-17,94.85,95.5599,93.21,94.35
GOOGL,2023-02-21,93.0,93.1,91.72,91.79
GOOGL,2023-02-22,91.7,92.11,90.61,91.65
GOOGL,2023-02-23,91.92,91.94,89.76,90.89
GOOGL,2023-02-24,89.44,89.89,88.575,89.13
GOOGL,2023-02-27,89.87,90.16,89.335,89.87
GOOGL,2023-02-28,89.33,91.23,89.32,90.06
GOOGL,2023-03-01,89.98,91.03,89.67,90.36
GOOGL,2023-03-02,89.66,92.275,89.59,92.0
GOOGL,2023-03-03,92.48,93.73,92.45,93.65
GOOGL,2023-03-06,94.015,95.97,94.0,95.13
GOOGL,2023-03-07,94.98,95.67,93.53,93.86
GOOGL,2023-03-08,94.12,95.955,94.0,94.25
GOOGL,2023-03-09,94.05,95.53,91.9,92.32
GOOGL,2023-03-10,92.17,92.79,90.395,90.63
GOOGL,2023-03-13,90.09,92.57,89.42,91.11
GOOGL,2023-03-14,92.56,94.36,92.44,93.97
GOOGL,2023-03-15,93.22,96.93,92.64,96.11
GOOGL,2023-03-16,96.2,101.19,95.5,100.32
GOOGL,2023-03-17,100.26,102.835,100.1,101.62
GOOGL,2023-03-20,100.12,101.75,99.87,101.22
GOOGL,2023-03-21,101.25,105.1,101.22,104.92
GOOGL,2023-03-22,104.27,106.59,103.33,103.37
GOOGL,2023-03-23,105.06,106.3,104.46,105.6
GOOGL,2023-03-24,104.99,105.49,103.84,105.44
GOOGL,2023-03-27,104.615,104.76,101.927,102.46
GOOGL,2023-03-28,102.44,102.45,99.74,101.03
GOOGL,2023-03-29,102.28,102.49,100.65,101.39
GOOGL,2023-03-30,100.91,101.155,99.78,100.89
GOOGL,2023-03-31,101.3,103.89,101.04,103.73
GOOGL,2023-04-03,102.39,104.53,101.93,104.36
GOOGL,2023-04-04,104.33,105.58,104.04,104.72
GOOGL,2023-04-05,105.78,106.1,103.66,104.47
GOOGL,2023-04-06,105.26,109.17,104.33,108.42
GOOGL,2023-04-10,106.98,107.59,105.12,106.44
GOOGL,2023-04-11,106.55,106.73,104.68,105.35
GOOGL,2023-04-12,106.58,106.75,104.34,104.64
GOOGL,2023-04-13,105.84,107.49,105.84,107.43
GOOGL,2023-04-14,106.89,108.94,106.84,108.87
GOOGL,2023-04-17,104.658,106.16,104.52,105.97
GOOGL,2023-04-18,106.49,106.54,104.07,104.5
GOOGL,2023-04-19,103.58,104.98,103.07,104.18
GOOGL,2023-04-20,103.91,106.25,103.868,105.29
GOOGL,2023-04-21,105.47,106.0,104.78,105.41
GOOGL,2023-04-24,105.49,106.63,104.7,105.97
GOOGL,2023-04-25,105.825,106.69,103.84,103.85
GOOGL,2023-04-26,104.92,106.35,102.63,103.71
GOOGL,2023-04-27,104.45,108.37,103.54,107.59
GOOGL,2023-04-28,107.04,107.35,105.09,107.34
GOOGL,2023-05-01,106.84,107.99,106.82,107.2
GOOGL,2023-05-02,107.14,107.2,103.71,105.32
GOOGL,2023-05-03,105.53,107.49,104.96,105.41
GOOGL,2023-05-04,105.485,105.6,103.97,104.69
GOOGL,2023-05-05,104.82,105.88,104.11,105.57
GOOGL,2023-05-08,105.18,107.96,105.16,107.77
GOOGL,2023-05-09,108.39,110.15,107.19,107.35
GOOGL,2023-05-10,107.97,112.94,107.93,111.75
GOOGL,2023-05-11,115.395,117.92,114.41,116.57
GOOGL,2023-05-12,116.68,118.03,116.11,117.51
GOOGL,2023-05-15,116.11,118.48,116.01,116.51
GOOGL,2023-05-16,116.49,120.75,116.43,119.51
GOOGL,2023-05-17,119.61,121.67,118.89,120.84
GOOGL,2023-05-18,120.95,123.31,120.83,122.83
GOOGL,2023-05-19,123.55,125.97,122.15,122.76
GOOGL,2023-05-22,122.94,126.43,122.74,125.05
GOOGL,2023-05-23,124.16,124.625,122.21,122.56
GOOGL,2023-05-24,121.12,121.91,119.86,120.9
GOOGL,2023-05-25,124.52,125.32,121.96,123.48
GOOGL,2023-05-26,123.17,125.26,122.45,124.61
GOOGL,2023-05-30,125.64,125.66,122.0,123.67
GOOGL,2023-05-31,122.75,124.06,122.5,122.87
GOOGL,2023-06-01,122.815,124.42,122.62,123.72
GOOGL,2023-06-02,123.99,126.15,123.76,124.67
GOOGL,2023-06-05,124.01,127.43,123.84,126.01
GOOGL,2023-06-06,126.01,128.29,125.36,127.31
GOOGL,2023-06-07,126.97,129.04,122.12,122.5
GOOGL,2023-06-08,122.225,123.225,121.24,122.14
GOOGL,2023-06-09,122.25,123.755,121.91,122.23
GOOGL,2023-06-12,122.785,124.05,121.66,123.64
GOOGL,2023-06-13,124.98,125.16,123.18,123.83
GOOGL,2023-06-14,123.1,124.05,121.45,123.67
GOOGL,2023-06-15,123.14,125.46,122.4,125.09
GOOGL,2023-06-16,125.93,126.108,123.28,123.53
GOOGL,2023-06-20,122.93,124.57,122.14,123.1
GOOGL,2023-06-21,122.4,122.66,120.1,120.55
GOOGL,2023-06-22,120.0,123.24,118.83,123.15
GOOGL,2023-06-23,121.38,122.788,121.06,122.34
GOOGL,2023-06-26,121.22,122.0,118.265,118.34
GOOGL,2023-06-27,117.08,119.08,116.1,118.33
GOOGL,2023-06-28,117.09,120.39,116.85,120.18
GOOGL,2023-06-29,119.24,120.06,118.295,119.1
GOOGL,2023-06-30,120.17,121.08,119.69,119.7
GOOGL,2023-07-03,119.24,120.19,118.818,119.9
GOOGL,2023-07-05,119.24,122.61,119.23,121.75
GOOGL,2023-07-06,119.795,120.3,118.4,120.11
GOOGL,2023-07-07,120.1,121.05,119.4,119.48
GOOGL,2023-07-10,118.3,118.305,116.135,116.45
GOOGL,2023-07-11,116.29,117.71,115.35,117.14
GOOGL,2023-07-12,118.8,120.33,118.414,118.93
GOOGL,2023-07-13,120.93,124.83,120.45,124.54
GOOGL,2023-07-14,124.8,126.775,123.49,125.42
GOOGL,2023-07-17,125.94,127.1,124.195,124.65
GOOGL,2023-07-18,124.6,124.68,122.96,123.76
GOOGL,2023-07-19,124.6,125.18,121.8,122.03
GOOGL,2023-07-20,121.42,124.09,118.22,119.2
GOOGL,2023-07-21,120.62,120.99,118.73,120.02
GOOGL,2023-07-24,121.66,123.0,120.98,121.53
GOOGL,2023-07-25,121.36,123.145,121.02,122.21
GOOGL,2023-07-26,130.07,130.98,128.32,129.27
GOOGL,2023-07-27,131.67,133.24,128.79,129.4
GOOGL,2023-07-28,130.78,133.74,130.57,132.58
GOOGL,2023-07-31,132.73,133.525,131.775,132.72
GOOGL,2023-08-01,130.775,132.63,130.68,131.55
GOOGL,2023-08-02,129.45,130.09,127.56,128.38
GOOGL,2023-08-03,127.97,129.385,127.42,128.45
GOOGL,2023-08-04,129.28,131.51,127.91,128.11
GOOGL,2023-08-07,129.16,131.61,129.02,131.53
GOOGL,2023-08-08,130.62,131.51,129.545,131.4
GOOGL,2023-08-09,131.66,132.04,129.0,129.66
GOOGL,2023-08-10,131.32,132.05,129.45,129.69
GOOGL,2023-08-11,128.66,129.93,128.17,129.56
GOOGL,2023-08-14,129.39,131.37,128.96,131.33
GOOGL,2023-08-15,131.1,131.42,129.28,129.78
GOOGL,2023-08-16,128.7,130.281,127.865,128.7
GOOGL,2023-08-17,129.8,131.99,129.29,129.92
GOOGL,2023-08-18,128.51,129.25,126.382,127.46
GOOGL,2023-08-21,127.175,128.725,126.56,128.37
GOOGL,2023-08-22,128.51,130.278,128.32,129.08
GOOGL,2023-08-23,130.18,133.41,129.87,132.37
GOOGL,2023-08-24,133.95,134.25,129.57,129.78
GOOGL,2023-08-25,129.54,130.76,127.25,129.88
GOOGL,2023-08-28,131.31,132.54,130.14,131.01
GOOGL,2023-08-29,132.24,136.57,132.24,134.57
GOOGL,2023-08-30,134.78,136.275,134.07,135.88
GOOGL,2023-08-31,136.01,138.0,135.79,136.17
GOOGL,2023-09-01,137.455,137.455,134.85,135.66
GOOGL,2023-09-05,135.44,136.42,134.58,135.77
GOOGL,2023-09-06,136.02,136.53,133.665,134.46
GOOGL,2023-09-07,133.59,135.58,132.95,135.26
GOOGL,2023-09-08,134.91,136.66,134.85,136.38
GOOGL,2023-09-11,136.54,137.48,135.785,136.92
GOOGL,2023-09-12,136.26,136.87,135.19,135.34
GOOGL,2023-09-13,135.09,136.9,134.15,136.71
GOOGL,2023-09-14,137.6,138.695,136.24,138.1
GOOGL,2023-09-15,137.98,138.52,136.48,137.4
GOOGL,2023-09-18,136.61,139.16,136.61,138.21
GOOGL,2023-09-19,137.42,138.41,136.62,138.04
GOOGL,2023-09-20,138.08,138.08,133.62,133.74
GOOGL,2023-09-21,131.44,132.23,130.07,130.44
GOOGL,2023-09-22,130.76,132.025,129.6,130.25
GOOGL,2023-09-25,129.83,131.17,128.96,131.11
GOOGL,2023-09-26,129.77,130.365,127.22,128.565
GOOGL,2023-09-27,128.57,130.895,128.57,130.54
GOOGL,2023-09-28,129.84,133.3,129.79,132.31
GOOGL,2023-09-29,133.28,134.05,130.36,130.86
GOOGL,2023-10-02,131.21,134.42,131.17,134.17
GOOGL,2023-10-03,133.94,134.26,131.84,132.43
GOOGL,2023-10-04,132.79,135.57,132.53,135.24
GOOGL,2023-10-05,135.07,135.49,133.45,135.07
GOOGL,2023-10-06,134.01,138.155,134.01,137.58
GOOGL,2023-10-09,136.94,138.94,135.61,138.42
GOOGL,2023-10-10,138.5,139.72,137.33,138.06
GOOGL,2023-10-11,138.58,141.11,138.58,140.55
GOOGL,2023-10-12,141.05,141.22,138.26,138.97
GOOGL,2023-10-13,139.38,140.0,136.615,137.36
GOOGL,2023-10-16,138.17,139.63,137.99,139.095
GOOGL,2023-10-17,138.63,139.9,137.18,139.72
GOOGL,2023-10-18,139.445,140.72,137.38,137.96
GOOGL,2023-10-19,138.5,139.66,137.38,137.75
GOOGL,2023-10-20,137.33,137.87,135.08,135.6
GOOGL,2023-10-23,135.04,137.66,133.95,136.5
GOOGL,2023-10-24,137.83,139.36,137.42,138.81
GOOGL,2023-10-25,128.16,128.31,125.07,125.61
GOOGL,2023-10-26,123.27,124.33,121.27,122.28
GOOGL,2023-10-27,122.88,123.31,120.206,122.17
GOOGL,2023-10-30,123.21,125.4,122.75,124.46
GOOGL,2023-10-31,125.06,125.37,122.685,124.08
GOOGL,2023-11-01,124.07,126.49,123.715,126.45
GOOGL,2023-11-02,128.42,128.98,126.93,127.49
GOOGL,2023-11-03,128.02,129.525,127.86,129.1
GOOGL,2023-11-06,129.05,130.34,128.67,130.25
GOOGL,2023-11-07,130.71,131.91,129.88,130.97
GOOGL,2023-11-08,130.97,132.21,130.78,131.84
GOOGL,2023-11-09,131.96,132.55,130.065,130.24
GOOGL,2023-11-10,130.105,132.8,129.41,132.59
GOOGL,2023-11-13,131.78,132.59,131.25,132.09
GOOGL,2023-11-14,134.19,135.7,133.32,133.62
GOOGL,2023-11-15,134.87,135.03,133.57,134.62
GOOGL,2023-11-16,135.19,137.22,134.32,136.93
GOOGL,2023-11-17,136.0,136.06,133.65,135.31
GOOGL,2023-11-20,133.69,136.66,133.62,136.25
GOOGL,2023-11-21,136.29,137.18,135.96,136.97
GOOGL,2023-11-22,137.47,139.42,137.47,138.49
GOOGL,2023-11-24,138.03,138.13,135.99,136.69
GOOGL,2023-11-27,136.03,138.42,136.0,136.41
GOOGL,2023-11-28,136.08,137.25,135.422,137.2
GOOGL,2023-11-29,137.57,138.288,134.84,134.99
GOOGL,2023-11-30,135.05,135.55,131.28,132.53
GOOGL,2023-12-01,131.86,132.11,130.665,131.86
GOOGL,2023-12-04,129.88,130.03,127.9,129.27
GOOGL,2023-12-05,128.95,132.14,128.25,130.99
GOOGL,2023-12-06,131.44,131.84,129.875,130.02
GOOGL,2023-12-07,135.04,138.56,134.7,136.93
GOOGL,2023-12-08,134.2,136.4,134.025,134.99
GOOGL,2023-12-11,132.38,133.335,131.36,133.29
GOOGL,2023-12-12,131.81,133.0,131.26,132.52
GOOGL,2023-12-13,133.38,133.5,131.57,132.57
GOOGL,2023-12-14,133.38,133.72,129.685,131.94
GOOGL,2023-12-15,131.62,133.51,131.18,132.6
GOOGL,2023-12-18,132.63,137.148,132.43,135.8
GOOGL,2023-12-19,136.84,137.47,136.08,136.65
GOOGL,2023-12-20,138.97,141.695,138.065,138.34
GOOGL,2023-12-21,139.49,140.685,139.18,140.42
GOOGL,2023-12-22,140.77,141.99,140.71,141.49
GOOGL,2023-12-26,141.59,142.68,141.19,141.52
GOOGL,2023-12-27,141.59,142.08,139.886,140.37
GOOGL,2023-12-28,140.78,141.14,139.75,140.23
GOOGL,2023-12-29,139.63,140.36,138.78,139.69
GOOGL,2024-01-02,138.55,139.45,136.48,138.17
GOOGL,2024-01-03,137.25,139.63,137.08,138.92
GOOGL,2024-01-04,138.42,139.16,136.35,136.39
GOOGL,2024-01-05,136.745,137.156,135.15,135.73
GOOGL,2024-01-08,136.29,139.01,136.26,138.84
GOOGL,2024-01-09,138.5,141.485,138.15,140.95
GOOGL,2024-01-10,141.0,143.0,140.91,142.28
GOOGL,2024-01-11,143.49,145.22,140.635,142.08
GOOGL,2024-01-12,142.67,143.195,141.82,142.65
GOOGL,2024-01-16,142.0,144.35,141.45,142.49
GOOGL,2024-01-17,141.345,141.84,138.9,141.47
GOOGL,2024-01-18,142.05,144.21,141.99,143.48
GOOGL,2024-01-19,144.74,146.45,144.38,146.38
GOOGL,2024-01-22,147.1,148.39,145.84,145.99
GOOGL,2024-01-23,145.89,147.182,145.5,147.04
GOOGL,2024-01-24,148.54,149.855,148.1,148.7
GOOGL,2024-01-25,150.065,153.05,149.54,151.87
GOOGL,2024-01-26,151.1,152.535,151.01,152.185
GOOGL,2024-01-29,152.06,153.78,151.43,153.51
GOOGL,2024-01-30,152.8,153.62,151.185,151.46
GOOGL,2024-01-31,143.62,144.0,139.87,140.1
GOOGL,2024-02-01,142.12,143.06,140.79,141.16
GOOGL,2024-02-02,139.26,142.62,136.5,142.38
GOOGL,2024-02-05,142.82,145.47,142.78,143.68
GOOGL,2024-02-06,144.65,145.36,143.19,144.1
GOOGL,2024-02-07,144.76,145.615,143.925,145.54
GOOGL,2024-02-08,145.83,146.33,145.105,145.91
GOOGL,2024-02-09,146.68,149.44,146.18,149.0
GOOGL,2024-02-12,148.42,149.335,147.37,147.53
GOOGL,2024-02-13,144.92,146.67,143.69,145.14
GOOGL,2024-02-14,146.08,146.52,144.094,145.94
GOOGL,2024-02-15,143.14,143.52,140.46,142.77
GOOGL,2024-02-16,142.99,143.19,140.14,140.52
GOOGL,2024-02-20,139.655,142.08,139.49,141.12
GOOGL,2024-02-21,141.45,142.69,140.675,142.55
GOOGL,2024-02-22,144.93,145.0,142.8,144.09
GOOGL,2024-02-23,143.67,144.68,143.43,143.96
GOOGL,2024-02-26,142.14,142.44,137.39,137.57
GOOGL,2024-02-27,138.02,139.25,137.09,138.88
GOOGL,2024-02-28,137.9,138.01,135.41,136.38
GOOGL,2024-02-29,137.28,138.86,136.4,138.46
GOOGL,2024-03-01,138.43,138.87,136.92,137.14
GOOGL,2024-03-04,135.66,135.66,131.91,133.35
GOOGL,2024-03-05,131.88,133.24,130.665,132.67
GOOGL,2024-03-06,133.12,133.58,130.85,131.4
GOOGL,2024-03-07,132.795,134.94,131.61,134.38
GOOGL,2024-03-08,134.21,138.085,134.0,135.41
GOOGL,2024-03-11,136.13,139.095,136.13,137.67
GOOGL,2024-03-12,137.03,139.375,137.03,138.5
GOOGL,2024-03-13,139.0,141.09,138.99,139.79
GOOGL,2024-03-14,141.19,143.585,140.455,143.1
GOOGL,2024-03-15,142.5,143.18,140.03,141.18
GOOGL,2024-03-18,148.61,152.15,147.17,147.68
GOOGL,2024-03-19,148.16,148.791,146.08,147.03
GOOGL,2024-03-20,148.0,148.86,146.735,148.74
GOOGL,2024-03-21,149.47,150.37,146.9,147.6
GOOGL,2024-03-22,149.12,151.58,148.98,150.77
GOOGL,2024-03-25,149.94,150.375,147.82,150.07
GOOGL,2024-03-26,150.22,152.256,149.98,150.67
GOOGL,2024-03-27,151.18,151.635,148.9,150.87
GOOGL,2024-03-28,150.85,151.43,150.17,150.93
GOOGL,2024-04-01,150.69,155.74,150.61,155.49
GOOGL,2024-04-02,153.5,154.7,152.15,154.56
GOOGL,2024-04-03,153.6,155.08,152.73,154.92
GOOGL,2024-04-04,153.5,154.77,150.45,150.53
GOOGL,2024-04-05,150.03,153.42,149.6,152.5
GOOGL,2024-04-08,152.78,155.27,152.61,154.85
GOOGL,2024-04-09,156.085,158.56,155.19,156.6
GOOGL,2024-04-10,156.21,156.61,154.68,156.14
GOOGL,2024-04-11,156.91,159.68,156.46,159.41
GOOGL,2024-04-12,157.96,160.223,157.14,157.73
GOOGL,2024-04-15,158.86,159.24,154.59,154.86
GOOGL,2024-04-16,154.19,155.65,153.43,154.4
GOOGL,2024-04-17,155.62,157.08,154.58,155.47
GOOGL,2024-04-18,155.34,156.94,154.62,156.01
GOOGL,2024-04-19,156.2,156.36,152.3,154.11
GOOGL,2024-04-22,154.31,157.64,154.06,156.28
GOOGL,2024-04-23,156.96,158.97,156.28,158.26
GOOGL,2024-04-24,157.49,159.565,157.165,159.13
GOOGL,2024-04-25,151.33,156.49,150.87,156.0
GOOGL,2024-04-26,174.37,174.71,169.65,171.95
GOOGL,2024-04-29,169.058,169.55,165.21,166.15
GOOGL,2024-04-30,165.612,168.1,162.6,162.78
GOOGL,2024-05-01,164.3,167.12,163.09,163.86
GOOGL,2024-05-02,164.785,166.73,163.89,166.62
GOOGL,2024-05-03,167.56,167.96,163.05,167.24
GOOGL,2024-05-06,167.46,168.14,166.03,168.1
GOOGL,2024-05-07,168.5,171.76,168.39,171.25
GOOGL,2024-05-08,169.0,170.15,168.735,169.38
GOOGL,2024-05-09,169.39,170.69,168.18,169.96
GOOGL,2024-05-10,168.025,169.85,166.19,168.65
GOOGL,2024-05-13,164.26,169.28,164.0,169.14
GOOGL,2024-05-14,169.77,171.25,168.8,170.34
GOOGL,2024-05-15,170.63,172.65,170.51,172.51
GOOGL,2024-05-16,173.29,175.115,172.69,174.18
GOOGL,2024-05-17,174.18,176.265,173.69,176.06
GOOGL,2024-05-20,176.192,178.77,176.08,176.92
GOOGL,2024-05-21,176.9,178.15,175.81,177.85
GOOGL,2024-05-22,176.644,177.15,175.21,176.38
GOOGL,2024-05-23,177.07,178.25,172.95,173.55
GOOGL,2024-05-24,174.98,175.77,173.65,174.99
GOOGL,2024-05-28,174.45,177.27,174.365,176.4
GOOGL,2024-05-29,175.43,176.836,174.72,175.9
GOOGL,2024-05-30,175.2,175.22,171.79,172.11
GOOGL,2024-05-31,171.86,173.06,169.44,172.5
GOOGL,2024-06-03,172.54,174.525,171.16,173.17
GOOGL,2024-06-04,173.28,173.845,171.89,173.79
GOOGL,2024-06-05,175.2,176.645,173.934,175.41
GOOGL,2024-06-06,175.895,177.15,175.75,176.73
GOOGL,2024-06-07,177.05,177.87,174.3,174.46
GOOGL,2024-06-10,174.97,177.06,172.76,175.05
GOOGL,2024-06-11,176.22,176.84,173.77,176.62
GOOGL,2024-06-12,178.25,180.41,176.11,177.79
GOOGL,2024-06-13,176.11,176.74,174.88,175.06
GOOGL,2024-06-14,174.22,177.062,174.15,176.79
GOOGL,2024-06-17,175.46,178.36,174.81,177.24
GOOGL,2024-06-18,177.14,177.385,174.104,175.09
GOOGL,2024-06-20,175.37,177.29,174.99,176.33
GOOGL,2024-06-21,177.0,180.85,176.61,179.51
GOOGL,2024-06-24,180.16,180.89,178.67,179.19
GOOGL,2024-06-25,179.62,184.28,179.42,183.997
GOOGL,2024-06-26,182.63,184.51,182.48,183.88
GOOGL,2024-06-27,184.18,186.05,184.02,185.41
GOOGL,2024-06-28,184.32,185.13,181.96,182.07
GOOGL,2024-07-01,183.03,183.88,181.3,182.99
GOOGL,2024-07-02,182.05,185.57,181.56,185.24
GOOGL,2024-07-03,184.85,186.09,184.0,185.82
GOOGL,2024-07-05,185.855,190.86,185.8,190.6
GOOGL,2024-07-08,189.895,190.17,187.78,189.03
GOOGL,2024-07-09,190.31,191.33,188.72,188.98
GOOGL,2024-07-10,189.15,191.75,189.03,191.18
GOOGL,2024-07-11,189.845,190.86,185.08,185.54
GOOGL,2024-07-12,185.08,187.11,184.49,185.01
GOOGL,2024-07-15,184.92,188.24,184.92,186.55
GOOGL,2024-07-16,187.36,188.68,183.374,183.89
GOOGL,2024-07-17,182.965,183.55,179.9,180.97
GOOGL,2024-07-18,181.93,182.5,176.47,177.76
GOOGL,2024-07-19,178.88,180.29,177.13,177.66
GOOGL,2024-07-22,180.59,182.7,180.23,181.67
GOOGL,2024-07-23,182.05,183.61,181.54,181.79
GOOGL,2024-07-24,173.6,176.19,171.82,172.63
GOOGL,2024-07-25,172.52,173.42,167.19,167.23
GOOGL,2024-07-26,167.15,168.09,164.078,166.99
GOOGL,2024-07-29,168.83,170.43,167.99,169.53
GOOGL,2024-07-30,170.24,171.23,168.44,170.3
GOOGL,2024-07-31,173.24,174.245,170.01,171.52
GOOGL,2024-08-01,170.25,174.05,168.88,170.74
GOOGL,2024-08-02,166.44,168.51,164.67,166.66
GOOGL,2024-08-05,155.41,164.4,154.93,159.2
GOOGL,2024-08-06,159.33,160.57,156.41,158.3
GOOGL,2024-08-07,161.25,162.98,158.47,158.91
GOOGL,2024-08-08,160.51,163.69,160.23,162.03
GOOGL,2024-08-09,160.01,163.79,159.06,163.67
GOOGL,2024-08-12,164.35,164.9,161.84,162.29
GOOGL,2024-08-13,163.41,164.73,162.97,164.16
GOOGL,2024-08-14,162.4,163.22,157.71,160.37
GOOGL,2024-08-15,160.5,161.635,159.61,161.3
GOOGL,2024-08-16,161.47,165.06,161.13,162.96
GOOGL,2024-08-19,165.28,166.69,164.26,166.67
GOOGL,2024-08-20,166.9,168.64,166.84,167.195
GOOGL,2024-08-21,165.15,166.85,164.67,165.85
GOOGL,2024-08-22,167.26,167.59,163.31,163.82
GOOGL,2024-08-23,164.72,166.18,163.83,165.62
GOOGL,2024-08-26,166.38,167.55,164.455,166.16
GOOGL,2024-08-27,165.835,166.443,164.46,164.68
GOOGL,2024-08-28,165.035,165.6,161.528,162.85
GOOGL,2024-08-29,164.31,165.97,160.25,161.78
GOOGL,2024-08-30,162.56,163.66,161.693,163.31
GOOGL,2024-09-03,161.72,161.74,156.48,157.39
GOOGL,2024-09-04,156.655,158.96,155.962,156.45
GOOGL,2024-09-05,156.3,159.45,155.98,157.28
GOOGL,2024-09-06,157.3,157.83,150.55,150.85
GOOGL,2024-09-09,152.47,153.4,147.215,148.71
GOOGL,2024-09-10,150.45,151.27,148.34,148.66
GOOGL,2024-09-11,149.92,151.5,147.52,151.31
GOOGL,2024-09-12,153.73,154.82,152.65,154.695
GOOGL,2024-09-13,155.43,158.38,155.21,157.46
GOOGL,2024-09-16,157.31,158.25,156.6,158.06
GOOGL,2024-09-17,159.02,160.55,158.375,159.32
GOOGL,2024-09-18,159.86,160.5,158.595,159.79
GOOGL,2024-09-19,163.71,163.79,161.34,162.14
GOOGL,2024-09-20,163.5,163.73,162.06,163.54
GOOGL,2024-09-23,164.35,165.49,161.67,161.835
GOOGL,2024-09-24,163.03,163.216,160.73,162.32
GOOGL,2024-09-25,161.47,162.81,161.3,161.49
GOOGL,2024-09-26,163.64,164.08,162.28,162.75
GOOGL,2024-09-27,162.81,165.7,162.626,163.95
GOOGL,2024-09-30,163.32,166.15,163.26,165.83
GOOGL,2024-10-01,167.685,169.16,164.58,167.02
GOOGL,2024-10-02,166.42,167.52,164.73,165.86
GOOGL,2024-10-03,164.41,166.64,163.923,165.87
GOOGL,2024-10-04,168.06,168.23,165.48,167.06
GOOGL,2024-10-07,167.72,168.48,162.75,163.03
GOOGL,2024-10-08,163.94,164.725,162.87,164.38
GOOGL,2024-10-09,163.39,164.84,159.74,161.85
GOOGL,2024-10-10,160.87,163.07,160.395,162.08
GOOGL,2024-10-11,162.13,163.9,161.24,163.24
GOOGL,2024-10-14,163.64,166.22,163.4,164.95
GOOGL,2024-10-15,165.785,167.68,164.625,165.46
GOOGL,2024-10-16,164.53,165.8,163.74,165.16
GOOGL,2024-10-17,165.73,166.37,162.76,162.93
GOOGL,2024-10-18,163.19,164.71,163.08,163.42
GOOGL,2024-10-21,162.95,164.5,162.62,164.09
GOOGL,2024-10-22,162.98,165.77,162.98,165.14
GOOGL,2024-10-23,164.76,165.82,161.925,162.78
GOOGL,2024-10-24,162.83,163.33,161.01,162.72
GOOGL,2024-10-25,163.67,165.59,163.42,165.27
GOOGL,2024-10-28,168.75,168.75,163.95,166.72
GOOGL,2024-10-29,167.73,170.38,167.09,169.68
GOOGL,2024-10-30,180.68,182.02,174.06,174.52
GOOGL,2024-10-31,173.13,176.82,171.0,171.02
GOOGL,2024-11-01,170.07,172.32,168.88,171.29
GOOGL,2024-11-04,169.93,170.73,168.011,169.25
GOOGL,2024-11-05,169.43,170.53,168.87,169.74
GOOGL,2024-11-06,173.785,176.94,173.53,176.51
GOOGL,2024-11-07,177.41,181.08,177.19,180.73
GOOGL,2024-11-08,180.645,180.9,178.08,178.35
GOOGL,2024-11-11,178.58,180.545,178.47,180.36
GOOGL,2024-11-12,179.82,182.49,179.39,181.59
GOOGL,2024-11-13,180.46,180.96,178.54,178.94
GOOGL,2024-11-14,178.28,178.82,174.322,175.58
GOOGL,2024-11-15,173.73,174.14,171.22,172.49
GOOGL,2024-11-18,173.42,175.438,172.9,175.3
GOOGL,2024-11-19,173.72,178.87,173.56,178.12
GOOGL,2024-11-20,177.34,177.675,173.78,175.98
GOOGL,2024-11-21,173.9,174.13,163.7,167.63
GOOGL,2024-11-22,165.85,166.46,163.9,164.76
GOOGL,2024-11-25,166.09,168.63,165.607,167.65
GOOGL,2024-11-26,167.63,169.82,167.58,169.12
GOOGL,2024-11-27,169.0,169.483,168.02,169.23
GOOGL,2024-11-29,168.5,169.43,167.16,168.95
GOOGL,2024-12-02,168.765,172.075,168.57,171.49
GOOGL,2024-12-03,171.49,172.68,170.85,171.34
GOOGL,2024-12-04,171.145,174.91,171.135,174.37
GOOGL,2024-12-05,175.36,176.06,172.33,172.64
GOOGL,2024-12-06,172.03,175.08,171.86,174.71
GOOGL,2024-12-09,173.96,176.26,173.65,175.37
GOOGL,2025-01-27,192.41,196.88,190.73,191.81
GOOGL,2025-01-28,192.745,195.48,190.68,195.3
GOOGL,2025-01-29,195.555,196.785,193.43,195.41
GOOGL,2025-01-30,198.0,201.4,197.67,200.87
GOOGL,2025-01-31,202.0,205.48,201.8,204.02
GOOGL,2025-02-03,200.69,203.75,200.1,201.23
GOOGL,2025-02-04,203.39,207.05,202.81,206.38
GOOGL,2025-02-05,191.07,192.75,188.03,191.33
GOOGL,2025-02-06,189.5,192.1,188.72,191.6
GOOGL,2025-02-07,191.05,191.18,183.24,185.34
GOOGL,2025-02-10,187.35,188.2,185.86,186.47
GOOGL,2025-02-11,185.03,186.94,184.28,185.32
GOOGL,2025-02-12,183.22,185.11,181.83,183.61
GOOGL,2025-02-13,184.32,186.28,183.14,186.14
GOOGL,2025-02-14,185.055,186.4,184.32,185.23
GOOGL,2025-02-18,185.6,185.96,181.74,183.77
GOOGL,2025-02-19,184.07,185.46,183.59,185.27
GOOGL,2025-02-20,184.8,185.31,182.72,184.56
GOOGL,2025-02-21,185.15,185.34,179.08,179.66
GOOGL,2025-02-24,182.05,183.12,178.885,179.32
GOOGL,2025-02-25,178.04,178.54,174.694,175.46
GOOGL,2025-02-26,175.07,176.08,171.581,172.73
GOOGL,2025-02-27,173.99,174.49,167.94,168.5
GOOGL,2025-02-28,168.68,170.61,166.77,170.25
GOOGL,2025-03-03,171.925,173.24,165.93,167.01
GOOGL,2025-03-04,166.29,173.295,165.8,170.93
GOOGL,2025-03-05,170.52,173.78,169.06,173.01
GOOGL,2025-03-06,170.53,174.81,170.53,172.38
GOOGL,2025-03-07,171.272,174.97,170.27,173.83
GOOGL,2025-03-10,168.26,168.46,163.69,165.88
GOOGL,2025-03-11,164.91,166.72,161.37,164.04
GOOGL,2025-03-12,166.58,167.64,163.56,167.11
GOOGL,2025-03-13,166.0,166.12,162.11,162.76
GOOGL,2025-03-14,163.27,166.49,162.45,165.44
GOOGL,2025-03-17,165.03,166.3,163.67,164.22
GOOGL,2025-03-18,163.675,164.25,156.72,160.67
GOOGL,2025-03-19,161.76,165.87,161.0,163.89
GOOGL,2025-03-20,161.57,164.89,160.96,162.8
GOOGL,2025-03-21,161.205,164.24,160.97,163.99
GOOGL,2025-03-24,167.065,168.32,165.14,167.582
GOOGL,2025-03-25,168.98,170.63,168.57,170.56
GOOGL,2025-03-26,169.0,169.6,164.84,165.06
GOOGL,2025-03-27,164.63,165.38,162.0,162.24
GOOGL,2025-03-28,160.49,161.82,153.63,154.33
GOOGL,2025-03-31,153.11,155.54,150.662,154.54
GOOGL,2025-04-01,153.62,158.1,153.62,157.07
GOOGL,2025-04-02,155.15,158.405,154.71,157.04
GOOGL,2025-04-03,150.97,152.78,150.39,150.72
GOOGL,2025-04-04,148.09,151.05,145.38,145.6
GOOGL,2025-04-07,141.5,152.8,140.72,146.75
GOOGL,2025-04-08,151.22,152.23,143.03,144.7
GOOGL,2025-04-09,144.415,159.55,143.91,158.56
GOOGL,2025-04-10,156.54,157.72,149.96,152.81
GOOGL,2025-04-11,152.94,157.67,152.94,157.033
GOOGL,2025-04-14,160.02,161.72,157.56,159.07
GOOGL,2025-04-15,159.125,159.47,155.21,156.31
GOOGL,2025-04-16,153.1,155.89,151.51,153.34
GOOGL,2025-04-17,154.29,154.68,148.5,151.22
GOOGL,2025-04-21,148.88,148.945,146.1,147.67
GOOGL,2025-04-22,148.89,152.19,148.54,151.47
GOOGL,2025-04-23,155.61,157.525,153.81,155.25
GOOGL,2025-04-24,156.15,159.59,155.79,159.033
GOOGL,2025-04-25,165.07,166.1,161.04,161.96
GOOGL,2025-04-28,162.425,163.15,158.6,160.61
GOOGL,2025-04-29,160.325,160.74,157.56,160.16
GOOGL,2025-04-30,157.8,159.27,155.4,158.8
GOOGL,2025-05-01,160.45,161.95,158.91,161.3
GOOGL,2025-05-02,163.405,164.97,161.88,164.03
GOOGL,2025-05-05,163.0,165.39,162.72,164.21
GOOGL,2025-05-06,162.17,164.8,161.19,163.23
GOOGL,2025-05-07,164.08,165.0,147.84,151.38
GOOGL,2025-05-08,155.0,155.93,152.9,154.28
GOOGL,2025-05-09,154.17,155.035,152.23,152.75
GOOGL,2025-05-12,157.485,159.1,156.25,158.448
GOOGL,2025-05-13,158.79,160.57,156.16,159.53
GOOGL,2025-05-14,159.96,167.0,159.61,165.37
GOOGL,2025-05-15,165.93,166.205,162.373,163.93
GOOGL,2025-05-16,167.725,169.25,165.64,166.152
GOOGL,2025-05-19,164.51,166.64,164.22,166.54
GOOGL,2025-05-20,166.43,168.5,162.9,163.98
GOOGL,2025-05-21,163.69,173.14,163.65,168.56
GOOGL,2025-05-22,171.85,176.77,170.71,170.87
GOOGL,2025-05-23,169.23,169.96,167.89,168.47
GOOGL,2025-05-27,170.16,173.17,170.0,172.9
GOOGL,2025-05-28,173.16,175.265,171.911,172.36
GOOGL,2025-05-29,174.0,174.419,170.63,171.86
GOOGL,2025-05-30,171.35,172.205,167.44,171.61
GOOGL,2025-06-02,167.84,169.87,167.39,169.03
GOOGL,2025-06-03,167.49,168.475,165.28,166.18
GOOGL,2025-06-04,166.735,168.215,166.36,168.05
GOOGL,2025-06-05,170.34,170.93,167.59,168.22
GOOGL,2025-06-06,170.83,174.5,170.83,173.68
GOOGL,2025-06-09,174.54,176.47,174.373,176.06
GOOGL,2025-06-10,176.2,181.105,174.91,178.619
GOOGL,2025-06-11,179.77,180.37,176.75,177.35
GOOGL,2025-06-12,176.18,176.72,174.745,175.7
GOOGL,2025-06-13,172.44,177.13,172.385,174.67
GOOGL,2025-06-16,174.73,176.94,174.65,176.77
GOOGL,2025-06-17,175.7,177.365,174.58,175.95
GOOGL,2025-06-18,176.01,176.56,173.2,173.32
GOOGL,2025-06-20,173.945,174.34,165.46,166.64
GOOGL,2025-06-23,166.27,167.34,162.0,165.19
GOOGL,2025-06-24,166.92,168.22,166.13,166.77
GOOGL,2025-06-25,167.63,172.36,167.55,170.68
GOOGL,2025-06-26,172.43,173.69,169.94,173.54
GOOGL,2025-06-27,173.54,178.68,171.73,178.535
GOOGL,2025-06-30,180.78,181.23,174.58,176.2
GOOGL,2025-07-01,175.735,176.08,173.53,175.87
GOOGL,2025-07-02,175.54,178.86,175.07,178.62
GOOGL,2025-07-03,178.5,179.67,177.07,179.53
GOOGL,2025-07-07,179.06,179.297,175.685,176.79
GOOGL,2025-07-08,177.85,177.95,172.81,174.36
GOOGL,2025-07-09,175.25,179.44,172.77,176.601
GOOGL,2025-07-10,175.63,178.429,174.38,177.62
GOOGL,2025-07-11,180.25,181.43,180.19,180.19
GOOGL,2025-07-14,181.01,183.67,179.68,181.56
GOOGL,2025-07-15,182.81,184.22,181.6,182.0
GOOGL,2025-07-16,183.235,184.327,182.03,182.97
GOOGL,2025-07-17,182.14,184.06,180.48,183.58
GOOGL,2025-07-18,185.4,186.42,183.71,185.06
GOOGL,2025-07-21,186.25,190.285,186.15,190.1
GOOGL,2025-07-22,191.495,191.645,187.46,191.34
GOOGL,2025-07-23,191.5,192.53,189.18,190.23
GOOGL,2025-07-24,197.03,197.95,191.0,192.181
GOOGL,2025-07-25,191.98,194.33,191.26,193.18
GOOGL,2025-07-28,193.65,194.05,190.84,192.58
GOOGL,2025-07-29,192.43,195.92,192.08,195.75
GOOGL,2025-07-30,195.6,197.6,194.685,196.53
GOOGL,2025-07-31,195.71,195.99,191.09,191.94
GOOGL,2025-08-01,189.025,190.83,187.82,189.07
GOOGL,2025-08-04,190.29,195.27,190.12,195.04
GOOGL,2025-08-05,194.71,197.86,193.885,194.67
GOOGL,2025-08-06,194.5,196.63,193.67,196.09
GOOGL,2025-08-07,197.06,197.54,194.33,196.52
GOOGL,2025-08-08,197.22,202.61,197.17,201.439
GOOGL,2025-08-11,200.935,201.475,199.07,201.0
GOOGL,2025-08-12,201.365,204.5,200.59,203.34
GOOGL,2025-08-13,204.13,204.53,197.51,201.96
GOOGL,2025-08-14,201.5,204.435,201.225,202.94
GOOGL,2025-08-15,203.85,206.44,201.28,203.9
GOOGL,2025-08-18,204.2,205.265,202.49,203.5
GOOGL,2025-08-19,203.03,203.44,199.96,201.57
GOOGL,2025-08-20,200.73,201.28,196.595,199.32
GOOGL,2025-08-21,199.745,202.48,199.43,199.751
GOOGL,2025-08-22,202.73,208.54,201.3,206.09
GOOGL,2025-08-25,206.43,210.52,205.28,208.49
GOOGL,2025-08-26,207.51,207.85,205.7,207.14
GOOGL,2025-08-27,205.7,208.91,205.65,207.48
GOOGL,2025-08-28,207.25,212.22,206.9,211.64
GOOGL,2025-08-29,210.51,214.645,210.2,212.91
GOOGL,2025-09-02,208.44,211.675,206.195,211.35
GOOGL,2025-09-03,226.21,231.31,224.79,230.63
GOOGL,2025-09-04,229.65,232.37,226.11,232.3
GOOGL,2025-09-05,232.2,235.76,231.9,235.049
GOOGL,2025-09-08,235.47,238.13,233.67,234.04
GOOGL,2025-09-09,234.165,240.47,233.229,239.619
GOOGL,2025-09-10,238.9,241.66,237.85,239.17
GOOGL,2025-09-11,239.88,242.25,236.25,240.37
GOOGL,2025-09-12,240.37,242.075,238.0,240.781
GOOGL,2025-09-15,244.66,252.41,244.66,251.709
GOOGL,2025-09-16,252.08,253.04,249.47,251.16
GOOGL,2025-09-17,251.22,251.6,246.28,249.52
GOOGL,2025-09-18,251.68,253.99,249.8,252.07
GOOGL,2025-09-19,253.25,256.0,251.81,254.72
GOOGL,2025-09-22,254.43,255.78,250.3,252.479
GOOGL,2025-09-23,253.04,254.36,250.48,251.66
GOOGL,2025-09-24,251.66,252.35,246.44,247.14
GOOGL,2025-09-25,244.4,246.49,240.74,245.757
GOOGL,2025-09-26,247.065,249.42,245.97,246.54
GOOGL,2025-09-29,247.85,251.149,242.77,244.05
GOOGL,2025-09-30,242.81,243.29,239.245,243.04
GOOGL,2025-10-01,240.75,246.3,238.61,244.9
GOOGL,2025-10-02,245.15,246.81,242.3,245.69
GOOGL,2025-10-03,244.49,246.3,241.655,245.35
GOOGL,2025-10-06,244.78,251.32,244.58,250.43
GOOGL,2025-10-07,248.27,250.44,245.52,245.76
GOOGL,2025-10-08,244.96,246.005,243.82,244.62
GOOGL,2025-10-09,244.47,244.76,239.15,241.53
GOOGL,2025-10-10,241.43,244.09,235.84,236.57
GOOGL,2025-10-13,240.21,244.5,239.71,244.15
GOOGL,2025-10-14,241.23,247.12,240.51,245.45
GOOGL,2025-10-15,247.245,252.11,245.99,251.03
GOOGL,2025-10-16,251.765,256.96,250.101,251.383
GOOGL,2025-10-17,250.76,254.22,247.81,253.3
GOOGL,2025-10-20,254.69,257.33,254.23,256.49
GOOGL,2025-10-21,254.74,254.88,244.15,250.46
GOOGL,2025-10-22,254.37,256.36,249.31,251.69
GOOGL,2025-10-23,252.98,255.04,251.85,253.08
GOOGL,2025-10-24,256.58,261.68,255.315,259.92
GOOGL,2025-10-27,264.815,270.14,264.28,269.27
GOOGL,2025-10-28,269.69,270.73,266.5,267.47
GOOGL,2025-10-29,267.75,275.336,267.67,274.57
GOOGL,2025-10-30,291.59,291.59,280.06,281.48
GOOGL,2025-10-31,283.21,286.0,277.03,281.36
GOOGL,2025-11-03,282.175,285.53,279.8,283.89
GOOGL,2025-11-04,276.75,281.27,276.26,277.54
GOOGL,2025-11-05,278.87,286.415,277.34,284.31
GOOGL,2025-11-06,285.33,288.35,281.14,284.75
GOOGL,2025-11-07,283.205,283.78,275.19,278.83
GOOGL,2025-11-10,284.42,290.8,282.855,290.13
GOOGL,2025-11-11,287.745,291.915,287.32,291.31
GOOGL,2025-11-12,291.675,292.005,283.69,286.75
GOOGL,2025-11-13,282.34,282.84,277.24,278.62
GOOGL,2025-11-14,271.405,278.56,270.7,276.39
GOOGL,2025-11-17,285.775,293.95,283.57,285.02
GOOGL,2025-11-18,287.915,288.8,278.2,284.3
GOOGL,2025-11-19,287.16,303.81,286.63,292.81
GOOGL,2025-11-20,304.54,306.42,288.67,289.45
GOOGL,2025-11-21,296.415,303.92,293.845,299.75
GOOGL,2025-11-24,311.13,319.48,309.595,318.38
GOOGL,2025-11-25,326.21,328.83,317.65,323.44
GOOGL,2025-11-26,320.68,324.5,316.79,319.98
GOOGL,2025-11-28,323.365,326.85,316.79,320.18
GOOGL,2025-12-01,317.7,319.85,313.89,314.89
GOOGL,2025-12-02,316.74,318.38,313.91,315.66
GOOGL,2025-12-03,315.89,321.58,314.1,319.63
GOOGL,2025-12-04,322.225,322.36,314.7,317.62
GOOGL,2025-12-05,319.49,323.16,319.165,321.27
GOOGL,2025-12-08,320.05,320.44,311.2219,313.77
GOOGL,2025-12-09,312.37,317.99,311.895,317.08
GOOGL,2025-12-10,315.83,321.31,314.68,320.21
GOOGL,2025-12-11,320.08,321.12,308.6,312.43
GOOGL,2025-12-12,313.7,314.87,305.56,309.29
GOOGL,2025-12-15,311.315,311.42,304.88,308.22
GOOGL,2025-12-16,304.945,310.77,302.59,306.38
GOOGL,2025-12-17,308.01,308.09,296.12,296.74
GOOGL,2025-12-18,301.72,303.96,299.2308,302.39
GOOGL,2025-12-19,301.73,307.25,300.97,307.16
GOOGL,2025-12-22,309.875,310.13,305.3,309.78
GOOGL,2025-12-23,309.625,314.94,309.32,314.35
GOOGL,2025-12-24,314.77,315.08,311.92,314.09
GOOGL,2025-12-26,314.48,315.085,312.275,313.51
GOOGL,2025-12-29,311.365,314.017,310.62,313.56
GOOGL,2025-12-30,312.5,316.95,312.46,313.85
GOOGL,2025-12-31,312.845,314.58,311.44,313.0
GOOGL,2026-01-02,316.9,322.5,310.33,315.15
GOOGL,2026-01-05,317.67,319.015,314.63,316.69
GOOGL,2026-01-06,316.4,320.94,311.78,314.18
GOOGL,2026-01-07,314.36,326.15,314.19,322.03
GOOGL,2026-01-08,328.965,330.3196,321.5,325.44
GOOGL,2026-01-09,327.09,330.83,325.8,328.57
GOOGL,2026-01-12,325.8,334.04,325.0,331.86
GOOGL,2026-01-13,334.95,340.49,333.62,335.97
GOOGL,2026-01-14,335.06,336.52,330.48,335.84
GOOGL,2026-01-15,337.65,337.69,330.74,332.78
GOOGL,2026-01-16,334.41,334.59,327.7,330.0
GOOGL,2026-01-20,320.87,327.73,320.43,321.99
GOOGL,2026-01-21,320.92,332.4799,319.3518,328.38
GOOGL,2026-01-22,334.45,335.13,328.75,330.51
GOOGL,2026-01-23,332.485,333.6889,327.45,327.935
GOOGL,2026-01-26,327.805,335.84,327.0,333.253
GOOGL,2026-01-27,335.365,337.91,333.48,334.55
GOOGL,2026-01-28,336.06,337.535,331.94,336.01
GOOGL,2026-01-29,340.3,342.29,326.54,338.25
GOOGL,2026-01-30,340.0,340.0,332.285,338.233
GOOGL,2026-02-02,336.22,344.83,335.63,343.79
GOOGL,2026-02-03,347.34,349.0,337.4745,339.74
GOOGL,2026-02-04,342.96,343.31,328.52,333.04
GOOGL,2026-02-05,312.22,332.69,306.5,331.23
GOOGL,2026-02-06,327.18,330.3,319.935,322.86
GOOGL,2026-02-09,320.93,327.7,317.26,324.32
GOOGL,2026-02-10,320.97,321.67,314.61,318.57
GOOGL,2026-02-11,318.97,321.06,309.66,310.71
GOOGL,2026-02-12,312.09,316.24,307.2,309.0
GOOGL,2026-02-13,307.725,308.63,303.71,305.72
META,2023-01-03,122.82,126.37,122.28,124.74
META,2023-01-04,127.38,129.05,125.85,127.37
META,2023-01-05,126.125,128.52,124.54,126.94
META,2023-01-06,128.97,130.33,126.04,130.02
META,2023-01-09,131.16,132.95,129.28,129.47
META,2023-01-10,127.27,133.44,127.15,132.99
META,2023-01-11,130.96,133.849,130.34,132.89
META,2023-01-12,133.44,137.678,131.76,136.71
META,2023-01-13,134.97,137.39,134.835,136.98
META,2023-01-17,136.176,136.75,134.25,135.36
META,2023-01-18,135.81,137.25,132.8,133.02
META,2023-01-19,132.49,137.45,132.14,136.15
META,2023-01-20,135.89,139.94,134.61,139.37
META,2023-01-23,139.29,143.76,138.66,143.27
META,2023-01-24,141.69,145.0,141.36,143.14
META,2023-01-25,141.22,143.17,140.31,141.5
META,2023-01-26,144.4,147.51,143.3,147.3
META,2023-01-27,148.237,153.19,147.39,151.74
META,2023-01-30,149.405,151.123,146.95,147.06
META,2023-01-31,147.95,149.88,147.52,148.97
META,2023-02-01,148.03,153.58,147.06,153.12
META,2023-02-02,183.38,197.16,180.16,188.77
META,2023-02-03,183.465,196.77,182.89,186.53
META,2023-02-06,186.53,190.7,185.516,186.06
META,2023-02-07,185.575,193.78,184.4,191.62
META,2023-02-08,190.0,190.83,182.92,183.43
META,2023-02-09,186.13,186.65,177.27,177.92
META,2023-02-10,176.353,178.89,173.35,174.15
META,2023-02-13,178.215,181.0,175.82,179.43
META,2023-02-14,177.16,181.506,175.88,179.48
META,2023-02-15,176.415,178.19,175.33,177.16
META,2023-02-16,172.75,175.85,171.79,172.44
META,2023-02-17,170.22,173.18,169.7,172.88
META,2023-02-21,174.31,178.17,171.88,172.08
META,2023-02-22,171.07,172.755,169.69,171.12
META,2023-02-23,172.0,173.69,169.38,172.04
META,2023-02-24,168.64,170.72,167.66,170.39
META,2023-02-27,171.875,173.12,169.06,169.54
META,2023-02-28,171.9,177.55,171.87,174.94
META,2023-03-01,174.59,177.85,173.05,173.42
META,2023-03-02,172.38,175.01,171.43,174.53
META,2023-03-03,178.92,186.62,177.05,185.25
META,2023-03-06,188.0,189.66,184.64,184.9
META,2023-03-07,189.0,190.36,184.01,184.51
META,2023-03-08,182.87,185.26,181.34,184.97
META,2023-03-09,186.35,188.93,180.3,181.69
META,2023-03-10,181.01,184.77,178.8,179.51
META,2023-03-13,177.96,183.78,174.82,180.9
META,2023-03-14,187.58,194.32,186.56,194.02
META,2023-03-15,192.95,197.78,190.835,197.75
META,2023-03-16,198.26,205.76,196.089,204.93
META,2023-03-17,200.56,201.9,195.43,195.61
META,2023-03-20,198.48,199.36,193.64,197.81
META,2023-03-21,203.2,203.55,197.95,202.16
META,2023-03-22,202.5,207.37,199.67,199.81
META,2023-03-23,202.84,207.88,202.15,204.28
META,2023-03-24,205.18,207.58,203.55,206.01
META,2023-03-27,204.81,205.86,201.36,202.84
META,2023-03-28,200.15,201.03,197.9,200.68
META,2023-03-29,203.56,205.72,202.536,205.35
META,2023-03-30,203.38,208.09,202.82,207.84
META,2023-03-31,207.24,212.17,206.77,211.94
META,2023-04-03,208.84,213.486,208.2,213.07
META,2023-04-04,213.39,216.24,212.54,214.72
META,2023-04-05,214.15,215.19,209.94,211.48
META,2023-04-06,209.25,216.94,208.65,216.1
META,2023-04-10,214.71,215.66,210.66,214.75
META,2023-04-11,215.48,216.02,213.41,213.85
META,2023-04-12,214.835,216.84,212.584,214.0
META,2023-04-13,215.73,221.15,215.69,220.35
META,2023-04-14,217.88,222.11,217.55,221.49
META,2023-04-17,219.79,220.979,217.13,218.86
META,2023-04-18,219.91,220.44,216.21,217.89
META,2023-04-19,213.472,217.33,212.93,215.7
META,2023-04-20,213.48,216.75,212.77,213.07
META,2023-04-21,210.21,213.41,209.58,212.89
META,2023-04-24,213.675,213.92,210.71,212.79
META,2023-04-25,210.815,211.26,207.13,207.55
META,2023-04-26,212.5,214.11,208.88,209.4
META,2023-04-27,239.89,241.685,236.77,238.56
META,2023-04-28,239.01,240.43,235.75,240.32
META,2023-05-01,238.615,244.0,236.46,243.18
META,2023-05-02,243.18,244.92,238.99,239.24
META,2023-05-03,239.47,241.75,232.75,237.03
META,2023-05-04,236.06,238.2,232.926,233.52
META,2023-05-05,232.24,234.68,229.85,232.78
META,2023-05-08,231.415,235.62,230.27,233.27
META,2023-05-09,231.46,235.88,231.08,233.37
META,2023-05-10,236.17,236.75,230.72,233.08
META,2023-05-11,233.05,238.21,232.3,235.79
META,2023-05-12,236.74,236.96,231.45,233.81
META,2023-05-15,236.92,240.255,235.33,238.86
META,2023-05-16,235.79,239.635,235.52,238.82
META,2023-05-17,238.45,243.842,238.14,242.485
META,2023-05-18,241.3,247.088,241.19,246.85
META,2023-05-19,247.47,248.69,243.41,245.64
META,2023-05-22,245.41,253.57,245.12,248.32
META,2023-05-23,246.81,251.61,246.65,246.74
META,2023-05-24,245.28,249.589,244.952,249.21
META,2023-05-25,253.4,255.62,249.17,252.69
META,2023-05-26,252.93,262.311,252.71,262.04
META,2023-05-30,265.25,268.65,261.29,262.52
META,2023-05-31,260.0,265.0,258.45,264.72
META,2023-06-01,265.9,274.0,265.89,272.61
META,2023-06-02,272.66,275.35,271.12,272.61
META,2023-06-05,270.3,275.57,269.56,271.39
META,2023-06-06,270.14,276.57,269.69,271.12
META,2023-06-07,271.67,274.25,262.8,263.6
META,2023-06-08,260.62,267.65,258.88,264.58
META,2023-06-09,262.48,267.949,261.7,264.95
META,2023-06-12,267.17,271.75,265.33,271.05
META,2023-06-13,274.88,275.72,269.092,271.32
META,2023-06-14,271.89,274.99,268.315,273.35
META,2023-06-15,272.3,283.99,271.42,281.83
META,2023-06-16,284.75,287.85,280.13,281.0
META,2023-06-20,278.73,284.8,276.22,284.33
META,2023-06-21,283.53,284.0,278.36,281.64
META,2023-06-22,279.08,285.26,277.79,284.88
META,2023-06-23,281.51,289.67,278.95,288.73
META,2023-06-26,288.28,289.79,277.6,278.47
META,2023-06-27,282.01,289.345,280.655,287.05
META,2023-06-28,284.82,289.55,284.06,285.29
META,2023-06-29,284.5,286.57,280.69,281.53
META,2023-06-30,284.76,289.05,284.415,286.98
META,2023-07-03,286.7,289.4,284.85,286.02
META,2023-07-05,287.65,298.12,286.36,294.37
META,2023-07-06,295.885,298.12,291.31,291.99
META,2023-07-07,292.18,296.2,288.66,290.53
META,2023-07-10,295.55,298.13,287.05,294.1
META,2023-07-11,293.9,300.18,291.9,298.29
META,2023-07-12,301.745,309.45,300.1,309.34
META,2023-07-13,313.62,316.24,310.29,313.41
META,2023-07-14,311.79,314.88,307.361,308.87
META,2023-07-17,307.54,311.71,304.71,310.62
META,2023-07-18,310.875,314.2,307.619,312.05
META,2023-07-19,313.03,318.68,310.52,316.01
META,2023-07-20,313.5,315.54,302.22,302.52
META,2023-07-21,304.57,305.46,291.2,294.26
META,2023-07-24,295.78,297.52,288.3,291.61
META,2023-07-25,295.19,298.3,291.86,294.47
META,2023-07-26,301.19,301.77,291.9,298.57
META,2023-07-27,325.12,325.35,309.84,311.71
META,2023-07-28,316.875,326.2,314.248,325.48
META,2023-07-31,323.69,325.66,317.59,318.6
META,2023-08-01,317.535,324.14,314.66,322.71
META,2023-08-02,318.0,318.39,310.65,314.31
META,2023-08-03,309.93,315.95,309.93,313.19
META,2023-08-04,314.96,318.41,310.2,310.73
META,2023-08-07,313.23,317.07,310.46,316.56
META,2023-08-08,314.4,317.89,310.11,312.64
META,2023-08-09,312.88,313.63,302.85,305.21
META,2023-08-10,307.94,312.339,303.87,305.74
META,2023-08-11,302.57,304.72,300.36,301.64
META,2023-08-14,300.98,306.21,298.25,306.19
META,2023-08-15,306.14,307.23,300.03,301.95
META,2023-08-16,300.195,301.08,294.28,294.29
META,2023-08-17,293.05,296.05,284.95,285.09
META,2023-08-18,279.03,285.69,274.38,283.25
META,2023-08-21,283.45,290.5,281.85,289.9
META,2023-08-22,292.55,292.9,286.75,287.6
META,2023-08-23,288.5,297.4,287.67,294.24
META,2023-08-24,298.5,299.46,286.64,286.75
META,2023-08-25,286.13,288.386,276.03,285.5
META,2023-08-28,288.0,291.45,285.8,290.26
META,2023-08-29,288.585,299.15,288.18,297.99
META,2023-08-30,297.17,298.29,293.43,295.1
META,2023-08-31,295.8,301.1,295.66,295.89
META,2023-09-01,299.37,301.74,294.47,296.38
META,2023-09-05,297.02,301.39,295.51,300.15
META,2023-09-06,301.71,303.3,295.66,299.17
META,2023-09-07,298.0,307.05,292.22,298.67
META,2023-09-08,299.22,305.25,296.78,297.89
META,2023-09-11,301.41,309.04,301.28,307.56
META,2023-09-12,306.33,308.66,300.23,301.66
META,2023-09-13,302.36,307.18,301.321,305.06
META,2023-09-14,306.74,312.87,305.03,311.72
META,2023-09-15,311.61,312.0,298.75,300.31
META,2023-09-18,298.19,303.6,297.8,302.55
META,2023-09-19,302.48,306.17,299.81,305.07
META,2023-09-20,305.05,308.06,299.43,299.67
META,2023-09-21,295.7,300.257,293.27,295.73
META,2023-09-22,299.3,305.38,298.27,299.08
META,2023-09-25,295.64,300.95,293.7,300.83
META,2023-09-26,297.66,300.3,296.01,298.96
META,2023-09-27,300.45,301.3,286.79,297.74
META,2023-09-28,298.935,306.33,296.7,303.96
META,2023-09-29,307.38,310.64,299.36,300.21
META,2023-10-02,302.74,307.18,301.63,306.82
META,2023-10-03,304.26,306.77,299.64,300.94
META,2023-10-04,298.725,306.9,298.5,305.58
META,2023-10-05,304.625,306.208,299.5,304.79
META,2023-10-06,301.44,316.31,300.915,315.43
META,2023-10-09,312.5,320.33,311.82,318.36
META,2023-10-10,319.12,324.66,318.16,321.84
META,2023-10-11,323.005,328.835,322.95,327.82
META,2023-10-12,328.0,330.54,322.69,324.16
META,2023-10-13,323.53,325.05,312.37,314.69
META,2023-10-16,318.64,321.82,315.52,321.15
META,2023-10-17,318.18,324.4,317.3,324.0
META,2023-10-18,321.39,325.94,315.56,316.97
META,2023-10-19,319.875,321.89,311.75,312.81
META,2023-10-20,314.14,315.3,306.47,308.65
META,2023-10-23,309.5,317.36,307.26,314.01
META,2023-10-24,316.78,318.35,310.63,312.55
META,2023-10-25,310.0,310.88,298.84,299.53
META,2023-10-26,295.0,295.0,279.403,288.35
META,2023-10-27,294.48,299.31,292.97,296.73
META,2023-10-30,299.09,309.397,299.05,302.66
META,2023-10-31,303.31,303.68,296.86,301.27
META,2023-11-01,301.85,312.74,301.85,311.85
META,2023-11-02,317.3,318.82,308.33,310.87
META,2023-11-03,312.55,315.55,311.017,314.6
META,2023-11-06,315.98,318.33,314.45,315.8
META,2023-11-07,317.06,321.0,315.12,318.82
META,2023-11-08,318.14,321.33,314.88,319.78
META,2023-11-09,319.418,324.18,318.8,320.55
META,2023-11-10,319.94,329.1,319.46,328.77
META,2023-11-13,326.2,332.33,325.7,329.19
META,2023-11-14,334.54,338.1,333.33,336.31
META,2023-11-15,337.93,338.4,330.02,332.71
META,2023-11-16,329.37,334.58,326.38,334.19
META,2023-11-17,330.26,335.5,329.35,335.04
META,2023-11-20,334.89,341.87,334.19,339.97
META,2023-11-21,338.33,339.901,335.9,336.98
META,2023-11-22,339.21,342.92,338.58,341.49
META,2023-11-24,340.13,341.856,336.77,338.23
META,2023-11-27,336.18,339.9,334.2,334.7
META,2023-11-28,333.4,339.375,333.4,338.99
META,2023-11-29,339.69,339.9,330.78,332.2
META,2023-11-30,331.89,333.5,322.404,327.15
META,2023-12-01,325.48,326.86,320.76,324.82
META,2023-12-04,317.29,320.86,313.66,320.02
META,2023-12-05,318.98,321.88,315.39,318.29
META,2023-12-06,321.93,322.25,317.04,317.45
META,2023-12-07,317.77,328.24,317.77,326.59
META,2023-12-08,323.09,333.17,323.0,332.75
META,2023-12-11,329.4,329.89,319.995,325.28
META,2023-12-12,324.6,334.47,324.56,334.22
META,2023-12-13,333.93,338.37,332.64,334.74
META,2023-12-14,333.85,334.7,328.637,333.17
META,2023-12-15,331.99,338.66,331.22,334.92
META,2023-12-18,337.48,347.56,337.02,344.62
META,2023-12-19,345.58,353.6,345.12,350.36
META,2023-12-20,348.65,354.96,347.79,349.28
META,2023-12-21,352.98,356.405,349.21,354.09
META,2023-12-22,355.58,357.2,351.22,353.39
META,2023-12-26,354.99,356.98,353.45,354.83
META,2023-12-27,356.07,359.0,355.31,357.83
META,2023-12-28,359.7,361.9,357.81,358.32
META,2023-12-29,358.99,360.0,351.82,353.96
META,2024-01-02,351.32,353.16,340.01,346.29
META,2024-01-03,344.98,347.95,343.175,344.47
META,2024-01-04,344.5,348.15,343.399,347.12
META,2024-01-05,346.99,353.5,346.26,351.95
META,2024-01-08,354.7,358.98,352.05,358.66
META,2024-01-09,356.4,360.64,355.36,357.43
META,2024-01-10,360.17,372.94,359.08,370.47
META,2024-01-11,372.13,372.78,362.93,369.67
META,2024-01-12,370.155,377.06,369.54,374.49
META,2024-01-16,373.65,375.61,367.23,367.46
META,2024-01-17,366.3,368.54,358.61,368.37
META,2024-01-18,371.49,376.85,370.95,376.13
META,2024-01-19,379.0,384.36,377.97,383.45
META,2024-01-22,387.95,390.353,381.16,381.78
META,2024-01-23,384.615,388.38,382.075,385.2
META,2024-01-24,390.0,396.15,387.81,390.7
META,2024-01-25,390.17,395.49,385.66,393.18
META,2024-01-26,394.35,396.79,391.591,394.14
META,2024-01-29,394.985,402.93,393.1,401.02
META,2024-01-30,403.59,406.36,399.57,400.06
META,2024-01-31,389.0,398.0,387.1,390.14
META,2024-02-01,393.94,400.5,393.05,394.78
META,2024-02-02,459.6,485.96,453.01,474.99
META,2024-02-05,469.88,471.9,459.22,459.41
META,2024-02-06,464.0,467.12,453.0,454.72
META,2024-02-07,458.0,471.52,456.177,469.59
META,2024-02-08,468.32,470.59,465.03,470.0
META,2024-02-09,472.95,473.59,467.465,468.11
META,2024-02-12,468.19,479.145,466.58,468.9
META,2024-02-13,456.87,467.89,455.09,460.12
META,2024-02-14,467.93,474.11,466.09,473.28
META,2024-02-15,475.28,488.62,472.22,484.03
META,2024-02-16,478.11,478.96,469.21,473.32
META,2024-02-20,469.715,476.18,466.56,471.75
META,2024-02-21,466.5,469.0,461.79,468.03
META,2024-02-22,480.24,489.99,476.062,486.13
META,2024-02-23,488.05,494.36,482.348,484.03
META,2024-02-26,483.47,486.14,480.6,481.74
META,2024-02-27,479.975,487.27,479.92,487.05
META,2024-02-28,485.0,491.05,482.75,484.02
META,2024-02-29,488.44,491.7,482.61,490.13
META,2024-03-01,492.11,504.25,491.85,502.3
META,2024-03-04,503.0,504.42,496.42,498.19
META,2024-03-05,495.0,495.58,487.89,490.22
META,2024-03-06,497.63,502.97,494.292,496.09
META,2024-03-07,503.28,519.85,501.38,512.19
META,2024-03-08,514.19,523.57,499.35,505.95
META,2024-03-11,497.01,497.318,476.0,483.59
META,2024-03-12,493.26,502.31,484.73,499.75
META,2024-03-13,495.39,500.98,491.032,495.57
META,2024-03-14,500.255,501.35,488.16,491.83
META,2024-03-15,489.01,491.83,481.3,484.1
META,2024-03-18,491.91,497.42,486.81,496.98
META,2024-03-19,488.17,496.63,481.28,496.24
META,2024-03-20,499.5,508.2,495.17,505.52
META,2024-03-21,514.71,515.04,506.01,507.76
META,2024-03-22,507.0,509.97,504.34,509.58
META,2024-03-25,505.79,507.22,500.241,503.02
META,2024-03-26,505.13,510.0,495.214,495.89
META,2024-03-27,499.3,499.89,488.07,493.86
META,2024-03-28,492.84,492.89,485.15,485.58
META,2024-04-01,487.2,497.43,481.78,491.35
META,2024-04-02,485.1,497.53,484.65,497.37
META,2024-04-03,498.93,507.24,498.75,506.74
META,2024-04-04,516.42,530.0,510.58,510.92
META,2024-04-05,516.855,530.7,514.41,527.34
META,2024-04-08,529.28,531.49,518.89,519.25
META,2024-04-09,522.23,525.87,506.74,516.9
META,2024-04-10,509.29,522.56,505.8,519.83
META,2024-04-11,521.11,523.86,517.29,523.16
META,2024-04-12,517.75,520.19,509.33,511.9
META,2024-04-15,516.72,518.53,497.28,500.23
META,2024-04-16,498.11,504.77,497.11,499.76
META,2024-04-17,503.1,503.16,487.14,494.17
META,2024-04-18,499.82,512.21,499.04,501.8
META,2024-04-19,502.8,502.8,475.73,481.06
META,2024-04-22,489.715,492.01,473.4,481.73
META,2024-04-23,491.25,498.76,488.97,496.1
META,2024-04-24,508.06,510.0,484.58,493.5
META,2024-04-25,421.4,445.77,414.5,441.38
META,2024-04-26,441.46,446.44,431.96,443.29
META,2024-04-29,439.56,439.76,428.56,432.62
META,2024-04-30,431.05,439.62,429.72,430.17
META,2024-05-01,428.6,449.96,427.11,439.19
META,2024-05-02,438.84,443.96,432.28,441.68
META,2024-05-03,445.93,454.17,443.85,451.96
META,2024-05-06,455.58,466.16,453.34,465.68
META,2024-05-07,466.29,471.53,461.31,468.24
META,2024-05-08,463.5,475.58,463.002,472.6
META,2024-05-09,470.0,476.08,467.63,475.42
META,2024-05-10,477.09,477.5,469.6,476.2
META,2024-05-13,472.75,473.35,462.85,468.01
META,2024-05-14,463.37,472.54,460.08,471.85
META,2024-05-15,474.98,482.5,471.2,481.54
META,2024-05-16,475.0,477.69,472.75,473.23
META,2024-05-17,470.83,472.8,468.42,471.91
META,2024-05-20,469.95,473.2,467.04,468.84
META,2024-05-21,467.12,470.7,462.27,464.63
META,2024-05-22,467.87,473.72,465.65,467.78
META,2024-05-23,472.88,474.358,461.54,465.78
META,2024-05-24,467.62,479.85,466.3,478.22
META,2024-05-28,476.575,480.86,474.84,479.92
META,2024-05-29,474.66,479.85,473.7,474.36
META,2024-05-30,471.67,471.73,464.71,467.05
META,2024-05-31,465.8,469.12,454.46,466.83
META,2024-06-03,470.86,479.6,468.24,477.49
META,2024-06-04,477.0,478.89,473.232,476.99
META,2024-06-05,484.45,496.65,483.91,495.06
META,2024-06-06,492.98,502.82,490.89,493.76
META,2024-06-07,495.91,498.91,490.17,492.96
META,2024-06-10,493.86,502.66,493.41,502.6
META,2024-06-11,500.16,507.6,498.27,507.47
META,2024-06-12,513.99,514.01,504.47,508.74
META,2024-06-13,505.71,509.33,501.36,504.0
META,2024-06-14,502.65,507.15,500.75,504.16
META,2024-06-17,501.67,510.75,496.01,506.63
META,2024-06-18,504.56,506.0,495.02,499.49
META,2024-06-20,502.0,503.67,496.77,501.64
META,2024-06-21,503.45,503.45,492.39,494.64
META,2024-06-24,499.2,507.8,494.29,498.725
META,2024-06-25,497.05,510.71,495.5,510.58
META,2024-06-26,506.645,513.81,504.677,513.11
META,2024-06-27,514.25,522.88,513.9,519.56
META,2024-06-28,517.15,521.88,503.84,504.22
META,2024-07-01,504.95,506.58,493.17,504.68
META,2024-07-02,500.76,510.5,499.45,509.5
META,2024-07-03,506.37,511.28,506.02,509.96
META,2024-07-05,511.6,540.87,511.6,540.0
META,2024-07-08,542.35,542.81,526.65,529.32
META,2024-07-09,533.75,537.41,528.19,530.0
META,2024-07-10,530.79,538.88,528.36,534.69
META,2024-07-11,530.89,535.46,508.373,512.66
META,2024-07-12,497.755,508.09,494.23,498.12
META,2024-07-15,498.63,506.68,493.37,496.36
META,2024-07-16,501.42,503.95,485.79,489.85
META,2024-07-17,479.17,479.17,459.12,461.992
META,2024-07-18,475.0,479.239,464.54,475.85
META,2024-07-19,476.06,486.71,475.71,476.75
META,2024-07-22,486.575,492.06,483.9,487.4
META,2024-07-23,489.84,495.22,487.78,488.69
META,2024-07-24,472.305,476.3,460.58,461.31
META,2024-07-25,463.26,463.548,442.65,453.4
META,2024-07-26,464.195,469.77,459.42,465.7
META,2024-07-29,469.88,473.96,465.02,465.71
META,2024-07-30,467.0,472.63,456.7,463.18
META,2024-07-31,471.02,476.5,466.75,474.36
META,2024-08-01,521.0,527.171,492.1,497.86
META,2024-08-02,489.0,501.145,476.321,488.105
META,2024-08-05,451.345,483.48,450.81,475.73
META,2024-08-06,479.0,502.56,478.66,494.104
META,2024-08-07,503.13,510.15,486.86,488.92
META,2024-08-08,497.5,509.96,494.754,509.63
META,2024-08-09,507.71,518.34,505.7,517.77
META,2024-08-12,516.86,518.02,509.1,515.95
META,2024-08-13,520.01,531.5,518.15,528.54
META,2024-08-14,528.06,534.0,523.13,526.76
META,2024-08-15,531.79,539.77,526.7,537.33
META,2024-08-16,531.9,533.66,524.66,527.42
META,2024-08-19,526.87,531.66,522.76,529.28
META,2024-08-20,528.35,531.09,525.88,526.73
META,2024-08-21,527.15,539.4,526.935,535.16
META,2024-08-22,537.0,544.23,528.59,532.1
META,2024-08-23,536.92,539.87,525.06,528.0
META,2024-08-26,527.6,528.0,514.95,521.16
META,2024-08-27,518.98,524.01,515.31,519.1
META,2024-08-28,517.675,521.085,512.45,516.78
META,2024-08-29,519.05,527.2,515.679,518.22
META,2024-08-30,521.475,523.54,515.2,521.81
META,2024-09-03,519.64,525.35,508.618,511.78
META,2024-09-04,506.07,516.59,504.07,512.74
META,2024-09-05,511.72,521.63,511.15,517.07
META,2024-09-06,522.275,524.585,498.25,500.4
META,2024-09-09,506.16,511.33,502.08,504.79
META,2024-09-10,508.16,514.18,500.028,504.79
META,2024-09-11,507.01,513.12,495.6,511.775
META,2024-09-12,517.05,526.71,515.22,525.62
META,2024-09-13,520.34,527.581,517.11,524.62
META,2024-09-16,524.54,534.1,517.55,533.28
META,2024-09-17,537.6,542.1,530.57,536.315
META,2024-09-18,537.065,544.2,533.903,537.75
META,2024-09-19,550.0,562.07,546.52,559.1
META,2024-09-20,560.0,564.5,556.3,561.35
META,2024-09-23,569.5,573.98,562.41,564.41
META,2024-09-24,566.68,567.745,554.19,563.35
META,2024-09-25,564.05,576.88,563.72,568.31
META,2024-09-26,575.73,577.4,562.35,567.7
META,2024-09-27,570.1,570.84,564.51,567.36
META,2024-09-30,567.7,574.68,564.8,572.46
META,2024-10-01,577.98,583.04,570.1,576.43
META,2024-10-02,574.86,575.82,569.88,572.68
META,2024-10-03,570.15,583.36,568.73,582.61
META,2024-10-04,583.73,596.85,581.45,595.94
META,2024-10-07,598.22,602.95,584.04,584.88
META,2024-10-08,589.69,593.56,585.97,592.84
META,2024-10-09,593.99,594.37,581.61,590.51
META,2024-10-10,587.57,590.23,582.52,583.75
META,2024-10-11,584.83,591.21,582.71,589.95
META,2024-10-14,594.22,600.1,589.97,590.33
META,2024-10-15,590.16,590.61,580.143,586.28
META,2024-10-16,581.395,582.08,574.03,576.79
META,2024-10-17,583.33,584.97,575.2,576.93
META,2024-10-18,581.1,583.968,575.25,576.47
META,2024-10-21,576.03,577.24,569.11,575.16
META,2024-10-22,574.29,583.53,572.12,582.01
META,2024-10-23,579.97,585.0,562.5,563.69
META,2024-10-24,567.0,568.88,561.52,567.78
META,2024-10-25,573.935,581.282,571.72,573.25
META,2024-10-28,582.0,583.75,574.12,578.16
META,2024-10-29,580.145,593.67,575.398,593.47
META,2024-10-30,600.98,601.2,589.38,591.55
META,2024-10-31,585.0,589.89,563.01,567.45
META,2024-11-01,567.605,573.67,562.56,567.16
META,2024-11-04,564.1,568.69,557.89,560.68
META,2024-11-05,567.305,573.48,567.031,572.43
META,2024-11-06,562.58,573.0,555.168,572.04
META,2024-11-07,576.89,594.8,575.21,591.61
META,2024-11-08,591.54,592.92,584.52,589.5
META,2024-11-11,586.36,587.0,576.51,583.17
META,2024-11-12,588.545,599.66,580.38,584.82
META,2024-11-13,582.605,585.64,575.17,580.13
META,2024-11-14,577.0,580.76,573.01,577.16
META,2024-11-15,571.22,572.57,551.5,554.08
META,2024-11-18,557.04,559.9,550.09,554.4
META,2024-11-19,552.3,561.43,550.6,561.09
META,2024-11-20,562.93,566.35,554.2,565.52
META,2024-11-21,569.52,570.0,549.05,563.09
META,2024-11-22,563.55,563.827,554.59,559.14
META,2024-11-25,562.1,572.591,556.39,565.11
META,2024-11-26,565.3,577.5,565.3,573.54
META,2024-11-27,569.2,569.2,564.1,569.2
META,2024-11-29,569.0,578.46,566.9,574.32
META,2024-12-02,577.5,594.5,575.57,592.83
META,2024-12-03,595.0,614.2,591.25,613.65
META,2024-12-04,612.96,617.78,605.1,613.78
META,2024-12-05,617.075,619.9,607.05,608.93
META,2024-12-06,610.1,629.79,608.53,623.77
META,2024-12-09,623.925,626.4,606.17,613.57
META,2025-01-27,626.61,663.87,625.1,659.88
META,2025-01-28,666.0,682.58,659.465,674.33
META,2025-01-29,675.0,681.046,665.67,676.49
META,2025-01-30,696.82,710.79,676.1,687.0
META,2025-01-31,691.0,705.3,685.58,689.18
META,2025-02-03,675.91,704.0,675.25,697.46
META,2025-02-04,702.5,707.71,691.61,704.19
META,2025-02-05,703.55,718.14,699.01,704.87
META,2025-02-06,705.88,718.9,703.5,711.99
META,2025-02-07,716.795,725.01,711.75,714.52
META,2025-02-10,718.56,721.2,711.33,717.4
META,2025-02-11,713.32,723.66,710.04,719.8
META,2025-02-12,715.3,727.1,712.6,725.38
META,2025-02-13,721.52,729.0,718.04,728.56
META,2025-02-14,726.14,740.91,725.62,736.67
META,2025-02-18,736.0,737.0,706.44,716.37
META,2025-02-19,704.095,707.0,695.39,703.77
META,2025-02-20,697.275,705.63,693.64,694.84
META,2025-02-21,696.58,703.87,682.36,683.55
META,2025-02-24,686.28,687.27,662.45,668.128
META,2025-02-25,665.972,668.0,641.86,657.53
META,2025-02-26,659.855,683.008,658.0,673.7
META,2025-02-27,682.45,688.63,657.57,658.24
META,2025-02-28,658.0,669.63,642.602,668.16
META,2025-03-03,673.675,681.14,650.844,655.05
META,2025-03-04,645.53,649.75,623.65,640.0
META,2025-03-05,641.0,659.5,637.66,656.47
META,2025-03-06,648.0,650.555,624.11,627.94
META,2025-03-07,625.37,634.79,600.61,625.66
META,2025-03-10,608.07,610.106,586.88,598.12
META,2025-03-11,595.055,614.934,595.055,605.71
META,2025-03-12,629.535,633.33,609.35,619.56
META,2025-03-13,620.245,620.5,586.51,590.64
META,2025-03-14,602.805,608.86,594.78,607.6
META,2025-03-17,607.46,613.1,598.0,604.9
META,2025-03-18,600.05,600.25,574.66,582.36
META,2025-03-19,584.28,592.322,574.77,584.06
META,2025-03-20,582.755,610.2,579.51,586.0
META,2025-03-21,583.425,597.545,580.95,596.24
META,2025-03-24,614.97,622.0,612.2,618.438
META,2025-03-25,626.76,633.88,621.18,626.31
META,2025-03-26,624.86,626.75,606.61,610.921
META,2025-03-27,602.0,614.25,600.1,602.58
META,2025-03-28,600.31,601.5,573.92,576.74
META,2025-03-31,563.5,578.7,553.3,576.36
META,2025-04-01,570.84,589.91,570.0,586.0
META,2025-04-02,574.91,592.66,573.36,583.93
META,2025-04-03,546.22,552.56,530.3,531.6
META,2025-04-04,506.62,517.78,494.2,504.89
META,2025-04-07,485.1,539.37,481.9,516.25
META,2025-04-08,543.25,547.345,502.86,510.45
META,2025-04-09,508.72,587.89,502.27,584.73
META,2025-04-10,575.77,581.24,535.3,546.29
META,2025-04-11,535.45,547.32,528.88,543.57
META,2025-04-14,556.175,557.76,528.28,531.48
META,2025-04-15,532.105,537.94,517.5,521.52
META,2025-04-16,508.51,513.36,495.63,502.31
META,2025-04-17,505.25,507.3,498.013,501.48
META,2025-04-21,491.325,493.5,479.8,484.66
META,2025-04-22,491.17,506.88,486.5,500.28
META,2025-04-23,528.525,535.27,516.52,520.4
META,2025-04-24,519.07,533.9,517.5,533.15
META,2025-04-25,546.8,549.86,536.25,547.27
META,2025-04-28,555.609,558.49,540.66,549.679
META,2025-04-29,546.0,556.57,544.12,554.44
META,2025-04-30,538.4,549.1,529.87,547.41
META,2025-05-01,592.075,592.95,570.5,572.21
META,2025-05-02,583.455,604.34,578.445,597.02
META,2025-05-05,591.22,603.21,588.05,599.27
META,2025-05-06,592.525,596.03,586.58,587.31
META,2025-05-07,590.36,603.075,587.26,596.81
META,2025-05-08,606.285,611.296,596.62,598.01
META,2025-05-09,603.72,606.97,591.83,592.49
META,2025-05-12,630.92,640.39,621.03,639.43
META,2025-05-13,645.545,660.92,642.83,656.03
META,2025-05-14,661.36,662.64,654.48,659.36
META,2025-05-15,654.275,657.31,638.58,640.77
META,2025-05-16,637.955,640.44,626.15,640.34
META,2025-05-19,628.25,643.0,627.8,640.43
META,2025-05-20,636.01,639.354,632.26,637.1
META,2025-05-21,631.79,646.61,630.17,635.5
META,2025-05-22,634.05,643.09,630.74,636.57
META,2025-05-23,624.0,632.445,623.07,627.06
META,2025-05-27,635.41,643.05,632.75,642.32
META,2025-05-28,642.6,650.88,642.547,643.792
META,2025-05-29,651.645,653.31,639.5,645.05
META,2025-05-30,642.5,649.41,632.78,646.73
META,2025-06-02,644.39,673.26,644.262,670.9
META,2025-06-03,671.445,675.58,665.03,666.85
META,2025-06-04,669.32,689.0,668.57,687.95
META,2025-06-05,691.66,694.38,682.25,684.42
META,2025-06-06,696.17,702.806,691.87,697.71
META,2025-06-09,698.46,705.19,693.94,694.06
META,2025-06-10,701.345,703.23,691.56,702.4
META,2025-06-11,703.705,708.871,691.99,694.14
META,2025-06-12,693.3,695.38,687.0,693.36
META,2025-06-13,687.95,694.57,681.01,682.87
META,2025-06-16,699.33,707.15,693.51,702.12
META,2025-06-17,702.0,705.97,696.06,697.23
META,2025-06-18,698.18,701.59,694.9,695.77
META,2025-06-20,700.75,701.82,678.67,682.35
META,2025-06-23,683.69,699.05,678.75,698.53
META,2025-06-24,704.885,713.19,702.11,712.197
META,2025-06-25,713.315,716.58,705.38,708.68
META,2025-06-26,714.355,728.22,711.05,726.09
META,2025-06-27,726.515,735.43,725.86,733.47
META,2025-06-30,744.55,747.9,734.28,738.01
META,2025-07-01,736.875,737.75,715.37,719.17
META,2025-07-02,715.325,720.22,712.8,713.17
META,2025-07-03,726.61,729.03,714.42,719.01
META,2025-07-07,717.6,727.0,713.51,718.35
META,2025-07-08,721.57,722.91,714.81,720.67
META,2025-07-09,722.715,737.53,722.715,732.78
META,2025-07-10,731.55,735.8,719.6,727.24
META,2025-07-11,717.51,717.51,717.51,717.51
META,2025-07-14,717.6,727.99,716.547,720.92
META,2025-07-15,723.9,724.472,709.97,710.39
META,2025-07-16,713.37,713.97,699.27,702.91
META,2025-07-17,704.39,705.9,697.105,701.41
META,2025-07-18,702.19,704.71,691.66,704.28
META,2025-07-21,706.8,717.0,705.76,712.965
META,2025-07-22,716.19,716.6,701.41,704.81
META,2025-07-23,706.365,714.628,704.93,713.58
META,2025-07-24,717.05,723.624,714.0,714.8
META,2025-07-25,716.915,720.65,711.9,712.68
META,2025-07-28,715.2,724.735,712.68,717.63
META,2025-07-29,720.0,724.47,699.91,700.0
META,2025-07-30,708.09,708.5,691.2,695.21
META,2025-07-31,775.2,784.75,765.51,773.44
META,2025-08-01,760.73,766.0,745.31,750.01
META,2025-08-04,760.0,776.85,758.41,776.37
META,2025-08-05,776.445,783.13,763.0,763.46
META,2025-08-06,770.0,773.64,760.46,771.99
META,2025-08-07,773.49,775.0,759.55,761.83
META,2025-08-08,762.75,769.9,758.58,769.3
META,2025-08-11,770.075,773.458,764.67,765.62
META,2025-08-12,773.0,793.67,772.43,790.0
META,2025-08-13,791.15,795.456,778.23,779.94
META,2025-08-14,777.88,787.81,772.51,782.13
META,2025-08-15,784.15,796.25,780.82,785.23
META,2025-08-18,775.085,775.81,756.56,767.37
META,2025-08-19,767.12,767.17,749.37,751.48
META,2025-08-20,747.57,750.2,731.0,747.72
META,2025-08-21,744.705,745.5,733.11,739.1
META,2025-08-22,739.23,756.9,734.39,754.694
META,2025-08-25,754.82,758.88,750.13,753.3
META,2025-08-26,750.8,754.87,747.94,754.1
META,2025-08-27,752.3,754.15,742.84,747.38
META,2025-08-28,744.0,753.055,740.795,751.11
META,2025-08-29,745.28,747.14,735.347,738.7
META,2025-09-02,726.04,736.0,721.731,735.11
META,2025-09-03,736.0,740.25,733.989,736.9
META,2025-09-04,748.57,761.16,745.82,748.65
META,2025-09-05,752.615,757.95,745.03,752.45
META,2025-09-08,755.995,766.51,752.02,752.3
META,2025-09-09,757.49,766.3,753.43,765.7
META,2025-09-10,765.13,765.5,751.0,751.98
META,2025-09-11,754.65,757.1,748.37,750.75
META,2025-09-12,748.725,757.57,743.76,755.59
META,2025-09-15,757.47,774.07,751.985,764.7
META,2025-09-16,767.0,781.36,765.1,779.0
META,2025-09-17,779.99,783.29,766.31,775.48
META,2025-09-18,780.75,788.78,773.36,780.45
META,2025-09-19,786.42,790.8,769.19,778.88
META,2025-09-22,781.845,785.73,764.47,765.16
META,2025-09-23,769.25,770.6,751.07,755.4
META,2025-09-24,757.5,761.11,752.525,760.66
META,2025-09-25,753.45,756.765,744.55,748.91
META,2025-09-26,750.0,751.93,737.353,743.75
META,2025-09-29,748.72,750.78,739.15,743.4
META,2025-09-30,742.25,742.97,726.3,734.38
META,2025-10-01,721.49,721.85,710.2,717.335
META,2025-10-02,722.58,727.77,718.14,727.05
META,2025-10-03,729.625,731.0,710.19,710.56
META,2025-10-06,705.185,716.88,690.51,715.66
META,2025-10-07,717.72,718.4999,705.75,713.08
META,2025-10-08,713.45,719.65,707.81,717.84
META,2025-10-09,718.275,733.51,712.44,733.51
META,2025-10-10,730.92,735.27,704.51,705.3
META,2025-10-13,713.01,719.94,707.6413,715.59
META,2025-10-14,707.78,715.55,699.33,708.65
META,2025-10-15,717.06,723.9,709.51,717.66
META,2025-10-16,717.55,725.49,703.88,712.07
META,2025-10-17,707.075,718.54,706.13,716.915
META,2025-10-20,721.19,733.77,720.18,732.284
META,2025-10-21,736.015,738.5,728.75,733.27
META,2025-10-22,733.83,740.6,724.03,733.41
META,2025-10-23,734.7,742.41,733.1,734.0
META,2025-10-24,736.79,741.21,731.15,738.36
META,2025-10-27,749.73,755.75,748.01,750.82
META,2025-10-28,752.63,758.4,745.5201,751.44
META,2025-10-29,754.75,759.105,742.51,751.99
META,2025-10-30,669.15,680.9599,650.18,665.78
META,2025-10-31,674.51,674.89,645.57,648.48
META,2025-11-03,656.0,659.3299,636.18,637.71
META,2025-11-04,628.035,641.7399,626.01,627.32
META,2025-11-05,632.31,642.23,626.5375,635.95
META,2025-11-06,635.85,636.0,618.0,618.94
META,2025-11-07,616.485,622.1348,601.2,621.71
META,2025-11-10,631.09,635.0,623.23,631.78
META,2025-11-11,628.0,629.56,619.39,627.08
META,2025-11-12,628.13,628.99,607.77,609.055
META,2025-11-13,613.07,617.65,603.0,609.98
META,2025-11-14,601.79,613.68,595.2,609.81
META,2025-11-17,609.035,611.69,595.4,601.9
META,2025-11-18,591.6,603.66,583.78,597.769
META,2025-11-19,593.715,595.33,581.25,590.32
META,2025-11-20,603.5,606.72,583.35,589.23
META,2025-11-21,588.5,598.12,581.86,594.38
META,2025-11-24,598.72,616.7,597.6301,612.99
META,2025-11-25,624.0,637.045,618.3,636.22
META,2025-11-26,637.69,638.36,631.63,633.61
META,2025-11-28,636.075,648.05,635.5,647.95
META,2025-12-01,639.55,645.32,637.76,640.87
META,2025-12-02,642.34,647.87,638.07,647.1
META,2025-12-03,644.41,648.8499,637.55,639.6
META,2025-12-04,676.0,676.1,660.05,661.53
META,2025-12-05,664.0,674.69,662.3947,673.42
META,2025-12-08,669.34,676.71,665.07,666.8
META,2025-12-09,663.765,664.48,653.34,656.96
META,2025-12-10,649.95,654.51,643.3976,650.13
META,2025-12-11,643.29,655.28,640.795,652.71
META,2025-12-12,649.8,652.01,638.61,644.23
META,2025-12-15,645.7,653.0,638.7001,647.5
META,2025-12-16,643.5,662.52,643.2,657.15
META,2025-12-17,655.61,661.23,649.2,649.21
META,2025-12-18,657.025,670.56,656.46,664.55
META,2025-12-19,666.42,671.0,658.22,658.79
META,2025-12-22,661.645,673.58,656.65,661.5
META,2025-12-23,660.05,666.0,658.25,664.94
META,2025-12-24,662.53,668.18,662.2,667.55
META,2025-12-26,668.06,668.9499,661.3201,663.29
META,2025-12-29,658.01,660.23,654.39,658.69
META,2025-12-30,658.69,672.22,657.84,666.01
META,2025-12-31,664.75,665.0,659.44,660.09
META,2026-01-02,662.725,664.39,643.5,650.41
META,2026-01-05,650.41,664.54,647.7512,658.8
META,2026-01-06,659.57,665.52,651.91,660.62
META,2026-01-07,655.64,659.15,644.81,648.69
META,2026-01-08,645.88,647.102,635.72,646.06
META,2026-01-09,645.435,654.95,642.85,653.06
META,2026-01-12,652.525,653.95,641.225,641.97
META,2026-01-13,642.27,642.27,624.1,631.09
META,2026-01-14,626.5,628.45,614.815,615.58
META,2026-01-15,618.48,624.17,614.23,620.8
META,2026-01-16,624.1762,629.08,620.08,620.25
META,2026-01-20,607.88,611.4,600.0,604.67
META,2026-01-21,606.74,618.27,600.08,613.05
META,2026-01-22,629.35,660.57,626.55,647.63
META,2026-01-23,644.77,666.4899,644.445,658.76
META,2026-01-26,665.125,675.28,661.2855,672.36
META,2026-01-27,674.59,676.815,664.66,672.97
META,2026-01-28,674.5,677.6775,666.1,668.63
META,2026-01-29,737.43,744.0,712.55,738.58
META,2026-01-30,727.5,732.1366,713.59,716.8
META,2026-02-02,714.6,721.3,703.5201,706.4
META,2026-02-03,707.37,715.0,686.41,691.6
META,2026-02-04,687.73,688.83,667.46,668.99
META,2026-02-05,663.58,681.5,654.01,670.31
META,2026-02-06,665.49,671.9899,646.5001,661.46
META,2026-02-09,663.18,683.3099,658.78,677.22
META,2026-02-10,677.6,680.65,669.79,670.72
META,2026-02-11,674.0,679.2675,657.1,668.69
META,2026-02-12,669.97,676.0,645.28,650.05
META,2026-02-13,645.1,651.4299,634.58,639.76
MSFT,2023-01-03,243.08,245.75,237.4,239.58
MSFT,2023-01-04,232.275,232.87,225.96,229.1
MSFT,2023-01-05,227.2,227.55,221.76,222.31
MSFT,2023-01-06,223.0,225.76,219.35,224.93
MSFT,2023-01-09,226.45,231.237,226.41,227.12
MSFT,2023-01-10,227.755,231.31,227.33,228.85
MSFT,2023-01-11,231.29,235.95,231.11,235.77
MSFT,2023-01-12,235.26,239.9,233.56,238.51
MSFT,2023-01-13,237.002,239.37,234.92,239.23
MSFT,2023-01-17,237.97,240.91,237.09,240.35
MSFT,2023-01-18,241.565,242.38,235.52,235.81
MSFT,2023-01-19,233.78,235.52,230.68,231.93
MSFT,2023-01-20,234.855,240.74,234.51,240.22
MSFT,2023-01-23,241.1,245.165,239.65,242.58
MSFT,2023-01-24,242.5,243.95,240.44,242.04
MSFT,2023-01-25,234.48,243.3,230.9,240.61
MSFT,2023-01-26,243.65,248.31,242.0,248.0
MSFT,2023-01-27,248.99,249.83,246.83,248.16
MSFT,2023-01-30,244.51,245.6,242.2,242.71
MSFT,2023-01-31,243.45,247.95,242.945,247.81
MSFT,2023-02-01,248.0,255.18,245.47,252.75
MSFT,2023-02-02,258.82,264.69,257.25,264.6
MSFT,2023-02-03,259.542,264.2,257.1,258.35
MSFT,2023-02-06,257.44,258.3,254.78,256.77
MSFT,2023-02-07,260.53,268.775,260.08,267.56
MSFT,2023-02-08,273.2,276.76,266.21,266.73
MSFT,2023-02-09,273.8,273.98,262.8,263.62
MSFT,2023-02-10,261.53,264.09,260.662,263.1
MSFT,2023-02-13,267.64,274.6,267.15,271.32
MSFT,2023-02-14,272.67,274.97,269.28,272.17
MSFT,2023-02-15,268.32,270.73,266.18,269.32
MSFT,2023-02-16,264.02,266.74,261.9,262.15
MSFT,2023-02-17,259.39,260.09,256.0,258.06
MSFT,2023-02-21,254.48,255.49,251.59,252.67
MSFT,2023-02-22,254.09,254.34,250.34,251.51
MSFT,2023-02-23,255.56,256.84,250.48,254.77
MSFT,2023-02-24,249.96,251.0,248.1,249.22
MSFT,2023-02-27,252.46,252.82,249.39,250.16
MSFT,2023-02-28,249.07,251.49,248.73,249.42
MSFT,2023-03-01,250.76,250.93,245.79,246.27
MSFT,2023-03-02,246.55,251.4,245.61,251.11
MSFT,2023-03-03,252.19,255.62,251.39,255.29
MSFT,2023-03-06,256.425,260.12,255.98,256.87
MSFT,2023-03-07,256.3,257.69,253.39,254.15
MSFT,2023-03-08,254.04,254.542,250.81,253.7
MSFT,2023-03-09,255.82,259.56,251.58,252.32
MSFT,2023-03-10,251.08,252.79,247.6,248.59
MSFT,2023-03-13,247.4,257.91,245.73,253.92
MSFT,2023-03-14,256.75,261.07,255.86,260.79
MSFT,2023-03-15,259.98,266.48,259.21,265.44
MSFT,2023-03-16,265.205,276.56,263.28,276.2
MSFT,2023-03-17,278.26,283.33,276.32,279.43
MSFT,2023-03-20,276.98,277.48,269.85,272.23
MSFT,2023-03-21,274.88,275.0,269.519,273.78
MSFT,2023-03-22,273.4,281.04,272.18,272.29
MSFT,2023-03-23,277.94,281.06,275.2,277.66
MSFT,2023-03-24,277.24,280.63,275.28,280.57
MSFT,2023-03-27,280.5,281.459,275.52,276.38
MSFT,2023-03-28,275.79,276.14,272.045,275.23
MSFT,2023-03-29,278.96,281.14,278.41,280.51
MSFT,2023-03-30,284.23,284.46,281.48,284.05
MSFT,2023-03-31,283.73,289.27,283.0,288.3
MSFT,2023-04-03,286.52,288.27,283.95,287.23
MSFT,2023-04-04,287.23,290.45,285.67,287.18
MSFT,2023-04-05,285.85,287.15,282.92,284.34
MSFT,2023-04-06,283.21,292.08,282.03,291.6
MSFT,2023-04-10,289.208,289.6,284.71,289.39
MSFT,2023-04-11,285.75,285.98,281.64,282.83
MSFT,2023-04-12,284.79,287.01,281.96,283.49
MSFT,2023-04-13,283.59,289.9,283.17,289.84
MSFT,2023-04-14,287.0,288.48,283.69,286.14
MSFT,2023-04-17,289.93,291.6,286.16,288.8
MSFT,2023-04-18,291.57,291.755,287.01,288.37
MSFT,2023-04-19,285.99,289.05,284.54,288.45
MSFT,2023-04-20,285.25,289.03,285.08,286.11
MSFT,2023-04-21,285.01,286.27,283.061,285.76
MSFT,2023-04-24,282.09,284.95,278.72,281.77
MSFT,2023-04-25,279.51,281.6,275.37,275.42
MSFT,2023-04-26,296.7,299.57,292.73,295.37
MSFT,2023-04-27,295.97,305.2,295.25,304.83
MSFT,2023-04-28,304.01,308.93,303.31,307.26
MSFT,2023-05-01,306.97,308.6,305.15,305.56
MSFT,2023-05-02,307.76,309.18,303.91,305.41
MSFT,2023-05-03,306.62,308.61,304.09,304.4
MSFT,2023-05-04,306.24,307.763,303.4,305.41
MSFT,2023-05-05,305.72,311.97,304.27,310.65
MSFT,2023-05-08,310.13,310.2,306.09,308.65
MSFT,2023-05-09,308.0,310.04,306.31,307.0
MSFT,2023-05-10,308.62,313.0,307.67,312.31
MSFT,2023-05-11,310.1,311.12,306.26,310.11
MSFT,2023-05-12,310.55,310.65,306.6,308.97
MSFT,2023-05-15,309.095,309.905,307.59,309.46
MSFT,2023-05-16,309.83,313.71,309.83,311.74
MSFT,2023-05-17,312.29,314.43,310.74,314.0
MSFT,2023-05-18,314.53,319.04,313.72,318.52
MSFT,2023-05-19,316.74,318.75,316.37,318.34
MSFT,2023-05-22,318.6,322.59,318.01,321.18
MSFT,2023-05-23,320.03,322.72,315.25,315.26
MSFT,2023-05-24,314.73,316.5,312.61,313.85
MSFT,2023-05-25,323.24,326.9,320.0,325.92
MSFT,2023-05-26,324.02,333.4,323.88,332.89
MSFT,2023-05-30,335.23,335.74,330.52,331.21
MSFT,2023-05-31,332.29,335.94,327.33,328.39
MSFT,2023-06-01,325.93,333.53,324.72,332.58
MSFT,2023-06-02,334.247,337.5,332.55,335.4
MSFT,2023-06-05,335.22,338.56,334.66,335.94
MSFT,2023-06-06,335.33,335.37,332.17,333.68
MSFT,2023-06-07,331.65,334.49,322.5,323.38
MSFT,2023-06-08,323.935,326.64,323.35,325.26
MSFT,2023-06-09,324.99,329.99,324.41,326.79
MSFT,2023-06-12,328.58,332.1,325.16,331.85
MSFT,2023-06-13,334.465,336.98,330.39,334.29
MSFT,2023-06-14,334.34,339.04,332.81,337.34
MSFT,2023-06-15,337.48,349.84,337.2,348.1
MSFT,2023-06-16,351.32,351.47,341.95,342.33
MSFT,2023-06-20,339.31,342.08,335.86,338.05
MSFT,2023-06-21,336.37,337.73,332.07,333.56
MSFT,2023-06-22,334.12,340.12,333.34,339.71
MSFT,2023-06-23,334.36,337.96,333.45,335.02
MSFT,2023-06-26,334.63,336.11,328.49,328.6
MSFT,2023-06-27,331.86,336.15,329.3,334.57
MSFT,2023-06-28,334.66,337.98,333.81,335.85
MSFT,2023-06-29,334.71,336.11,332.62,335.05
MSFT,2023-06-30,337.75,342.73,337.2,340.54
MSFT,2023-07-03,339.19,340.9,336.571,337.99
MSFT,2023-07-05,335.09,341.65,334.728,338.15
MSFT,2023-07-06,337.3,342.99,335.5,341.27
MSFT,2023-07-07,339.32,341.79,337.0,337.22
MSFT,2023-07-10,334.6,335.23,327.59,331.83
MSFT,2023-07-11,331.06,332.86,327.0,332.47
MSFT,2023-07-12,336.6,341.652,335.67,337.2
MSFT,2023-07-13,339.56,343.74,339.02,342.66
MSFT,2023-07-14,347.59,351.43,344.31,345.24
MSFT,2023-07-17,345.678,346.99,342.2,345.73
MSFT,2023-07-18,345.83,366.78,342.17,359.49
MSFT,2023-07-19,361.75,362.46,352.435,355.08
MSFT,2023-07-20,353.57,357.97,345.37,346.87
MSFT,2023-07-21,349.15,350.3,339.83,343.77
MSFT,2023-07-24,345.85,346.92,342.31,345.11
MSFT,2023-07-25,347.11,351.89,345.07,350.98
MSFT,2023-07-26,341.44,344.67,333.11,337.77
MSFT,2023-07-27,340.48,341.33,329.05,330.72
MSFT,2023-07-28,333.67,340.01,333.17,338.37
MSFT,2023-07-31,336.92,337.695,333.36,335.92
MSFT,2023-08-01,335.19,338.54,333.7,336.34
MSFT,2023-08-02,333.63,333.63,326.355,327.5
MSFT,2023-08-03,326.0,329.88,325.95,326.66
MSFT,2023-08-04,331.88,335.14,327.24,327.78
MSFT,2023-08-07,328.37,331.11,327.52,330.11
MSFT,2023-08-08,326.96,328.75,323.0,326.05
MSFT,2023-08-09,326.47,327.11,321.05,322.23
MSFT,2023-08-10,326.015,328.26,321.18,322.93
MSFT,2023-08-11,320.26,322.41,319.21,321.01
MSFT,2023-08-14,321.39,324.06,320.08,324.04
MSFT,2023-08-15,323.0,325.09,320.903,321.86
MSFT,2023-08-16,320.8,324.42,319.803,320.4
MSFT,2023-08-17,320.54,321.87,316.21,316.88
MSFT,2023-08-18,314.49,318.38,311.551,316.48
MSFT,2023-08-21,317.93,322.77,317.04,321.88
MSFT,2023-08-22,325.5,326.075,321.46,322.46
MSFT,2023-08-23,323.82,329.2,323.46,327.0
MSFT,2023-08-24,332.85,332.98,319.96,319.97
MSFT,2023-08-25,321.47,325.36,318.8,322.98
MSFT,2023-08-28,325.66,326.15,321.722,323.7
MSFT,2023-08-29,321.88,328.983,321.88,328.41
MSFT,2023-08-30,328.67,329.81,326.445,328.79
MSFT,2023-08-31,329.2,330.91,326.78,327.76
MSFT,2023-09-01,331.31,331.99,326.78,328.66
MSFT,2023-09-05,329.0,334.85,328.66,333.55
MSFT,2023-09-06,333.38,334.46,330.18,332.88
MSFT,2023-09-07,331.29,333.08,329.03,329.91
MSFT,2023-09-08,330.09,336.16,329.46,334.27
MSFT,2023-09-11,337.24,338.42,335.43,337.94
MSFT,2023-09-12,335.815,336.79,331.48,331.77
MSFT,2023-09-13,331.31,336.85,331.17,336.06
MSFT,2023-09-14,339.148,340.86,336.57,338.7
MSFT,2023-09-15,336.92,337.397,329.65,330.22
MSFT,2023-09-18,327.8,330.4,326.36,329.06
MSFT,2023-09-19,326.17,329.39,324.51,328.65
MSFT,2023-09-20,329.51,329.59,320.51,320.77
MSFT,2023-09-21,319.26,325.35,315.0,319.53
MSFT,2023-09-22,321.32,321.45,316.15,317.01
MSFT,2023-09-25,316.59,317.67,315.0,317.54
MSFT,2023-09-26,315.13,315.88,310.02,312.14
MSFT,2023-09-27,312.3,314.299,309.69,312.79
MSFT,2023-09-28,310.99,315.48,309.45,313.64
MSFT,2023-09-29,317.75,319.47,314.98,315.75
MSFT,2023-10-02,316.28,321.888,315.18,321.8
MSFT,2023-10-03,320.83,321.39,311.215,313.39
MSFT,2023-10-04,314.03,320.04,314.0,318.955
MSFT,2023-10-05,319.09,319.98,314.9,319.36
MSFT,2023-10-06,316.55,329.19,316.3,327.26
MSFT,2023-10-09,324.75,330.3,323.18,329.82
MSFT,2023-10-10,330.96,331.1,327.67,328.39
MSFT,2023-10-11,331.21,332.82,329.14,332.42
MSFT,2023-10-12,330.565,333.63,328.72,331.16
MSFT,2023-10-13,332.38,333.83,326.36,327.73
MSFT,2023-10-16,331.05,336.14,330.6,332.64
MSFT,2023-10-17,329.59,333.46,327.41,332.06
MSFT,2023-10-18,332.49,335.59,328.3,330.11
MSFT,2023-10-19,332.15,336.88,330.91,331.32
MSFT,2023-10-20,331.72,331.92,325.45,326.67
MSFT,2023-10-23,325.47,332.725,324.39,329.32
MSFT,2023-10-24,331.3,331.84,327.6,330.53
MSFT,2023-10-25,345.02,346.2,337.62,340.67
MSFT,2023-10-26,340.54,341.63,326.94,327.89
MSFT,2023-10-27,330.425,336.72,328.401,329.81
MSFT,2023-10-30,333.41,339.45,331.83,337.31
MSFT,2023-10-31,338.85,339.0,334.69,338.11
MSFT,2023-11-01,339.79,347.42,339.65,346.07
MSFT,2023-11-02,347.24,348.83,344.77,348.32
MSFT,2023-11-03,349.63,354.39,347.33,352.8
MSFT,2023-11-06,353.45,357.54,353.35,356.53
MSFT,2023-11-07,359.4,362.46,357.63,360.53
MSFT,2023-11-08,361.68,363.87,360.55,363.2
MSFT,2023-11-09,362.3,364.79,360.362,360.69
MSFT,2023-11-10,361.49,370.1,361.07,369.67
MSFT,2023-11-13,368.22,368.47,365.9,366.68
MSFT,2023-11-14,371.01,371.95,367.345,370.27
MSFT,2023-11-15,371.28,373.13,367.11,369.67
MSFT,2023-11-16,370.96,376.35,370.18,376.17
MSFT,2023-11-17,373.61,374.37,367.0,369.85
MSFT,2023-11-20,371.22,378.87,371.0,377.44
MSFT,2023-11-21,375.67,376.221,371.12,373.07
MSFT,2023-11-22,378.0,379.79,374.965,377.85
MSFT,2023-11-24,377.33,377.97,375.135,377.43
MSFT,2023-11-27,376.78,380.64,376.2,378.61
MSFT,2023-11-28,378.35,383.0,378.16,382.7
MSFT,2023-11-29,383.76,384.3,377.44,378.85
MSFT,2023-11-30,378.49,380.09,375.47,378.91
MSFT,2023-12-01,376.76,378.16,371.31,374.51
MSFT,2023-12-04,369.1,369.52,362.9,369.14
MSFT,2023-12-05,366.45,373.075,365.621,372.52
MSFT,2023-12-06,373.54,374.18,368.03,368.8
MSFT,2023-12-07,368.23,371.453,366.32,370.95
MSFT,2023-12-08,369.2,374.46,368.23,374.23
MSFT,2023-12-11,368.48,371.6,366.1,371.3
MSFT,2023-12-12,370.85,374.42,370.46,374.38
MSFT,2023-12-13,376.02,377.636,370.77,374.37
MSFT,2023-12-14,373.31,373.76,364.13,365.93
MSFT,2023-12-15,366.85,372.4,366.28,370.73
MSFT,2023-12-18,369.45,373.0,368.68,372.65
MSFT,2023-12-19,371.49,373.26,369.84,373.26
MSFT,2023-12-20,375.0,376.03,370.53,370.62
MSFT,2023-12-21,372.56,374.41,370.04,373.54
MSFT,2023-12-22,373.68,375.18,372.71,374.58
MSFT,2023-12-26,375.0,376.94,373.5,374.66
MSFT,2023-12-27,373.69,375.06,372.812,374.07
MSFT,2023-12-28,375.37,376.458,374.16,375.28
MSFT,2023-12-29,376.0,377.16,373.48,376.04
MSFT,2024-01-02,373.86,375.9,366.771,370.87
MSFT,2024-01-03,369.01,373.256,368.51,370.6
MSFT,2024-01-04,370.665,373.1,367.17,367.94
MSFT,2024-01-05,368.97,372.06,366.5,367.75
MSFT,2024-01-08,369.3,375.2,369.01,374.69
MSFT,2024-01-09,372.01,375.99,371.19,375.79
MSFT,2024-01-10,376.37,384.17,376.32,382.77
MSFT,2024-01-11,386.0,390.68,380.38,384.63
MSFT,2024-01-12,385.49,388.68,384.65,388.47
MSFT,2024-01-16,393.66,394.03,387.623,390.27
MSFT,2024-01-17,387.98,390.11,384.81,389.47
MSFT,2024-01-18,391.72,393.99,390.12,393.87
MSFT,2024-01-19,395.76,398.67,393.5,398.67
MSFT,2024-01-22,400.02,400.62,393.59,396.51
MSFT,2024-01-23,395.75,399.38,393.93,398.9
MSFT,2024-01-24,401.54,405.63,400.45,402.56
MSFT,2024-01-25,404.32,407.01,402.529,404.87
MSFT,2024-01-26,404.37,406.17,402.43,403.93
MSFT,2024-01-29,406.06,409.98,404.33,409.72
MSFT,2024-01-30,412.26,413.05,406.45,408.59
MSFT,2024-01-31,406.96,415.32,397.21,397.58
MSFT,2024-02-01,401.83,408.0,401.8,403.78
MSFT,2024-02-02,403.81,412.65,403.56,411.22
MSFT,2024-02-05,409.9,411.16,403.99,405.65
MSFT,2024-02-06,405.88,407.97,402.91,405.49
MSFT,2024-02-07,407.44,414.3,407.4,414.05
MSFT,2024-02-08,414.05,415.56,412.53,414.11
MSFT,2024-02-09,415.25,420.82,415.09,420.55
MSFT,2024-02-12,420.555,420.74,414.75,415.26
MSFT,2024-02-13,404.94,410.071,403.39,406.32
MSFT,2024-02-14,408.07,409.84,404.57,409.49
MSFT,2024-02-15,408.14,409.13,404.29,406.56
MSFT,2024-02-16,407.96,408.29,403.44,404.06
MSFT,2024-02-20,403.24,404.49,398.01,402.79
MSFT,2024-02-21,400.17,402.29,397.22,402.18
MSFT,2024-02-22,410.19,412.83,408.57,411.65
MSFT,2024-02-23,415.67,415.86,408.97,410.34
MSFT,2024-02-26,411.455,412.16,407.36,407.54
MSFT,2024-02-27,407.99,408.32,403.85,407.48
MSFT,2024-02-28,408.175,409.3,405.32,407.72
MSFT,2024-02-29,408.64,414.2,405.92,413.64
MSFT,2024-03-01,411.27,415.87,410.88,415.5
MSFT,2024-03-04,413.44,417.35,412.32,414.92
MSFT,2024-03-05,413.96,414.25,400.64,402.65
MSFT,2024-03-06,402.97,405.16,398.39,402.09
MSFT,2024-03-07,406.12,409.78,402.24,409.14
MSFT,2024-03-08,407.96,410.42,404.33,406.22
MSFT,2024-03-11,403.762,405.68,401.26,404.52
MSFT,2024-03-12,407.62,415.57,406.79,415.28
MSFT,2024-03-13,418.1,418.18,411.45,415.1
MSFT,2024-03-14,420.24,427.82,417.99,425.22
MSFT,2024-03-15,419.29,422.6,412.79,416.42
MSFT,2024-03-18,414.25,420.73,413.78,417.32
MSFT,2024-03-19,417.83,421.666,415.55,421.41
MSFT,2024-03-20,422.0,425.96,420.66,425.23
MSFT,2024-03-21,429.83,430.82,427.16,429.37
MSFT,2024-03-22,429.7,429.86,426.07,428.74
MSFT,2024-03-25,425.24,427.41,421.61,422.86
MSFT,2024-03-26,425.61,425.99,421.35,421.65
MSFT,2024-03-27,424.44,424.45,419.01,421.43
MSFT,2024-03-28,420.96,421.87,419.12,420.72
MSFT,2024-04-01,423.95,427.89,422.22,424.57
MSFT,2024-04-02,420.11,422.38,417.84,421.44
MSFT,2024-04-03,419.73,423.26,419.085,420.45
MSFT,2024-04-04,424.99,428.67,417.57,417.88
MSFT,2024-04-05,420.01,426.51,418.32,425.52
MSFT,2024-04-08,425.17,427.28,423.3,424.66
MSFT,2024-04-09,426.44,427.74,421.62,426.28
MSFT,2024-04-10,422.19,424.03,419.7,423.26
MSFT,2024-04-11,425.82,429.37,422.36,427.93
MSFT,2024-04-12,424.05,425.179,419.77,421.9
MSFT,2024-04-15,426.6,426.82,413.43,413.64
MSFT,2024-04-16,414.57,418.4,413.73,414.58
MSFT,2024-04-17,417.25,418.88,410.33,411.84
MSFT,2024-04-18,410.63,411.89,403.95,404.27
MSFT,2024-04-19,404.03,405.39,397.77,399.12
MSFT,2024-04-22,400.08,402.85,395.75,400.96
MSFT,2024-04-23,404.235,408.2,403.06,407.57
MSFT,2024-04-24,409.56,412.47,406.78,409.06
MSFT,2024-04-25,394.03,399.89,388.03,399.04
MSFT,2024-04-26,412.17,413.0,405.76,406.32
MSFT,2024-04-29,405.25,406.32,399.19,402.25
MSFT,2024-04-30,401.49,402.16,389.17,389.33
MSFT,2024-05-01,392.61,401.72,390.31,394.94
MSFT,2024-05-02,397.66,399.93,394.651,397.84
MSFT,2024-05-03,402.28,407.15,401.86,406.66
MSFT,2024-05-06,408.76,413.93,406.37,413.54
MSFT,2024-05-07,414.66,414.67,409.09,409.34
MSFT,2024-05-08,408.17,412.23,406.713,410.54
MSFT,2024-05-09,410.57,412.72,409.1,412.32
MSFT,2024-05-10,412.935,415.38,411.8,414.74
MSFT,2024-05-13,418.01,418.348,410.82,413.72
MSFT,2024-05-14,412.02,417.49,411.55,416.56
MSFT,2024-05-15,417.9,423.81,417.27,423.08
MSFT,2024-05-16,421.8,425.42,420.35,420.99
MSFT,2024-05-17,422.54,422.92,418.025,420.21
MSFT,2024-05-20,420.21,426.77,419.99,425.34
MSFT,2024-05-21,426.825,432.97,424.85,429.04
MSFT,2024-05-22,430.09,432.41,427.13,430.52
MSFT,2024-05-23,432.97,433.6,425.424,427.0
MSFT,2024-05-24,427.19,431.055,424.41,430.16
MSFT,2024-05-28,429.63,430.82,426.6,430.32
MSFT,2024-05-29,425.69,430.94,425.69,429.17
MSFT,2024-05-30,424.3,424.3,414.24,414.67
MSFT,2024-05-31,416.75,416.75,404.51,415.13
MSFT,2024-06-03,415.525,416.43,408.923,413.52
MSFT,2024-06-04,412.43,416.44,409.675,416.07
MSFT,2024-06-05,417.81,424.08,416.3,424.01
MSFT,2024-06-06,424.01,425.31,420.58,424.52
MSFT,2024-06-07,426.2,426.28,423.0,423.85
MSFT,2024-06-10,424.7,428.08,423.89,428.0
MSFT,2024-06-11,425.475,432.82,425.25,432.68
MSFT,2024-06-12,435.32,443.4,433.25,441.0
MSFT,2024-06-13,440.85,443.39,439.37,441.22
MSFT,2024-06-14,438.275,443.138,436.721,442.57
MSFT,2024-06-17,442.585,450.94,440.72,448.37
MSFT,2024-06-18,449.705,450.14,444.89,446.34
MSFT,2024-06-20,446.3,446.53,441.27,445.7
MSFT,2024-06-21,447.38,450.54,446.51,449.78
MSFT,2024-06-24,449.8,452.75,446.41,447.79
MSFT,2024-06-25,448.25,451.42,446.854,450.84
MSFT,2024-06-26,449.0,453.6,448.19,452.12
MSFT,2024-06-27,452.175,456.17,451.77,452.85
MSFT,2024-06-28,453.07,455.38,446.41,446.95
MSFT,2024-07-01,448.66,457.37,445.66,456.73
MSFT,2024-07-02,453.2,459.59,453.113,459.28
MSFT,2024-07-03,458.19,461.02,457.88,460.77
MSFT,2024-07-05,459.61,468.35,458.965,467.4
MSFT,2024-07-08,466.55,467.7,464.46,466.24
MSFT,2024-07-09,467.0,467.33,458.0,459.54
MSFT,2024-07-10,461.22,466.46,458.855,466.25
MSFT,2024-07-11,462.98,464.78,451.55,454.73
MSFT,2024-07-12,454.325,456.36,450.645,453.705
MSFT,2024-07-15,453.3,457.26,451.43,454.07
MSFT,2024-07-16,454.22,454.3,446.66,449.49
MSFT,2024-07-17,442.59,444.85,439.18,443.52
MSFT,2024-07-18,444.34,444.65,434.4,440.37
MSFT,2024-07-19,433.1,441.14,432.0,437.1
MSFT,2024-07-22,441.79,444.6,438.913,442.94
MSFT,2024-07-23,443.895,448.39,443.1,444.85
MSFT,2024-07-24,440.45,441.48,427.585,428.9
MSFT,2024-07-25,428.8,429.8,418.19,418.49
MSFT,2024-07-26,418.2,428.915,417.27,425.45
MSFT,2024-07-29,431.58,432.15,424.704,426.73
MSFT,2024-07-30,427.72,429.05,417.36,422.42
MSFT,2024-07-31,420.495,421.775,412.21,418.36
MSFT,2024-08-01,420.785,427.46,413.09,417.02
MSFT,2024-08-02,412.745,415.0,404.34,408.49
MSFT,2024-08-05,389.17,401.04,385.58,395.24
MSFT,2024-08-06,400.0,405.67,398.5,399.42
MSFT,2024-08-07,408.635,410.08,397.47,398.43
MSFT,2024-08-08,402.44,405.86,399.941,403.02
MSFT,2024-08-09,404.03,408.05,402.293,406.02
MSFT,2024-08-12,407.06,408.76,404.243,406.81
MSFT,2024-08-13,409.59,414.95,409.57,414.01
MSFT,2024-08-14,414.8,417.72,412.46,416.86
MSFT,2024-08-15,419.8,421.11,417.66,421.04
MSFT,2024-08-16,420.6,421.34,417.3,418.47
MSFT,2024-08-19,418.96,421.75,416.46,421.53
MSFT,2024-08-20,421.7,425.86,421.64,424.8
MSFT,2024-08-21,424.075,426.4,421.72,424.14
MSFT,2024-08-22,424.36,426.79,414.61,415.78
MSFT,2024-08-23,416.98,419.26,412.09,416.79
MSFT,2024-08-26,416.365,417.28,411.34,413.61
MSFT,2024-08-27,412.86,414.34,410.25,413.84
MSFT,2024-08-28,414.88,415.0,407.31,410.6
MSFT,2024-08-29,414.94,422.05,410.6,413.12
MSFT,2024-08-30,415.6,417.45,412.13,417.14
MSFT,2024-09-03,417.91,419.88,407.03,409.48
MSFT,2024-09-04,405.91,411.24,404.37,408.9
MSFT,2024-09-05,407.62,413.1,406.13,408.36
MSFT,2024-09-06,409.06,410.65,400.8,401.81
MSFT,2024-09-09,407.48,408.65,402.15,405.72
MSFT,2024-09-10,408.18,416.33,407.7,414.21
MSFT,2024-09-11,415.5,423.99,409.58,423.33
MSFT,2024-09-12,423.31,427.369,419.77,427.0
MSFT,2024-09-13,425.825,431.83,425.46,430.59
MSFT,2024-09-16,430.6,433.53,428.22,431.34
MSFT,2024-09-17,440.23,441.85,432.27,435.15
MSFT,2024-09-18,435.0,436.03,430.41,430.84
MSFT,2024-09-19,441.225,441.5,436.9,438.58
MSFT,2024-09-20,437.22,439.08,434.22,435.16
MSFT,2024-09-23,434.28,436.46,430.389,433.51
MSFT,2024-09-24,433.0,433.35,426.16,429.305
MSFT,2024-09-25,429.83,433.119,428.58,432.11
MSFT,2024-09-26,435.085,435.3,429.13,431.31
MSFT,2024-09-27,431.52,431.85,427.47,428.02
MSFT,2024-09-30,428.21,430.42,425.37,430.225
MSFT,2024-10-01,428.45,428.48,418.81,420.675
MSFT,2024-10-02,422.58,422.82,416.71,417.13
MSFT,2024-10-03,417.63,419.55,414.29,416.54
MSFT,2024-10-04,418.24,419.6,414.97,416.06
MSFT,2024-10-07,416.0,417.11,409.0,409.64
MSFT,2024-10-08,410.9,415.66,408.17,414.57
MSFT,2024-10-09,415.86,420.38,414.3,417.46
MSFT,2024-10-10,415.225,417.35,413.15,415.84
MSFT,2024-10-11,416.135,417.13,413.25,416.32
MSFT,2024-10-14,417.77,424.04,417.52,419.11
MSFT,2024-10-15,422.17,422.48,415.26,418.78
MSFT,2024-10-16,415.17,416.36,410.48,416.12
MSFT,2024-10-17,422.36,422.5,415.59,416.72
MSFT,2024-10-18,417.14,419.63,416.26,418.16
MSFT,2024-10-21,416.12,418.96,413.75,418.78
MSFT,2024-10-22,418.49,430.579,418.04,427.51
MSFT,2024-10-23,424.6,424.6,422.53,424.6
MSFT,2024-10-24,425.325,425.978,422.4,424.73
MSFT,2024-10-25,426.76,432.52,426.565,428.15
MSFT,2024-10-28,431.655,431.89,426.31,426.71
MSFT,2024-10-29,428.0,433.17,425.84,431.97
MSFT,2024-10-30,437.435,438.5,432.1,432.53
MSFT,2024-10-31,415.36,416.16,406.3,406.3
MSFT,2024-11-01,409.01,415.5,407.5,410.37
MSFT,2024-11-04,409.79,410.415,405.83,408.46
MSFT,2024-11-05,408.37,414.9,408.23,411.46
MSFT,2024-11-06,412.42,420.45,410.6,420.12
MSFT,2024-11-07,421.28,426.85,419.88,425.42
MSFT,2024-11-08,425.32,426.5,421.78,422.54
MSFT,2024-11-11,422.515,424.81,416.0,418.17
MSFT,2024-11-12,418.25,424.44,417.28,423.01
MSFT,2024-11-13,421.64,429.325,418.21,425.34
MSFT,2024-11-14,425.0,428.17,420.0,426.89
MSFT,2024-11-15,419.82,422.8,413.64,415.0
MSFT,2024-11-18,414.87,418.404,412.1,415.76
MSFT,2024-11-19,413.11,417.94,411.55,417.79
MSFT,2024-11-20,416.87,417.085,410.58,415.49
MSFT,2024-11-21,419.5,419.78,410.289,412.87
MSFT,2024-11-22,411.365,417.4,411.06,417.0
MSFT,2024-11-25,418.38,420.89,414.85,418.79
MSFT,2024-11-26,419.585,429.041,418.9,427.82
MSFT,2024-11-27,425.105,427.23,422.02,422.99
MSFT,2024-11-29,420.09,424.885,417.8,423.46
MSFT,2024-12-02,421.57,433.0,421.31,430.98
MSFT,2024-12-03,429.84,432.47,427.74,431.2
MSFT,2024-12-04,433.03,439.67,432.63,437.42
MSFT,2024-12-05,437.92,444.66,436.171,442.62
MSFT,2024-12-06,442.3,446.1,441.77,443.57
MSFT,2024-12-09,442.6,448.33,440.5,446.02
MSFT,2025-01-27,424.01,435.2,423.5,434.56
MSFT,2025-01-28,434.6,448.38,431.38,447.2
MSFT,2025-01-29,446.69,446.88,440.4,442.33
MSFT,2025-01-30,418.77,422.86,413.16,414.99
MSFT,2025-01-31,418.98,420.69,414.91,415.06
MSFT,2025-02-03,411.6,415.41,408.66,410.92
MSFT,2025-02-04,412.685,413.92,409.74,412.37
MSFT,2025-02-05,412.35,413.827,410.4,413.29
MSFT,2025-02-06,414.0,418.2,414.0,415.82
MSFT,2025-02-07,416.48,418.65,408.1,409.75
MSFT,2025-02-10,413.71,415.462,410.92,412.22
MSFT,2025-02-11,409.64,412.49,409.3,411.44
MSFT,2025-02-12,407.21,410.75,404.367,409.04
MSFT,2025-02-13,407.0,411.0,406.36,410.54
MSFT,2025-02-14,407.79,408.91,405.88,408.43
MSFT,2025-02-18,408.0,410.597,406.5,409.64
MSFT,2025-02-19,407.88,415.49,407.65,414.77
MSFT,2025-02-20,415.29,419.31,412.54,416.13
MSFT,2025-02-21,417.335,418.048,407.89,408.21
MSFT,2025-02-24,408.51,409.37,399.39,404.0
MSFT,2025-02-25,401.1,401.915,396.7,397.995
MSFT,2025-02-26,397.87,403.6,394.245,399.73
MSFT,2025-02-27,401.265,405.62,392.17,392.533
MSFT,2025-02-28,392.655,397.63,386.57,396.98
MSFT,2025-03-03,398.82,398.82,386.155,388.53
MSFT,2025-03-04,383.375,392.58,381.0,388.621
MSFT,2025-03-05,389.34,401.67,388.81,401.02
MSFT,2025-03-06,394.28,402.15,393.29,396.89
MSFT,2025-03-07,392.32,394.8,385.54,393.31
MSFT,2025-03-10,385.84,386.4,377.22,380.16
MSFT,2025-03-11,379.0,386.0,376.91,380.28
MSFT,2025-03-12,382.95,385.216,378.951,383.27
MSFT,2025-03-13,383.155,385.25,377.45,378.77
MSFT,2025-03-14,379.775,390.23,379.54,388.56
MSFT,2025-03-17,386.7,392.705,385.7,388.81
MSFT,2025-03-18,387.07,387.07,381.1,383.52
MSFT,2025-03-19,385.525,389.68,384.0,387.797
MSFT,2025-03-20,385.99,391.785,383.28,386.84
MSFT,2025-03-21,383.245,391.74,382.9,391.135
MSFT,2025-03-24,395.4,395.4,389.93,393.08
MSFT,2025-03-25,393.915,396.36,392.64,395.16
MSFT,2025-03-26,395.0,395.31,388.57,389.97
MSFT,2025-03-27,390.13,392.24,387.41,390.58
MSFT,2025-03-28,388.08,389.127,376.93,378.8
MSFT,2025-03-31,372.535,377.07,367.28,374.87
MSFT,2025-04-01,374.65,382.85,373.23,382.19
MSFT,2025-04-02,377.965,385.08,376.62,382.033
MSFT,2025-04-03,374.47,377.48,369.38,373.18
MSFT,2025-04-04,364.125,374.42,359.48,359.72
MSFT,2025-04-07,350.88,370.48,345.1,357.75
MSFT,2025-04-08,368.255,373.53,350.25,355.57
MSFT,2025-04-09,353.1,393.225,353.1,389.82
MSFT,2025-04-10,382.06,383.795,367.8,381.14
MSFT,2025-04-11,380.64,390.05,379.0,388.45
MSFT,2025-04-14,393.22,394.6,384.21,387.81
MSFT,2025-04-15,388.505,391.88,384.16,385.73
MSFT,2025-04-16,380.67,381.61,368.0,371.61
MSFT,2025-04-17,373.745,374.322,366.89,367.78
MSFT,2025-04-21,362.815,364.48,355.67,359.12
MSFT,2025-04-22,363.375,367.77,359.86,366.82
MSFT,2025-04-23,376.29,380.335,373.02,374.045
MSFT,2025-04-24,375.695,388.45,375.19,387.3
MSFT,2025-04-25,387.0,392.16,384.6,391.85
MSFT,2025-04-28,391.955,392.74,386.638,391.16
MSFT,2025-04-29,391.3,395.1,390.38,394.04
MSFT,2025-04-30,390.3,396.66,384.44,392.32
MSFT,2025-05-01,431.11,436.99,424.9,425.4
MSFT,2025-05-02,431.74,439.43,429.985,435.28
MSFT,2025-05-05,432.87,439.5,432.11,436.083
MSFT,2025-05-06,432.2,437.73,431.17,433.31
MSFT,2025-05-07,433.84,438.12,431.16,433.35
MSFT,2025-05-08,437.93,443.67,435.73,438.17
MSFT,2025-05-09,440.0,440.74,435.88,438.73
MSFT,2025-05-12,445.94,449.37,440.0,449.17
MSFT,2025-05-13,447.78,450.673,445.36,449.14
MSFT,2025-05-14,448.14,453.9,448.14,452.94
MSFT,2025-05-15,450.765,456.19,450.43,453.13
MSFT,2025-05-16,452.05,454.36,448.73,454.27
MSFT,2025-05-19,450.875,459.585,450.875,458.87
MSFT,2025-05-20,455.59,458.34,454.32,458.17
MSFT,2025-05-21,454.68,457.78,451.814,452.57
MSFT,2025-05-22,454.95,459.99,453.9,454.86
MSFT,2025-05-23,449.76,453.69,448.91,450.18
MSFT,2025-05-27,456.48,460.95,456.115,460.69
MSFT,2025-05-28,461.22,462.52,456.93,457.36
MSFT,2025-05-29,461.55,461.72,455.31,458.68
MSFT,2025-05-30,459.715,461.68,455.54,459.59
MSFT,2025-06-02,457.14,462.11,456.89,461.97
MSFT,2025-06-03,461.47,464.14,460.862,462.97
MSFT,2025-06-04,464.0,465.69,463.02,463.87
MSFT,2025-06-05,464.955,469.65,464.03,467.61
MSFT,2025-06-06,470.085,473.335,468.78,470.38
MSFT,2025-06-09,469.7,473.43,468.62,472.75
MSFT,2025-06-10,471.185,472.8,466.96,470.92
MSFT,2025-06-11,470.02,475.47,469.655,472.62
MSFT,2025-06-12,475.02,480.415,473.52,478.87
MSFT,2025-06-13,476.41,479.18,472.76,474.96
MSFT,2025-06-16,475.21,480.694,475.0,479.14
MSFT,2025-06-17,475.395,478.74,474.08,478.04
MSFT,2025-06-18,478.0,481.0,474.46,480.24
MSFT,2025-06-20,482.23,483.46,476.87,477.16
MSFT,2025-06-23,478.21,487.75,472.51,486.0
MSFT,2025-06-24,488.95,491.849,486.795,490.11
MSFT,2025-06-25,492.04,494.556,489.39,492.27
MSFT,2025-06-26,492.98,498.04,492.81,497.45
MSFT,2025-06-27,497.55,499.3,493.03,495.969
MSFT,2025-06-30,497.04,500.76,495.33,497.14
MSFT,2025-07-01,496.47,498.05,490.98,492.05
MSFT,2025-07-02,489.99,493.5,488.7,490.97
MSFT,2025-07-03,493.81,500.13,493.44,498.847
MSFT,2025-07-07,497.38,498.75,495.23,497.72
MSFT,2025-07-08,497.24,498.2,494.11,496.62
MSFT,2025-07-09,500.3,506.78,499.74,503.51
MSFT,2025-07-10,503.05,504.44,497.75,501.48
MSFT,2025-07-11,503.465,505.03,503.32,503.32
MSFT,2025-07-14,501.515,503.97,501.03,503.02
MSFT,2025-07-15,503.02,508.3,502.79,505.82
MSFT,2025-07-16,505.18,506.72,501.89,505.62
MSFT,2025-07-17,505.68,513.37,505.62,511.7
MSFT,2025-07-18,514.48,514.64,507.43,510.05
MSFT,2025-07-21,506.705,512.09,505.55,510.06
MSFT,2025-07-22,510.97,511.2,505.27,505.27
MSFT,2025-07-23,506.75,506.79,500.7,505.87
MSFT,2025-07-24,508.77,513.67,507.3,510.88
MSFT,2025-07-25,512.465,518.29,510.359,513.71
MSFT,2025-07-28,514.08,515.0,510.135,512.5
MSFT,2025-07-29,515.53,517.62,511.56,512.93
MSFT,2025-07-30,515.17,515.95,509.435,513.24
MSFT,2025-07-31,555.225,555.45,531.9,533.39
MSFT,2025-08-01,535.0,535.8,520.86,524.0
MSFT,2025-08-04,528.27,538.25,528.13,535.64
MSFT,2025-08-05,537.18,537.3,527.24,527.744
MSFT,2025-08-06,530.9,531.7,524.03,524.94
MSFT,2025-08-07,526.8,528.09,517.551,520.84
MSFT,2025-08-08,522.6,524.66,519.41,522.04
MSFT,2025-08-11,522.3,527.59,519.72,521.915
MSFT,2025-08-12,523.75,530.98,522.7,529.24
MSFT,2025-08-13,532.11,532.63,519.37,520.58
MSFT,2025-08-14,522.56,525.95,520.14,522.48
MSFT,2025-08-15,522.77,526.1,519.08,520.17
MSFT,2025-08-18,521.585,522.82,514.02,517.1
MSFT,2025-08-19,515.0,515.164,508.55,509.77
MSFT,2025-08-20,509.865,511.0,504.44,505.72
MSFT,2025-08-21,503.69,507.63,502.72,504.24
MSFT,2025-08-22,504.25,510.72,502.41,507.23
MSFT,2025-08-25,506.63,508.19,504.12,504.26
MSFT,2025-08-26,504.355,504.978,498.51,502.078
MSFT,2025-08-27,502.0,507.29,499.9,506.74
MSFT,2025-08-28,507.09,511.01,505.5,509.64
MSFT,2025-08-29,508.66,509.6,504.491,506.69
MSFT,2025-09-02,500.465,506.0,496.81,505.12
MSFT,2025-09-03,503.79,507.79,502.32,505.35
MSFT,2025-09-04,504.3,508.15,503.15,507.97
MSFT,2025-09-05,509.07,511.97,492.37,495.0
MSFT,2025-09-08,498.105,501.195,495.03,498.22
MSFT,2025-09-09,501.43,502.25,497.7,498.41
MSFT,2025-09-10,502.98,503.23,496.72,500.37
MSFT,2025-09-11,502.25,503.17,497.88,501.01
MSFT,2025-09-12,506.65,512.55,503.85,509.872
MSFT,2025-09-15,508.79,515.47,507.0,515.418
MSFT,2025-09-16,516.88,517.23,508.6,509.04
MSFT,2025-09-17,510.62,511.28,505.93,509.99
MSFT,2025-09-18,511.49,513.07,507.66,508.35
MSFT,2025-09-19,510.56,519.3,510.31,518.04
MSFT,2025-09-22,515.59,517.74,512.545,514.45
MSFT,2025-09-23,513.8,514.59,507.31,509.23
MSFT,2025-09-24,510.38,512.48,506.92,510.15
MSFT,2025-09-25,508.3,510.01,505.04,507.03
MSFT,2025-09-26,510.06,513.94,506.62,511.46
MSFT,2025-09-29,511.5,516.845,508.89,514.6
MSFT,2025-09-30,513.24,518.16,509.66,517.95
MSFT,2025-10-01,514.8,520.505,511.69,519.71
MSFT,2025-10-02,517.64,521.6,510.679,515.74
MSFT,2025-10-03,517.1,520.49,515.0,517.35
MSFT,2025-10-06,518.61,531.03,518.2,528.57
MSFT,2025-10-07,528.285,529.8,521.44,523.98
MSFT,2025-10-08,523.28,526.95,523.09,524.85
MSFT,2025-10-09,522.335,524.325,517.4,522.4
MSFT,2025-10-10,519.64,523.58,509.63,510.96
MSFT,2025-10-13,516.41,516.41,511.68,514.05
MSFT,2025-10-14,510.225,515.282,506.0,513.71
MSFT,2025-10-15,514.955,517.19,510.0,513.43
MSFT,2025-10-16,512.58,516.85,508.13,511.61
MSFT,2025-10-17,509.04,515.48,507.31,513.58
MSFT,2025-10-20,514.61,518.7,513.43,516.79
MSFT,2025-10-21,517.5,518.69,513.04,517.66
MSFT,2025-10-22,521.15,525.21,517.71,520.54
MSFT,2025-10-23,522.46,523.95,518.61,520.56
MSFT,2025-10-24,522.79,525.345,520.71,523.552
MSFT,2025-10-27,531.78,534.58,529.01,531.52
MSFT,2025-10-28,550.0,553.72,540.77,542.07
MSFT,2025-10-29,544.94,546.27,536.7287,542.56
MSFT,2025-10-30,530.48,534.97,522.12,525.818
MSFT,2025-10-31,528.875,529.32,515.1,517.81
MSFT,2025-11-03,519.805,524.96,514.59,516.92
MSFT,2025-11-04,511.76,515.55,507.84,514.33
MSFT,2025-11-05,513.3,514.83,506.575,507.16
MSFT,2025-11-06,505.66,505.7,495.81,497.1
MSFT,2025-11-07,496.945,499.377,493.25,496.82
MSFT,2025-11-10,500.035,506.85,498.8,506.057
MSFT,2025-11-11,504.8,509.6,502.3488,508.68
MSFT,2025-11-12,509.355,511.67,499.1201,511.409
MSFT,2025-11-13,510.31,513.5,501.29,503.37
MSFT,2025-11-14,498.23,511.6,497.44,510.388
MSFT,2025-11-17,508.45,512.12,504.91,507.49
MSFT,2025-11-18,495.365,502.98,486.78,493.79
MSFT,2025-11-19,490.1,495.1872,482.83,487.03
MSFT,2025-11-20,492.71,493.57,475.5,478.43
MSFT,2025-11-21,478.5,478.92,468.27,472.236
MSFT,2025-11-24,475.0,476.9,468.02,473.76
MSFT,2025-11-25,474.07,479.15,464.89,476.99
MSFT,2025-11-26,486.31,488.31,481.2,485.339
MSFT,2025-11-28,487.595,492.63,486.65,491.92
MSFT,2025-12-01,488.435,489.8599,484.6475,486.74
MSFT,2025-12-02,486.715,493.4999,486.32,490.0
MSFT,2025-12-03,476.32,484.24,475.2,477.36
MSFT,2025-12-04,479.76,481.322,476.49,480.84
MSFT,2025-12-05,482.515,483.4,478.8801,483.16
MSFT,2025-12-08,484.885,492.3,484.38,491.12
MSFT,2025-12-09,489.1,492.12,488.5001,492.02
MSFT,2025-12-10,484.03,484.25,475.08,478.32
MSFT,2025-12-11,476.63,486.03,475.86,483.47
MSFT,2025-12-12,479.82,482.45,476.34,478.342
MSFT,2025-12-15,480.1,480.7205,472.52,474.81
MSFT,2025-12-16,471.905,477.89,470.88,476.39
MSFT,2025-12-17,476.905,480.0,475.0,476.03
MSFT,2025-12-18,478.19,489.6,477.89,483.88
MSFT,2025-12-19,487.36,487.85,482.49,485.92
MSFT,2025-12-22,486.12,488.73,482.69,484.715
MSFT,2025-12-23,484.98,487.83,484.74,486.85
MSFT,2025-12-24,485.68,489.1625,484.83,488.02
MSFT,2025-12-26,486.705,488.12,485.96,487.71
MSFT,2025-12-29,484.855,488.35,484.18,487.1
MSFT,2025-12-30,485.93,489.68,485.5,487.53
MSFT,2025-12-31,487.84,488.14,483.3,483.62
MSFT,2026-01-02,484.385,484.66,470.16,472.94
MSFT,2026-01-05,474.055,476.07,469.5,472.92
MSFT,2026-01-06,473.8,478.7367,469.75,478.51
MSFT,2026-01-07,479.755,489.7,477.95,483.64
MSFT,2026-01-08,481.24,482.63,475.86,478.11
MSFT,2026-01-09,474.06,479.82,472.2001,479.28
MSFT,2026-01-12,476.67,480.99,475.6803,477.18
MSFT,2026-01-13,474.675,475.7799,465.95,470.67
MSFT,2026-01-14,466.46,468.2,457.1701,459.534
MSFT,2026-01-15,464.12,464.25,455.9,456.66
MSFT,2026-01-16,457.83,463.19,456.48,459.86
MSFT,2026-01-20,451.215,456.8,449.28,454.79
MSFT,2026-01-21,452.595,452.69,438.68,444.11
MSFT,2026-01-22,447.62,452.84,444.7,450.865
MSFT,2026-01-23,451.87,471.1,450.54,465.95
MSFT,2026-01-26,465.305,474.25,462.0,470.28
MSFT,2026-01-27,473.7,482.87,473.16,480.58
MSFT,2026-01-28,483.21,483.74,478.0,481.63
MSFT,2026-01-29,439.99,442.5,421.02,433.48
MSFT,2026-01-30,439.17,439.6,426.45,430.39
MSFT,2026-02-02,430.235,430.736,422.25,423.23
MSFT,2026-02-03,422.01,422.05,408.57,411.28
MSFT,2026-02-04,411.0,419.8,409.25,414.39
MSFT,2026-02-05,407.44,408.3,392.32,393.5968
MSFT,2026-02-06,399.165,401.79,392.92,401.14
MSFT,2026-02-09,404.85,414.89,400.87,413.715
MSFT,2026-02-10,419.62,423.68,412.7,413.27
MSFT,2026-02-11,416.175,416.46,401.01,404.37
MSFT,2026-02-12,405.0,406.2,398.01,401.884
MSFT,2026-02-13,404.45,405.54,398.05,401.32
NVDA,2023-01-03,148.438,149.887,140.89,143.079
NVDA,2023-01-04,145.598,148.458,142.339,147.418
NVDA,2023-01-05,144.838,145.568,141.409,142.579
NVDA,2023-01-06,144.668,150.027,140.27,148.518
NVDA,2023-01-09,152.765,160.481,151.336,156.203
NVDA,2023-01-10,154.994,159.542,154.644,159.013
NVDA,2023-01-11,158.318,160.201,155.554,159.931
NVDA,2023-01-12,160.921,166.288,154.844,165.028
NVDA,2023-01-13,162.7,169.136,161.571,168.907
NVDA,2023-01-17,168.907,177.193,168.907,176.933
NVDA,2023-01-18,176.583,178.643,172.736,173.685
NVDA,2023-01-19,170.276,171.886,167.228,167.568
NVDA,2023-01-20,170.026,178.473,168.167,178.303
NVDA,2023-01-23,180.551,192.355,178.088,191.835
NVDA,2023-01-24,188.177,194.855,188.107,192.555
NVDA,2023-01-25,189.031,193.605,185.709,193.135
NVDA,2023-01-26,196.915,201.561,192.685,197.924
NVDA,2023-01-27,194.525,206.179,193.955,203.549
NVDA,2023-01-30,199.402,201.301,191.405,191.525
NVDA,2023-01-31,191.6,196.775,189.406,195.275
NVDA,2023-02-01,196.815,211.816,196.015,209.327
NVDA,2023-02-02,209.897,219.383,206.899,216.984
NVDA,2023-02-03,209.897,217.344,207.788,210.896
NVDA,2023-02-06,207.958,215.594,207.758,210.786
NVDA,2023-02-07,213.715,222.481,211.396,221.622
NVDA,2023-02-08,223.76,228.667,219.973,221.941
NVDA,2023-02-09,225.949,230.087,221.092,223.261
NVDA,2023-02-10,216.794,220.669,208.008,212.545
NVDA,2023-02-13,215.274,220.373,209.517,217.773
NVDA,2023-02-14,215.674,230.375,213.555,229.597
NVDA,2023-02-15,225.379,228.437,220.952,227.527
NVDA,2023-02-16,221.222,225.389,219.161,219.913
NVDA,2023-02-17,216.204,217.294,209.647,213.775
NVDA,2023-02-21,209.897,214.832,206.079,206.449
NVDA,2023-02-22,206.969,210.936,204.109,207.439
NVDA,2023-02-23,234.285,238.762,230.137,236.525
NVDA,2023-02-24,232.137,234.625,229.357,232.746
NVDA,2023-02-27,236.585,238.682,234.425,234.895
NVDA,2023-02-28,233.605,238.133,231.947,232.047
NVDA,2023-03-01,231.807,232.442,224.969,226.868
NVDA,2023-03-02,224.769,233.689,224.21,233.026
NVDA,2023-03-03,233.086,238.882,231.187,238.782
NVDA,2023-03-06,238.792,242.362,234.755,235.425
NVDA,2023-03-07,235.925,241.173,232.336,232.806
NVDA,2023-03-08,234.795,241.923,234.16,241.733
NVDA,2023-03-09,241.673,244.463,233.753,234.285
NVDA,2023-03-10,234.015,236.195,227.186,229.576
NVDA,2023-03-13,227.446,232.906,222.899,229.586
NVDA,2023-03-14,234.885,242.113,234.525,240.553
NVDA,2023-03-15,237.533,242.783,233.525,242.203
NVDA,2023-03-16,240.193,255.799,238.863,255.329
NVDA,2023-03-17,259.737,263.906,256.597,257.167
NVDA,2023-03-20,256.067,260.157,251.217,258.917
NVDA,2023-03-21,261.716,263.836,253.729,261.906
NVDA,2023-03-22,264.166,275.801,262.286,264.596
NVDA,2023-03-23,271.068,274.902,266.814,271.823
NVDA,2023-03-24,270.223,271.583,263.466,267.703
NVDA,2023-03-27,268.283,269.913,263.566,265.226
NVDA,2023-03-28,264.386,265.046,258.417,264.016
NVDA,2023-03-29,268.163,270.693,265.885,269.753
NVDA,2023-03-30,272.203,274.902,270.933,273.742
NVDA,2023-03-31,271.313,278.254,270.963,277.681
NVDA,2023-04-03,275.002,279.91,273.272,279.56
NVDA,2023-04-04,279.57,279.91,272.983,274.442
NVDA,2023-04-05,268.203,269.893,263.866,268.723
NVDA,2023-04-06,265.755,270.713,264.186,270.283
NVDA,2023-04-10,268.143,276.121,266.604,275.701
NVDA,2023-04-11,277.146,277.811,271.173,271.603
NVDA,2023-04-12,273.612,274.591,264.391,264.866
NVDA,2023-04-13,267.254,268.782,263.206,264.546
NVDA,2023-04-14,264.956,268.743,262.116,267.493
NVDA,2023-04-17,265.571,269.973,264.247,269.933
NVDA,2023-04-18,275.247,281.01,273.482,276.581
NVDA,2023-04-19,273.522,279.91,272.233,279.22
NVDA,2023-04-20,276.621,280.21,269.913,270.953
NVDA,2023-04-21,269.433,271.743,267.134,271.103
NVDA,2023-04-24,270.043,273.572,266.625,270.333
NVDA,2023-04-25,270.693,272.383,262.166,262.326
NVDA,2023-04-26,269.933,273.212,266.965,269.473
NVDA,2023-04-27,273.542,274.862,266.166,272.173
NVDA,2023-04-28,272.163,277.491,270.628,277.401
NVDA,2023-05-01,278.311,290.49,277.711,289.007
NVDA,2023-05-02,286.708,288.267,280.74,282.01
NVDA,2023-05-03,278.311,283.58,274.632,277.931
NVDA,2023-05-04,276.421,278.501,272.313,275.531
NVDA,2023-05-05,278.166,287.458,277.221,286.708
NVDA,2023-05-08,285.129,292.106,283.41,291.416
NVDA,2023-05-09,288.897,289.637,284.41,285.618
NVDA,2023-05-10,289.957,291.036,284.522,288.757
NVDA,2023-05-11,288.867,289.407,282.37,285.688
NVDA,2023-05-12,285.198,287.707,280.37,283.31
NVDA,2023-05-15,284.994,289.597,281.43,289.437
NVDA,2023-05-16,288.317,298.604,288.227,292.036
NVDA,2023-05-17,295.745,301.893,294.206,301.683
NVDA,2023-05-18,304.003,318.178,303.103,316.678
NVDA,2023-05-19,315.258,315.698,309.061,312.54
NVDA,2023-05-22,308.912,315.098,306.702,311.66
NVDA,2023-05-23,309.9,312.78,306.212,306.782
NVDA,2023-05-24,302.003,305.972,297.964,305.282
NVDA,2023-05-25,385.106,394.672,366.233,379.679
NVDA,2023-05-26,378.779,391.575,375.379,389.336
NVDA,2023-05-30,405.82,419.245,399.362,400.981
NVDA,2023-05-31,394.752,402.821,378.099,378.219
NVDA,2023-06-01,384.766,400.372,383.276,397.572
NVDA,2023-06-02,400.842,404.87,390.456,393.144
NVDA,2023-06-05,388.966,395.522,386.946,391.585
NVDA,2023-06-06,388.176,391.475,381.358,386.416
NVDA,2023-06-07,389.066,394.903,373.478,374.668
NVDA,2023-06-08,377.158,388.556,374.968,385.016
NVDA,2023-06-09,390.286,397.023,385.586,387.616
NVDA,2023-06-12,391.916,395.213,386.096,394.733
NVDA,2023-06-13,401.773,410.921,397.313,410.131
NVDA,2023-06-14,408.151,429.907,405.432,429.877
NVDA,2023-06-15,425.928,432.796,421.378,426.438
NVDA,2023-06-16,434.406,437.115,426.513,426.827
NVDA,2023-06-20,429.887,439.804,426.647,437.984
NVDA,2023-06-21,434.916,436.056,420.708,430.357
NVDA,2023-06-22,422.438,434.161,422.248,430.157
NVDA,2023-06-23,424.548,427.997,420.058,421.998
NVDA,2023-06-26,424.328,427.547,400.913,406.232
NVDA,2023-06-27,407.901,419.308,404.392,418.668
NVDA,2023-06-28,406.511,418.359,405.092,411.081
NVDA,2023-06-29,415.49,415.909,405.912,408.131
NVDA,2023-06-30,416.709,425.408,414.921,422.928
NVDA,2023-07-03,425.078,428.887,421.928,424.038
NVDA,2023-07-05,421.258,431.676,420.758,423.078
NVDA,2023-07-06,418.349,421.698,413.371,420.938
NVDA,2023-07-07,423.128,432.046,421.708,424.938
NVDA,2023-07-10,426.478,428.017,416.399,421.708
NVDA,2023-07-11,424.718,427.487,420.578,423.958
NVDA,2023-07-12,430.237,439.254,427.68,438.924
NVDA,2023-07-13,445.083,461.449,444.823,459.67
NVDA,2023-07-14,465.727,480.775,450.502,454.592
NVDA,2023-07-17,462.789,464.859,452.526,464.509
NVDA,2023-07-18,466.909,478.856,457.241,474.837
NVDA,2023-07-19,474.537,478.077,467.318,470.668
NVDA,2023-07-20,464.969,470.768,450.522,455.101
NVDA,2023-07-21,457.781,458.56,440.904,442.993
NVDA,2023-07-24,447.213,450.992,440.304,446.023
NVDA,2023-07-25,449.313,461.724,449.133,456.691
NVDA,2023-07-26,460.11,460.43,446.203,454.422
NVDA,2023-07-27,465.089,473.847,457.401,458.9
NVDA,2023-07-28,466.579,470.168,463.709,467.398
NVDA,2023-07-31,467.438,471.198,464.959,467.188
NVDA,2023-08-01,464.494,468.898,460.17,464.969
NVDA,2023-08-02,458.21,458.3,433.776,442.594
NVDA,2023-08-03,437.905,451.082,437.905,445.053
NVDA,2023-08-04,449.752,456.321,443.833,446.703
NVDA,2023-08-07,451.012,455.301,445.538,454.067
NVDA,2023-08-08,448.433,452.322,440.464,446.543
NVDA,2023-08-09,442.644,443.023,421.248,425.448
NVDA,2023-08-10,421.508,435.646,418.259,423.788
NVDA,2023-08-11,417.419,420.088,406.302,408.461
NVDA,2023-08-14,404.772,437.905,403.023,437.435
NVDA,2023-08-15,445.503,452.582,437.005,439.304
NVDA,2023-08-16,445.103,446.653,433.966,434.766
NVDA,2023-08-17,439.604,440.524,429.917,433.341
NVDA,2023-08-18,426.258,435.686,416.509,432.896
NVDA,2023-08-21,444.843,470.548,442.124,469.568
NVDA,2023-08-22,481.245,481.765,453.233,456.581
NVDA,2023-08-23,458.56,471.898,451.982,471.058
NVDA,2023-08-24,502.051,502.551,471.488,471.528
NVDA,2023-08-25,470.018,477.947,450.142,460.08
NVDA,2023-08-28,464.719,469.698,448.783,468.248
NVDA,2023-08-29,466.559,490.704,463.809,487.734
NVDA,2023-08-30,490.334,499.162,484.144,492.533
NVDA,2023-08-31,493.693,497.332,489.474,493.443
NVDA,2023-09-01,497.512,497.892,481.311,484.984
NVDA,2023-09-05,482.125,488.402,478.497,485.374
NVDA,2023-09-06,484.344,485.424,465.737,470.547
NVDA,2023-09-07,455.189,463.377,451.459,462.347
NVDA,2023-09-08,459.358,465.997,452.649,455.659
NVDA,2023-09-11,461.417,461.567,443.06,451.719
NVDA,2023-09-12,447.32,456.669,445.25,448.64
NVDA,2023-09-13,445.94,459.238,444.97,454.789
NVDA,2023-09-14,459.438,459.807,451.249,455.749
NVDA,2023-09-15,453.349,455.929,438.02,438.94
NVDA,2023-09-18,427.422,442.36,419.943,439.6
NVDA,2023-09-19,438.27,439.6,429.962,435.142
NVDA,2023-09-20,435.942,438.97,422.173,422.333
NVDA,2023-09-21,415.773,420.943,409.745,410.115
NVDA,2023-09-22,415.663,421.093,412.255,416.043
NVDA,2023-09-25,415.853,425.303,411.715,422.163
NVDA,2023-09-26,419.953,428.142,416.493,419.053
NVDA,2023-09-27,423.243,428.662,416.234,424.623
NVDA,2023-09-28,424.543,434.405,421.093,430.832
NVDA,2023-09-29,438.21,441.38,433.011,434.932
NVDA,2023-10-02,440.24,451.689,438.55,447.76
NVDA,2023-10-03,448.02,451.239,432.402,435.112
NVDA,2023-10-04,437.361,441.37,432.862,440.35
NVDA,2023-10-05,440.44,448.94,438.82,446.82
NVDA,2023-10-06,441.87,457.829,440.2,457.559
NVDA,2023-10-09,448.36,455.989,443.62,452.669
NVDA,2023-10-10,453.039,462.527,450.819,457.919
NVDA,2023-10-11,461.897,468.527,460.438,467.997
NVDA,2023-10-12,467.707,476.026,463.237,469.387
NVDA,2023-10-13,469.537,471.097,452.739,454.549
NVDA,2023-10-16,450.569,462.187,449.06,460.887
NVDA,2023-10-17,439.94,447.48,424.743,439.32
NVDA,2023-10-18,425.853,432.132,418.193,421.903
NVDA,2023-10-19,428.052,432.912,418.763,420.953
NVDA,2023-10-20,418.843,424.643,410.725,413.815
NVDA,2023-10-23,412.235,432.422,409.395,429.692
NVDA,2023-10-24,430.712,436.911,426.852,436.572
NVDA,2023-10-25,433.922,436.442,415.494,417.733
NVDA,2023-10-26,418.473,422.498,398.748,403.206
NVDA,2023-10-27,411.245,412.005,400.096,404.945
NVDA,2023-10-30,410.815,417.603,404.755,411.555
NVDA,2023-10-31,404.445,408.735,392.248,407.745
NVDA,2023-11-01,408.785,423.753,408.635,423.193
NVDA,2023-11-02,433.222,438.78,428.882,435.002
NVDA,2023-11-03,440.14,453.029,437.171,449.989
NVDA,2023-11-06,452.784,459.288,448.93,457.449
NVDA,2023-11-07,457.129,462.117,451.514,459.488
NVDA,2023-11-08,460.937,468.607,459.618,465.677
NVDA,2023-11-09,474.606,482.235,467.437,469.437
NVDA,2023-11-10,474.936,484.654,472.767,483.285
NVDA,2023-11-13,483.135,491.094,480.925,486.134
NVDA,2023-11-14,496.733,498.273,490.334,496.493
NVDA,2023-11-15,499.283,499.533,481.935,488.814
NVDA,2023-11-16,486.724,495.18,483.235,494.734
NVDA,2023-11-17,495.173,497.103,490.004,492.914
NVDA,2023-11-20,493.054,505.412,491.744,504.022
NVDA,2023-11-21,501.192,505.102,492.154,499.373
NVDA,2023-11-22,498.453,503.281,476.836,487.094
NVDA,2023-11-24,484.634,489.144,477.386,477.696
NVDA,2023-11-27,477.936,485.234,476.456,482.355
NVDA,2023-11-28,482.295,483.164,474.666,478.146
NVDA,2023-11-29,483.724,487.554,478.536,481.335
NVDA,2023-11-30,480.175,481.035,464.157,467.637
NVDA,2023-12-01,465.187,471.937,461.807,467.587
NVDA,2023-12-04,460.708,460.708,450.039,455.039
NVDA,2023-12-05,454.639,465.978,452.689,465.638
NVDA,2023-12-06,472.123,473.848,454.099,455.009
NVDA,2023-12-07,456.979,466.268,456.019,465.938
NVDA,2023-12-08,465.928,477.386,465.478,475.038
NVDA,2023-12-11,474.888,475.288,458.278,466.248
NVDA,2023-12-12,460.438,476.638,460.438,476.548
NVDA,2023-12-13,476.268,485.917,476.058,480.857
NVDA,2023-12-14,483.877,486.677,474.198,483.477
NVDA,2023-12-15,481.917,494.017,481.177,488.877
NVDA,2023-12-18,493.977,504.306,491.477,500.746
NVDA,2023-12-19,494.217,496.977,488.927,496.017
NVDA,2023-12-20,496.527,499.967,480.957,481.087
NVDA,2023-12-21,488.087,490.927,484.167,489.877
NVDA,2023-12-22,491.927,493.807,484.647,488.277
NVDA,2023-12-26,489.657,495.977,489.577,492.767
NVDA,2023-12-27,495.087,496.777,490.827,494.147
NVDA,2023-12-28,496.407,498.816,494.097,495.197
NVDA,2023-12-29,498.107,499.947,487.487,495.197
NVDA,2024-01-02,492.417,492.927,475.928,481.657
NVDA,2024-01-03,474.828,481.818,473.178,475.668
NVDA,2024-01-04,477.648,484.977,475.058,479.957
NVDA,2024-01-05,484.597,495.447,483.037,490.947
NVDA,2024-01-08,495.097,522.725,494.767,522.505
NVDA,2024-01-09,523.985,543.225,516.876,531.375
NVDA,2024-01-10,536.135,545.974,534.865,543.474
NVDA,2024-01-11,549.964,553.434,535.575,548.194
NVDA,2024-01-12,546.174,549.674,543.275,547.074
NVDA,2024-01-16,550.154,568.323,548.974,563.794
NVDA,2024-01-17,563.444,564.68,547.374,560.504
NVDA,2024-01-18,572.573,575.973,561.044,571.043
NVDA,2024-01-19,579.863,594.972,572.223,594.882
NVDA,2024-01-22,600.462,603.282,590.672,596.512
NVDA,2024-01-23,595.672,599.072,585.823,598.702
NVDA,2024-01-24,603.012,628.461,599.352,613.591
NVDA,2024-01-25,623.471,627.161,608.471,616.141
NVDA,2024-01-26,609.571,617.801,605.702,610.281
NVDA,2024-01-29,612.291,624.861,609.041,624.621
NVDA,2024-01-30,628.97,634.9,622.571,627.711
NVDA,2024-01-31,614.371,622.661,606.972,615.241
NVDA,2024-02-01,620.971,631.88,616.471,630.24
NVDA,2024-02-02,639.71,665.969,636.87,661.569
NVDA,2024-02-05,682.218,694.937,672.018,693.287
NVDA,2024-02-06,696.267,697.507,662.969,682.198
NVDA,2024-02-07,683.158,702.167,675.968,700.957
NVDA,2024-02-08,700.707,707.907,694.517,696.377
NVDA,2024-02-09,705.297,721.816,702.087,721.296
NVDA,2024-02-12,725.966,746.075,712.467,722.446
NVDA,2024-02-13,703.967,734.466,696.167,721.246
NVDA,2024-02-14,731.986,742.325,719.346,738.965
NVDA,2024-02-15,738.655,739.715,723.966,726.546
NVDA,2024-02-16,740.965,743.985,724.976,726.096
NVDA,2024-02-20,719.436,719.526,677.308,694.487
NVDA,2024-02-21,680.028,688.848,662.449,674.688
NVDA,2024-02-22,750.215,785.713,742.165,785.343
NVDA,2024-02-23,807.862,823.901,775.664,788.133
NVDA,2024-02-26,796.963,806.422,785.013,790.883
NVDA,2024-02-27,793.773,794.763,771.584,786.973
NVDA,2024-02-28,776.164,789.293,771.214,776.594
NVDA,2024-02-29,790.903,799.862,783.463,791.083
NVDA,2024-03-01,799.962,822.961,794.313,822.751
NVDA,2024-03-04,841.261,876.909,837.151,852.33
NVDA,2024-03-05,852.7,860.97,834.17,859.64
NVDA,2024-03-06,880.22,897.24,870.3,887.0
NVDA,2024-03-07,901.58,927.67,896.02,926.69
NVDA,2024-03-08,951.379,974.0,865.06,875.28
NVDA,2024-03-11,864.29,887.97,841.66,857.74
NVDA,2024-03-12,880.49,919.6,861.501,919.13
NVDA,2024-03-13,910.55,915.04,884.35,908.88
NVDA,2024-03-14,895.77,906.46,866.0,879.44
NVDA,2024-03-15,869.3,895.46,862.57,878.365
NVDA,2024-03-18,903.88,924.05,870.85,884.55
NVDA,2024-03-19,867.0,905.44,850.1,893.98
NVDA,2024-03-20,897.97,904.1,882.23,903.72
NVDA,2024-03-21,923.0,926.48,904.05,914.35
NVDA,2024-03-22,911.41,947.78,908.34,942.89
NVDA,2024-03-25,939.41,967.66,935.1,950.02
NVDA,2024-03-26,958.51,963.75,925.02,925.61
NVDA,2024-03-27,931.12,932.4,891.23,902.5
NVDA,2024-03-28,900.0,913.0,891.93,903.56
NVDA,2024-04-01,902.99,922.25,892.04,903.63
NVDA,2024-04-02,884.48,900.94,876.2,894.52
NVDA,2024-04-03,884.84,903.74,884.0,889.64
NVDA,2024-04-04,904.06,906.34,858.8,859.05
NVDA,2024-04-05,868.66,884.81,859.26,880.08
NVDA,2024-04-08,887.0,888.3,867.32,871.33
NVDA,2024-04-09,874.42,876.35,830.22,853.54
NVDA,2024-04-10,839.26,874.0,837.09,870.39
NVDA,2024-04-11,874.2,907.39,869.26,906.16
NVDA,2024-04-12,896.99,901.75,875.3,881.86
NVDA,2024-04-15,890.98,906.13,859.29,860.01
NVDA,2024-04-16,864.325,881.18,860.639,874.15
NVDA,2024-04-17,883.4,887.75,839.5,840.35
NVDA,2024-04-18,849.7,861.9,824.02,846.71
NVDA,2024-04-19,831.5,843.24,756.06,762.0
NVDA,2024-04-22,781.04,800.73,764.0,795.18
NVDA,2024-04-23,807.69,827.69,802.64,824.23
NVDA,2024-04-24,839.5,840.82,791.83,796.77
NVDA,2024-04-25,788.68,833.23,782.23,826.32
NVDA,2024-04-26,838.18,883.309,833.87,877.35
NVDA,2024-04-29,875.95,879.92,852.66,877.57
NVDA,2024-04-30,872.4,888.19,863.0,864.02
NVDA,2024-05-01,850.77,860.0,812.546,830.41
NVDA,2024-05-02,844.49,862.37,832.0,858.17
NVDA,2024-05-03,877.89,892.81,870.4,887.89
NVDA,2024-05-06,893.9,922.2,890.55,921.4
NVDA,2024-05-07,910.98,917.81,890.11,905.54
NVDA,2024-05-08,894.825,911.94,894.2,904.12
NVDA,2024-05-09,905.29,910.72,882.31,887.47
NVDA,2024-05-10,903.045,914.01,892.27,898.78
NVDA,2024-05-13,904.78,909.98,885.29,903.99
NVDA,2024-05-14,895.99,916.51,889.34,913.56
NVDA,2024-05-15,924.72,948.62,915.99,946.3
NVDA,2024-05-16,949.1,958.19,941.03,943.59
NVDA,2024-05-17,943.69,947.4,918.06,924.79
NVDA,2024-05-20,937.5,952.0,934.4,947.8
NVDA,2024-05-21,935.99,954.0,931.8,953.86
NVDA,2024-05-22,954.59,960.2,932.49,949.5
NVDA,2024-05-23,1020.28,1063.2,1015.2,1037.99
NVDA,2024-05-24,1044.49,1064.75,1030.0,1064.69
NVDA,2024-05-28,1102.44,1149.39,1098.83,1139.01
NVDA,2024-05-29,1130.5,1154.92,1109.01,1148.25
NVDA,2024-05-30,1146.5,1158.19,1096.63,1105.0
NVDA,2024-05-31,1125.2,1127.17,1069.4,1096.33
NVDA,2024-06-03,1136.21,1150.0,1120.03,1150.0
NVDA,2024-06-04,1157.16,1166.0,1140.45,1164.37
NVDA,2024-06-05,1183.71,1224.49,1174.68,1224.4
NVDA,2024-06-06,1240.48,1255.87,1183.2,1209.98
NVDA,2024-06-07,1197.7,1216.92,1180.22,1208.88
NVDA,2024-06-10,120.37,123.1,117.01,121.71
NVDA,2024-06-11,121.77,122.87,118.74,120.91
NVDA,2024-06-12,123.06,126.88,122.57,125.2
NVDA,2024-06-13,129.39,129.8,127.16,129.61
NVDA,2024-06-14,129.96,132.84,128.32,131.88
NVDA,2024-06-17,132.99,133.73,129.58,131.006
NVDA,2024-06-18,131.14,136.33,130.69,135.58
NVDA,2024-06-20,139.8,140.72,129.52,130.75
NVDA,2024-06-21,127.12,130.63,124.3,126.57
NVDA,2024-06-24,123.24,124.46,118.05,118.07
NVDA,2024-06-25,121.2,126.5,119.32,126.09
NVDA,2024-06-26,126.13,128.12,122.6,126.37
NVDA,2024-06-27,124.1,126.41,122.92,123.99
NVDA,2024-06-28,124.58,127.71,122.75,123.47
NVDA,2024-07-01,123.47,124.84,118.83,124.3
NVDA,2024-07-02,121.13,123.41,121.03,122.67
NVDA,2024-07-03,121.66,128.28,121.36,128.28
NVDA,2024-07-05,127.38,128.85,125.68,125.82
NVDA,2024-07-08,127.49,130.77,127.04,128.236
NVDA,2024-07-09,130.35,133.82,128.65,131.38
NVDA,2024-07-10,134.03,135.1,132.42,134.93
NVDA,2024-07-11,135.75,136.15,127.05,127.4
NVDA,2024-07-12,128.26,131.92,127.22,129.275
NVDA,2024-07-15,130.56,131.39,127.18,128.44
NVDA,2024-07-16,128.44,128.99,124.59,126.41
NVDA,2024-07-17,121.35,121.85,116.72,117.97
NVDA,2024-07-18,121.85,122.4,116.57,121.29
NVDA,2024-07-19,120.35,121.59,117.37,117.93
NVDA,2024-07-22,120.35,124.07,119.86,123.54
NVDA,2024-07-23,122.78,124.67,122.1,122.445
NVDA,2024-07-24,119.17,119.95,113.44,114.25
NVDA,2024-07-25,113.04,116.63,106.4,112.34
NVDA,2024-07-26,116.19,116.2,111.58,113.1
NVDA,2024-07-29,113.69,116.28,111.3,111.59
NVDA,2024-07-30,111.52,111.99,102.54,103.73
NVDA,2024-07-31,112.9,118.34,110.88,117.115
NVDA,2024-08-01,117.53,120.16,106.81,109.39
NVDA,2024-08-02,103.83,108.72,101.37,107.27
NVDA,2024-08-05,92.06,103.41,90.75,100.68
NVDA,2024-08-06,103.87,107.71,100.6,104.02
NVDA,2024-08-07,107.81,108.8,98.69,98.95
NVDA,2024-08-08,102.0,105.5,97.52,104.97
NVDA,2024-08-09,105.64,106.6,103.43,104.75
NVDA,2024-08-12,106.32,111.0,101.0,109.002
NVDA,2024-08-13,112.44,116.23,111.58,116.14
NVDA,2024-08-14,118.53,118.6,114.14,118.013
NVDA,2024-08-15,118.76,123.24,117.47,122.86
NVDA,2024-08-16,121.94,125.0,121.18,124.58
NVDA,2024-08-19,124.28,130.0,123.42,130.0
NVDA,2024-08-20,128.4,129.88,125.89,127.25
NVDA,2024-08-21,127.315,129.35,126.66,128.5
NVDA,2024-08-22,130.02,130.75,123.1,123.795
NVDA,2024-08-23,125.86,129.587,125.22,129.283
NVDA,2024-08-26,129.57,131.26,124.37,126.45
NVDA,2024-08-27,125.05,129.2,123.89,128.3
NVDA,2024-08-28,128.12,128.33,122.64,125.61
NVDA,2024-08-29,121.355,124.43,116.71,117.59
NVDA,2024-08-30,119.53,121.75,117.22,119.38
NVDA,2024-09-03,116.01,116.21,107.29,108.0
NVDA,2024-09-04,105.41,109.99,104.12,106.21
NVDA,2024-09-05,104.985,109.65,104.76,107.24
NVDA,2024-09-06,108.04,108.15,100.95,102.84
NVDA,2024-09-09,104.88,106.55,103.69,106.47
NVDA,2024-09-10,107.92,109.39,104.95,108.1
NVDA,2024-09-11,109.39,117.18,107.42,116.78
NVDA,2024-09-12,116.88,120.79,115.38,119.14
NVDA,2024-09-13,119.08,119.955,117.67,119.08
NVDA,2024-09-16,116.79,118.18,114.36,116.78
NVDA,2024-09-17,118.17,118.8,114.83,115.59
NVDA,2024-09-18,115.89,117.7,113.22,113.25
NVDA,2024-09-19,117.35,119.66,117.25,117.87
NVDA,2024-09-20,117.06,118.59,115.39,116.0
NVDA,2024-09-23,116.55,116.99,114.87,116.26
NVDA,2024-09-24,116.515,121.8,115.41,120.95
NVDA,2024-09-25,122.02,124.94,121.61,123.51
NVDA,2024-09-26,126.8,127.665,121.8,124.04
NVDA,2024-09-27,123.97,124.03,119.26,121.35
NVDA,2024-09-30,118.31,121.5,118.15,121.435
NVDA,2024-10-01,121.765,122.435,115.79,116.85
NVDA,2024-10-02,116.44,119.38,115.17,118.85
NVDA,2024-10-03,120.92,124.36,120.34,122.8
NVDA,2024-10-04,124.94,125.04,121.83,124.92
NVDA,2024-10-07,124.99,130.64,124.95,127.78
NVDA,2024-10-08,130.26,133.48,129.42,132.936
NVDA,2024-10-09,134.11,134.52,131.43,132.65
NVDA,2024-10-10,131.91,135.0,131.0,134.82
NVDA,2024-10-11,134.01,135.78,133.66,134.804
NVDA,2024-10-14,136.47,139.6,136.3,138.16
NVDA,2024-10-15,137.87,138.57,128.74,131.835
NVDA,2024-10-16,133.98,136.62,131.58,135.72
NVDA,2024-10-17,139.34,140.89,136.87,136.928
NVDA,2024-10-18,138.665,138.9,137.28,138.0
NVDA,2024-10-21,138.13,143.71,138.0,143.71
NVDA,2024-10-22,142.91,144.42,141.78,143.59
NVDA,2024-10-23,142.03,142.43,137.46,139.56
NVDA,2024-10-24,140.82,141.35,138.46,140.41
NVDA,2024-10-25,140.93,144.13,140.8,141.54
NVDA,2024-10-28,143.0,143.14,140.05,140.52
NVDA,2024-10-29,140.285,142.26,138.9,141.28
NVDA,2024-10-30,139.54,140.33,136.81,139.18
NVDA,2024-10-31,137.6,137.61,132.111,132.76
NVDA,2024-11-01,134.7,137.31,134.57,135.37
NVDA,2024-11-04,137.21,138.96,135.58,136.14
NVDA,2024-11-05,137.45,140.37,137.33,139.93
NVDA,2024-11-06,142.96,146.49,141.96,145.61
NVDA,2024-11-07,146.39,148.92,146.17,148.875
NVDA,2024-11-08,148.77,149.77,146.26,147.65
NVDA,2024-11-11,148.68,148.85,143.57,145.27
NVDA,2024-11-12,146.78,149.65,146.01,148.31
NVDA,2024-11-13,149.07,149.33,145.9,146.41
NVDA,2024-11-14,147.64,149.0,145.56,146.76
NVDA,2024-11-15,144.87,145.24,140.08,141.98
NVDA,2024-11-18,139.5,141.55,137.15,140.15
NVDA,2024-11-19,141.32,147.13,140.99,147.01
NVDA,2024-11-20,147.41,147.56,142.73,145.89
NVDA,2024-11-21,149.35,152.89,140.7,146.67
NVDA,2024-11-22,145.93,147.16,141.1,141.95
NVDA,2024-11-25,141.99,142.05,135.82,136.02
NVDA,2024-11-26,137.7,139.3,135.67,136.86
NVDA,2024-11-27,135.01,137.22,131.8,135.34
NVDA,2024-11-29,136.78,139.35,136.05,138.25
NVDA,2024-12-02,138.83,140.45,137.825,138.63
NVDA,2024-12-03,138.26,140.54,137.95,140.265
NVDA,2024-12-04,141.995,145.79,140.29,145.14
NVDA,2024-12-05,145.11,146.54,143.95,145.06
NVDA,2024-12-06,144.6,145.7,141.31,142.44
NVDA,2024-12-09,138.97,139.95,137.13,138.81
NVDA,2025-01-27,124.8,128.4,116.7,118.42
NVDA,2025-01-28,121.81,129.0,116.25,128.99
NVDA,2025-01-29,126.5,126.89,120.05,123.7
NVDA,2025-01-30,123.1,125.0,118.1,124.65
NVDA,2025-01-31,123.78,127.85,119.19,120.07
NVDA,2025-02-03,114.75,118.57,113.01,116.66
NVDA,2025-02-04,116.96,121.2,116.7,118.65
NVDA,2025-02-05,121.76,125.0,120.76,124.83
NVDA,2025-02-06,127.42,128.77,125.21,128.68
NVDA,2025-02-07,129.22,130.37,125.0,129.84
NVDA,2025-02-10,130.09,135.0,129.96,133.57
NVDA,2025-02-11,132.58,134.48,131.02,132.8
NVDA,2025-02-12,130.02,132.24,129.08,131.14
NVDA,2025-02-13,131.555,136.5,131.17,135.29
NVDA,2025-02-14,136.48,139.25,135.5,138.85
NVDA,2025-02-18,141.27,143.44,137.925,139.4
NVDA,2025-02-19,139.51,141.36,137.22,139.23
NVDA,2025-02-20,140.03,140.66,136.79,140.11
NVDA,2025-02-21,140.04,141.46,134.03,134.43
NVDA,2025-02-24,136.56,138.59,130.08,130.28
NVDA,2025-02-25,129.98,130.2,124.44,126.62
NVDA,2025-02-26,129.985,133.73,128.49,131.28
NVDA,2025-02-27,135.0,135.01,120.01,120.15
NVDA,2025-02-28,118.02,125.06,116.4,124.805
NVDA,2025-03-03,123.51,123.7,112.28,114.06
NVDA,2025-03-04,110.645,119.31,110.11,115.96
NVDA,2025-03-05,117.58,118.278,114.535,117.3
NVDA,2025-03-06,113.53,115.35,110.22,110.56
NVDA,2025-03-07,111.25,113.48,107.56,112.69
NVDA,2025-03-10,109.9,111.84,105.46,106.98
NVDA,2025-03-11,106.99,112.236,104.77,108.76
NVDA,2025-03-12,114.12,116.76,112.88,115.74
NVDA,2025-03-13,117.03,117.75,113.79,115.708
NVDA,2025-03-14,118.61,121.88,118.164,121.55
NVDA,2025-03-17,122.74,122.89,118.03,119.48
NVDA,2025-03-18,118.0,119.02,114.54,115.529
NVDA,2025-03-19,117.27,120.445,115.68,117.52
NVDA,2025-03-20,116.55,120.2,116.47,118.53
NVDA,2025-03-21,116.94,117.99,115.42,117.65
NVDA,2025-03-24,119.88,122.22,119.34,121.41
NVDA,2025-03-25,120.545,121.29,118.92,120.69
NVDA,2025-03-26,118.73,118.84,112.71,113.49
NVDA,2025-03-27,111.35,114.45,110.66,111.43
NVDA,2025-03-28,111.485,112.84,109.07,109.67
NVDA,2025-03-31,105.13,108.96,103.65,108.77
NVDA,2025-04-01,108.515,110.2,106.51,110.15
NVDA,2025-04-02,107.29,111.98,106.79,110.42
NVDA,2025-04-03,103.53,105.63,101.6,101.835
NVDA,2025-04-04,98.858,100.13,92.11,94.32
NVDA,2025-04-07,87.5,101.75,86.68,97.71
NVDA,2025-04-08,103.805,105.82,94.46,96.71
NVDA,2025-04-09,98.89,115.1,97.9,114.33
NVDA,2025-04-10,109.37,110.85,103.01,107.7
NVDA,2025-04-11,108.63,111.55,107.52,110.93
NVDA,2025-04-14,114.11,114.29,109.07,110.71
NVDA,2025-04-15,110.97,113.615,110.52,112.2
NVDA,2025-04-16,104.55,106.79,100.45,104.49
NVDA,2025-04-17,104.45,104.47,100.06,101.425
NVDA,2025-04-21,98.77,99.44,95.04,96.91
NVDA,2025-04-22,98.78,99.811,97.28,98.89
NVDA,2025-04-23,104.52,104.8,102.02,102.515
NVDA,2025-04-24,103.475,106.54,103.11,106.43
NVDA,2025-04-25,106.85,111.92,105.73,111.01
NVDA,2025-04-28,109.69,110.37,106.02,108.63
NVDA,2025-04-29,107.67,110.2,107.44,109.02
NVDA,2025-04-30,104.47,108.9,104.16,108.7
NVDA,2025-05-01,113.08,114.94,111.3,111.61
NVDA,2025-05-02,114.18,115.4,113.37,114.42
NVDA,2025-05-05,112.905,114.665,112.66,113.82
NVDA,2025-05-06,111.48,114.74,110.822,113.54
NVDA,2025-05-07,113.045,117.68,112.282,117.06
NVDA,2025-05-08,118.25,118.68,115.88,117.37
NVDA,2025-05-09,117.35,118.225,115.25,116.65
NVDA,2025-05-12,121.97,123.0,120.32,122.995
NVDA,2025-05-13,124.98,131.219,124.47,129.93
NVDA,2025-05-14,133.195,135.435,131.74,135.34
NVDA,2025-05-15,134.295,136.3,132.66,134.85
NVDA,2025-05-16,136.22,136.35,133.46,135.305
NVDA,2025-05-19,132.39,135.87,132.39,135.513
NVDA,2025-05-20,134.29,134.58,132.63,134.387
NVDA,2025-05-21,133.06,137.4,130.59,131.813
NVDA,2025-05-22,132.23,134.25,131.59,132.83
NVDA,2025-05-23,130.0,132.68,129.16,131.29
NVDA,2025-05-27,134.15,135.66,133.31,135.5
NVDA,2025-05-28,136.025,137.25,134.79,134.81
NVDA,2025-05-29,142.245,143.49,137.91,139.178
NVDA,2025-05-30,138.715,139.62,132.92,134.84
NVDA,2025-06-02,135.49,138.115,135.4,137.38
NVDA,2025-06-03,138.78,142.0,137.95,141.4
NVDA,2025-06-04,142.19,142.39,139.545,141.92
NVDA,2025-06-05,142.17,144.0,138.83,139.95
NVDA,2025-06-06,142.51,143.27,141.51,141.688
NVDA,2025-06-09,143.19,145.0,141.94,142.63
NVDA,2025-06-10,142.69,144.29,141.525,143.96
NVDA,2025-06-11,144.61,144.99,141.87,142.83
NVDA,2025-06-12,141.97,145.0,141.85,145.0
NVDA,2025-06-13,142.48,143.58,140.855,141.97
NVDA,2025-06-16,143.345,146.175,143.2,144.69
NVDA,2025-06-17,144.49,145.22,143.78,144.12
NVDA,2025-06-18,144.005,145.65,143.12,145.48
NVDA,2025-06-20,145.45,146.2,142.65,143.78
NVDA,2025-06-23,142.5,144.78,142.03,144.17
NVDA,2025-06-24,145.56,147.96,145.5,147.9
NVDA,2025-06-25,149.27,154.45,149.27,154.31
NVDA,2025-06-26,155.975,156.715,154.0,155.02
NVDA,2025-06-27,156.04,158.71,155.255,157.74
NVDA,2025-06-30,158.4,158.66,155.96,157.99
NVDA,2025-07-01,156.29,157.2,151.49,153.3
NVDA,2025-07-02,152.98,157.6,152.97,157.25
NVDA,2025-07-03,158.37,160.98,157.77,159.288
NVDA,2025-07-07,158.2,159.31,157.342,158.24
NVDA,2025-07-08,159.33,160.22,158.39,160.008
NVDA,2025-07-09,161.22,164.42,161.16,162.88
NVDA,2025-07-10,164.32,164.5,161.61,164.1
NVDA,2025-07-11,164.92,164.92,164.92,164.92
NVDA,2025-07-14,165.37,165.49,162.02,164.07
NVDA,2025-07-15,171.19,172.4,169.195,170.7
NVDA,2025-07-16,171.06,171.75,168.9,171.356
NVDA,2025-07-17,172.02,174.16,170.83,173.0
NVDA,2025-07-18,173.64,174.25,171.26,172.41
NVDA,2025-07-21,172.75,173.38,171.0,171.38
NVDA,2025-07-22,171.34,171.39,164.58,167.01
NVDA,2025-07-23,169.53,171.26,167.97,170.78
NVDA,2025-07-24,172.44,173.83,171.3,173.74
NVDA,2025-07-25,173.61,174.72,172.96,173.5
NVDA,2025-07-28,174.02,177.0,173.97,176.769
NVDA,2025-07-29,177.96,179.38,175.02,175.51
NVDA,2025-07-30,176.51,179.89,176.04,179.27
NVDA,2025-07-31,182.9,183.3,175.93,177.87
NVDA,2025-08-01,174.09,176.54,170.89,173.59
NVDA,2025-08-04,175.16,180.2,174.52,180.0
NVDA,2025-08-05,179.62,180.26,175.9,178.26
NVDA,2025-08-06,176.325,179.9,176.25,179.42
NVDA,2025-08-07,181.57,183.88,178.795,180.77
NVDA,2025-08-08,181.55,183.295,180.4,182.735
NVDA,2025-08-11,182.05,183.84,180.25,182.11
NVDA,2025-08-12,182.96,184.48,179.46,183.105
NVDA,2025-08-13,182.615,183.97,179.35,181.545
NVDA,2025-08-14,179.75,183.02,179.46,182.02
NVDA,2025-08-15,181.88,181.9,178.042,180.45
NVDA,2025-08-18,180.6,182.938,180.59,182.01
NVDA,2025-08-19,182.43,182.5,175.49,175.64
NVDA,2025-08-20,175.165,176.0,168.801,175.4
NVDA,2025-08-21,174.85,176.9,173.81,174.98
NVDA,2025-08-22,172.61,178.59,171.2,177.99
NVDA,2025-08-25,178.35,181.91,176.57,179.829
NVDA,2025-08-26,180.055,182.39,178.81,181.77
NVDA,2025-08-27,181.98,182.49,179.1,181.513
NVDA,2025-08-28,180.82,184.47,176.41,180.119
NVDA,2025-08-29,178.11,178.15,173.145,174.111
NVDA,2025-09-02,170.0,172.379,167.22,170.741
NVDA,2025-09-03,171.06,172.41,168.875,170.62
NVDA,2025-09-04,170.57,171.86,169.41,171.66
NVDA,2025-09-05,168.03,169.03,164.07,167.02
NVDA,2025-09-08,167.55,170.96,167.35,168.33
NVDA,2025-09-09,169.09,170.98,166.74,170.753
NVDA,2025-09-10,176.64,179.29,175.47,177.27
NVDA,2025-09-11,179.68,180.28,176.48,177.17
NVDA,2025-09-12,177.77,178.595,176.45,177.8
NVDA,2025-09-15,175.67,178.28,174.51,177.749
NVDA,2025-09-16,177.0,177.5,174.38,174.839
NVDA,2025-09-17,172.64,173.2,168.41,170.207
NVDA,2025-09-18,173.98,177.1,172.96,176.28
NVDA,2025-09-19,175.77,178.08,175.18,176.597
NVDA,2025-09-22,175.3,184.55,174.705,183.61
NVDA,2025-09-23,181.97,182.42,177.0,178.43
NVDA,2025-09-24,179.77,179.78,175.4,176.899
NVDA,2025-09-25,174.48,180.26,173.125,177.66
NVDA,2025-09-26,178.17,179.77,174.93,178.19
NVDA,2025-09-29,180.425,184.0,180.32,181.877
NVDA,2025-09-30,182.08,187.35,181.48,186.575
NVDA,2025-10-01,185.24,188.14,183.9,187.21
NVDA,2025-10-02,189.6,191.05,188.06,188.94
NVDA,2025-10-03,189.19,190.36,185.38,187.62
NVDA,2025-10-06,185.5,187.23,183.33,185.54
NVDA,2025-10-07,186.23,189.06,184.0,185.04
NVDA,2025-10-08,186.57,189.6,186.54,189.11
NVDA,2025-10-09,192.225,195.3,191.06,192.57
NVDA,2025-10-10,193.505,195.62,182.05,183.16
NVDA,2025-10-13,187.965,190.1099,185.96,188.32
NVDA,2025-10-14,184.77,184.8,179.7,180.00805
NVDA,2025-10-15,184.8,184.87,177.29,179.83
NVDA,2025-10-16,182.23,183.28,179.77,181.81
NVDA,2025-10-17,180.18,184.1,179.75,183.22
NVDA,2025-10-20,183.13,185.2,181.737,182.64
NVDA,2025-10-21,182.785,182.785,179.8,181.121
NVDA,2025-10-22,181.14,183.44,176.76,180.28
NVDA,2025-10-23,180.42,183.03,179.7901,182.16
NVDA,2025-10-24,183.835,187.47,183.5,186.2
NVDA,2025-10-27,189.99,192.0,188.4318,191.49
NVDA,2025-10-28,193.05,203.15,191.91,201.03
NVDA,2025-10-29,207.98,212.1899,204.775,207.04
NVDA,2025-10-30,205.15,206.16,201.41,202.8099
NVDA,2025-10-31,206.45,207.97,202.07,202.461
NVDA,2025-11-03,208.08,211.335,205.56,207.03
NVDA,2025-11-04,203.0,203.9699,197.93,198.69
NVDA,2025-11-05,198.77,202.92,194.65,195.21
NVDA,2025-11-06,196.42,197.62,186.38,188.08
NVDA,2025-11-07,184.9,188.32,178.91,188.15
NVDA,2025-11-10,195.11,199.94,193.79,199.05
NVDA,2025-11-11,195.155,195.42,191.3,193.16
NVDA,2025-11-12,195.72,195.89,191.13,193.85
NVDA,2025-11-13,191.05,191.44,183.85,186.97
NVDA,2025-11-14,182.86,191.01,180.58,190.27
NVDA,2025-11-17,185.965,189.0,184.32,186.691
NVDA,2025-11-18,183.375,184.8,179.65,181.36
NVDA,2025-11-19,184.79,187.855,182.8301,186.775
NVDA,2025-11-20,195.95,196.0,179.85,180.91
NVDA,2025-11-21,181.235,184.56,172.93,178.88
NVDA,2025-11-24,179.49,183.48,176.48,182.55
NVDA,2025-11-25,174.91,178.16,169.55,177.82
NVDA,2025-11-26,181.63,182.91,178.24,180.26
NVDA,2025-11-28,179.01,179.29,176.5,176.98
NVDA,2025-12-01,174.76,180.3,173.68,179.92
NVDA,2025-12-02,181.76,185.66,180.0,181.31
NVDA,2025-12-03,181.08,182.42,179.1101,179.551
NVDA,2025-12-04,181.62,184.515,179.96,183.453
NVDA,2025-12-05,183.89,184.66,180.91,182.41
NVDA,2025-12-08,182.64,188.0,182.4,185.5745
NVDA,2025-12-09,185.56,185.7167,183.32,184.97
NVDA,2025-12-10,184.965,185.48,182.035,183.74
NVDA,2025-12-11,180.275,181.32,176.62,180.965
NVDA,2025-12-12,181.11,182.82,174.62,175.02
NVDA,2025-12-15,177.936,178.415,175.03,176.29
NVDA,2025-12-16,176.26,178.195,174.9,177.72
NVDA,2025-12-17,176.1,176.13,170.31,170.94
NVDA,2025-12-18,174.53,176.15,171.82,173.998
NVDA,2025-12-19,176.665,181.07,176.34,180.97
NVDA,2025-12-22,183.92,184.16,182.35,183.69
NVDA,2025-12-23,182.97,189.33,182.9,189.21
NVDA,2025-12-24,187.94,188.91,186.59,188.61
NVDA,2025-12-26,189.92,192.69,188.0,190.53
NVDA,2025-12-29,187.71,188.755,185.91,188.22
NVDA,2025-12-30,188.24,188.99,186.93,187.54
NVDA,2025-12-31,189.57,190.56,186.49,186.5
NVDA,2026-01-02,189.835,192.9299,188.26,188.85
NVDA,2026-01-05,191.76,193.63,186.15,188.12
NVDA,2026-01-06,190.52,192.174,186.82,187.275
NVDA,2026-01-07,188.57,191.37,186.56,189.175
NVDA,2026-01-08,189.11,189.55,183.71,185.0
NVDA,2026-01-09,185.08,186.34,183.6701,184.825
NVDA,2026-01-12,183.22,187.12,183.0201,184.912
NVDA,2026-01-13,184.995,188.1099,183.4,185.805
NVDA,2026-01-14,184.32,184.46,180.8,183.14
NVDA,2026-01-15,186.5,189.7,186.33,186.99
NVDA,2026-01-16,189.075,190.44,186.08,186.105
NVDA,2026-01-20,181.9,182.375,177.61,178.22
NVDA,2026-01-21,179.05,185.379,178.4,183.18
NVDA,2026-01-22,184.75,186.17,183.93,184.73
NVDA,2026-01-23,187.5,189.6,186.8233,187.68
NVDA,2026-01-26,187.16,189.12,185.99,186.47
NVDA,2026-01-27,187.24,190.0,185.7,188.515
NVDA,2026-01-28,191.27,192.35,189.84,191.55
NVDA,2026-01-29,191.34,193.48,186.06,192.43
NVDA,2026-01-30,191.21,194.49,189.47,191.285
NVDA,2026-02-02,187.2,190.3,184.88,185.61
NVDA,2026-02-03,186.24,186.27,176.23,180.33
NVDA,2026-02-04,179.46,179.58,171.91,174.1934
NVDA,2026-02-05,174.925,176.815,171.03,171.975
NVDA,2026-02-06,176.69,187.0,174.6,185.41
NVDA,2026-02-09,184.26,198.725,183.95,190.04
NVDA,2026-02-10,191.38,192.48,188.12,188.597
NVDA,2026-02-11,192.45,193.26,188.77,190.005
NVDA,2026-02-12,193.03,193.61,186.51,187.0
NVDA,2026-02-13,187.475,187.5,181.59,182.78
PYPL,2023-01-03,73.69,75.26,73.38,74.58
PYPL,2023-01-04,76.11,78.48,75.43,77.69
PYPL,2023-01-05,77.3,77.32,75.65,76.27
PYPL,2023-01-06,76.77,77.06,73.95,76.48
PYPL,2023-01-09,77.0,78.765,76.53,77.08
PYPL,2023-01-10,76.9,78.02,76.5,77.92
PYPL,2023-01-11,78.67,79.19,77.82,78.54
PYPL,2023-01-12,79.01,80.3,77.1,79.78
PYPL,2023-01-13,78.525,79.809,78.03,79.48
PYPL,2023-01-17,80.14,80.665,78.88,80.18
PYPL,2023-01-18,79.8,80.75,77.1213,77.31
PYPL,2023-01-19,76.2605,77.42,75.96,76.75
PYPL,2023-01-20,77.012,79.1,75.9001,79.09
PYPL,2023-01-23,77.83,79.72,76.66,79.5
PYPL,2023-01-24,79.38,80.39,78.11,79.58
PYPL,2023-01-25,78.56,79.55,77.3,79.1
PYPL,2023-01-26,80.08,80.9,78.556,80.81
PYPL,2023-01-27,80.56,82.5348,80.32,81.83
PYPL,2023-01-30,80.87,81.3598,79.535,79.64
PYPL,2023-01-31,79.7,82.47,79.61,81.49
PYPL,2023-02-01,81.34,83.6,79.58,82.91
PYPL,2023-02-02,86.72,88.625,84.65,86.96
PYPL,2023-02-03,85.39,87.84,85.2,85.52
PYPL,2023-02-06,83.33,83.8,82.135,82.33
PYPL,2023-02-07,82.06,83.67,80.8226,83.23
PYPL,2023-02-08,82.35,82.61,79.62,79.72
PYPL,2023-02-09,81.73,81.8,78.095,78.42
PYPL,2023-02-10,79.37,82.85,78.6,80.8
PYPL,2023-02-13,80.65,80.71,78.44,79.45
PYPL,2023-02-14,79.0,79.3727,76.3,77.26
PYPL,2023-02-15,76.53,78.79,76.05,77.91
PYPL,2023-02-16,76.87,78.72,76.54,76.73
PYPL,2023-02-17,76.2,76.33,73.59,74.66
PYPL,2023-02-21,73.71,75.57,73.682,75.24
PYPL,2023-02-22,75.36,76.28,74.885,75.48
PYPL,2023-02-23,75.89,76.28,73.6259,75.19
PYPL,2023-02-24,73.5,74.03,72.98,73.55
PYPL,2023-02-27,74.32,74.565,73.46,73.77
PYPL,2023-02-28,73.53,74.34,73.13,73.6
PYPL,2023-03-01,73.63,74.22,73.25,73.82
PYPL,2023-03-02,72.624,74.3699,72.6,74.1
PYPL,2023-03-03,74.16,76.32,74.09,76.29
PYPL,2023-03-06,76.94,77.76,76.36,76.78
PYPL,2023-03-07,76.54,77.38,74.79,74.91
PYPL,2023-03-08,75.16,76.2,74.35,75.84
PYPL,2023-03-09,76.96,79.2651,75.725,75.93
PYPL,2023-03-10,75.94,75.94,73.1,73.43
PYPL,2023-03-13,72.622,73.97,71.0856,72.61
PYPL,2023-03-14,74.075,74.67,72.675,73.24
PYPL,2023-03-15,72.11,73.94,71.77,73.91
PYPL,2023-03-16,73.435,74.505,72.52,74.35
PYPL,2023-03-17,73.95,75.065,72.4783,72.99
PYPL,2023-03-20,73.0,74.14,72.02,73.21
PYPL,2023-03-21,74.14,76.84,74.07,76.72
PYPL,2023-03-22,76.86,77.115,74.24,74.34
PYPL,2023-03-23,72.95,74.51,71.71,72.56
PYPL,2023-03-24,71.92,73.9,71.53,73.88
PYPL,2023-03-27,74.815,75.17,73.18,73.3
PYPL,2023-03-28,73.1,73.59,71.86,72.7
PYPL,2023-03-29,73.21,74.3,73.0,74.18
PYPL,2023-03-30,74.93,75.18,73.9001,74.39
PYPL,2023-03-31,74.51,76.03,74.12,75.94
PYPL,2023-04-03,75.625,75.92,74.705,75.29
PYPL,2023-04-04,75.46,75.69,74.73,75.26
PYPL,2023-04-05,75.11,75.11,73.115,73.61
PYPL,2023-04-06,73.27,75.0,72.28,74.96
PYPL,2023-04-10,74.46,74.855,73.46,74.52
PYPL,2023-04-11,76.03,76.44,73.21,73.58
PYPL,2023-04-12,73.94,75.7,73.35,73.5
PYPL,2023-04-13,73.71,75.56,73.56,75.52
PYPL,2023-04-14,75.2,76.735,75.15,76.53
PYPL,2023-04-17,76.835,77.95,76.55,77.33
PYPL,2023-04-18,77.71,77.94,76.2101,76.42
PYPL,2023-04-19,75.3,75.94,74.1,75.32
PYPL,2023-04-20,74.4,74.97,73.47,73.58
PYPL,2023-04-21,73.4,74.24,72.92,74.18
PYPL,2023-04-24,74.41,74.8725,73.38,74.29
PYPL,2023-04-25,73.9,74.29,71.76,71.78
PYPL,2023-04-26,71.21,72.765,71.03,72.06
PYPL,2023-04-27,73.0,74.37,72.96,74.27
PYPL,2023-04-28,74.24,76.05,73.92,76.0
PYPL,2023-05-01,76.03,76.5,74.97,75.11
PYPL,2023-05-02,74.82,75.06,71.93,72.28
PYPL,2023-05-03,72.41,72.99,71.35,71.43
PYPL,2023-05-04,71.77,73.05,71.755,71.81
PYPL,2023-05-05,72.96,75.08,72.94,74.97
PYPL,2023-05-08,75.71,76.38,74.915,75.52
PYPL,2023-05-09,69.53,69.68,65.85,65.905
PYPL,2023-05-10,66.5,66.59,62.78,63.38
PYPL,2023-05-11,63.45,64.375,62.64,64.18
PYPL,2023-05-12,64.1,64.18,61.31,61.69
PYPL,2023-05-15,61.75,62.7292,61.58,62.25
PYPL,2023-05-16,61.8,61.9751,60.75,60.8
PYPL,2023-05-17,61.15,61.7199,60.4,61.46
PYPL,2023-05-18,61.46,61.655,60.46,61.27
PYPL,2023-05-19,61.9,61.95,60.708,60.92
PYPL,2023-05-22,60.95,63.15,60.65,63.03
PYPL,2023-05-23,63.03,63.3,61.84,62.0
PYPL,2023-05-24,61.65,62.215,61.23,61.8
PYPL,2023-05-25,61.74,61.74,59.315,59.37
PYPL,2023-05-26,59.5,60.6072,58.95,60.22
PYPL,2023-05-30,61.04,62.19,59.55,62.05
PYPL,2023-05-31,61.84,63.215,61.17,61.99
PYPL,2023-06-01,62.41,63.61,61.83,63.05
PYPL,2023-06-02,63.74,64.395,63.562,63.96
PYPL,2023-06-05,64.07,64.98,63.505,64.51
PYPL,2023-06-06,64.43,65.175,64.23,65.02
PYPL,2023-06-07,65.25,65.32,63.55,64.04
PYPL,2023-06-08,64.2,64.695,63.985,64.24
PYPL,2023-06-09,64.0,64.06,62.43,63.49
PYPL,2023-06-12,63.6,64.26,63.12,63.73
PYPL,2023-06-13,63.55,64.24,63.13,63.56
PYPL,2023-06-14,64.14,65.1,63.025,63.6
PYPL,2023-06-15,63.12,66.21,62.63,65.85
PYPL,2023-06-16,65.95,67.15,65.2202,66.43
PYPL,2023-06-20,67.13,69.2,66.78,68.89
PYPL,2023-06-21,68.945,69.02,67.22,68.19
PYPL,2023-06-22,67.52,68.645,67.06,68.57
PYPL,2023-06-23,67.415,68.16,65.85,66.94
PYPL,2023-06-26,67.42,67.58,66.41,66.44
PYPL,2023-06-27,66.87,67.1,65.78,66.23
PYPL,2023-06-28,66.05,66.48,65.62,66.03
PYPL,2023-06-29,66.3,67.34,65.62,65.86
PYPL,2023-06-30,66.09,66.975,65.75,66.73
PYPL,2023-07-03,67.12,68.63,66.84,68.1
PYPL,2023-07-05,68.04,68.9,67.0,68.85
PYPL,2023-07-06,67.71,67.85,65.63,66.14
PYPL,2023-07-07,66.19,67.66,65.98,66.79
PYPL,2023-07-10,66.8,69.36,66.69,69.28
PYPL,2023-07-11,69.64,70.73,69.41,70.62
PYPL,2023-07-12,71.72,71.87,70.2801,70.59
PYPL,2023-07-13,71.37,72.735,71.0,72.39
PYPL,2023-07-14,72.66,72.98,71.92,72.1
PYPL,2023-07-17,72.52,73.78,71.96,73.49
PYPL,2023-07-18,73.48,74.41,73.26,74.37
PYPL,2023-07-19,74.47,75.04,73.9,74.22
PYPL,2023-07-20,72.82,74.68,72.8,73.02
PYPL,2023-07-21,72.73,73.62,71.83,72.99
PYPL,2023-07-24,73.04,73.97,73.015,73.69
PYPL,2023-07-25,73.68,74.3,72.94,72.96
PYPL,2023-07-26,72.89,73.76,72.41,73.43
PYPL,2023-07-27,74.33,75.055,71.81,72.03
PYPL,2023-07-28,73.04,74.19,72.96,73.98
PYPL,2023-07-31,74.9,76.54,74.74,75.82
PYPL,2023-08-01,76.19,76.28,74.56,75.53
PYPL,2023-08-02,74.38,74.99,72.5,73.2
PYPL,2023-08-03,66.7,66.93,64.1,64.18
PYPL,2023-08-04,64.8,64.97,62.6585,62.75
PYPL,2023-08-07,63.02,64.75,62.2,64.42
PYPL,2023-08-08,63.77,63.99,62.49,63.19
PYPL,2023-08-09,63.1,63.39,61.93,62.02
PYPL,2023-08-10,62.6,63.05,62.075,62.79
PYPL,2023-08-11,62.27,62.5,61.47,61.54
PYPL,2023-08-14,62.15,63.44,61.68,63.27
PYPL,2023-08-15,62.76,62.77,59.4,59.47
PYPL,2023-08-16,59.44,60.185,59.26,59.68
PYPL,2023-08-17,59.01,59.195,58.15,58.6
PYPL,2023-08-18,57.39,59.8,57.29,59.42
PYPL,2023-08-21,59.46,59.7689,58.75,59.51
PYPL,2023-08-22,59.92,61.315,59.61,60.98
PYPL,2023-08-23,61.28,62.37,60.93,61.76
PYPL,2023-08-24,61.69,61.92,60.621,60.71
PYPL,2023-08-25,60.99,61.6,60.08,61.19
PYPL,2023-08-28,61.59,61.96,61.03,61.67
PYPL,2023-08-29,61.63,62.74,61.53,62.5
PYPL,2023-08-30,62.38,63.47,62.1204,63.42
PYPL,2023-08-31,62.72,63.41,62.45,62.51
PYPL,2023-09-01,63.13,63.65,62.7327,63.57
PYPL,2023-09-05,63.38,64.18,63.035,63.74
PYPL,2023-09-06,63.12,63.84,62.68,62.8
PYPL,2023-09-07,62.0,62.09,61.12,61.65
PYPL,2023-09-08,61.58,61.81,60.31,60.98
PYPL,2023-09-11,61.73,62.26,61.27,61.93
PYPL,2023-09-12,61.88,63.69,61.76,62.81
PYPL,2023-09-13,62.81,63.32,62.165,62.84
PYPL,2023-09-14,63.89,64.6,63.31,64.44
PYPL,2023-09-15,64.66,65.73,63.91,64.21
PYPL,2023-09-18,63.35,63.515,62.75,62.94
PYPL,2023-09-19,62.1,62.42,61.4518,62.19
PYPL,2023-09-20,62.56,62.62,60.83,60.86
PYPL,2023-09-21,59.95,60.305,58.614,58.62
PYPL,2023-09-22,59.02,59.19,57.835,57.88
PYPL,2023-09-25,57.54,58.9,57.512,58.86
PYPL,2023-09-26,58.3,59.225,58.23,58.93
PYPL,2023-09-27,59.05,59.57,56.53,57.34
PYPL,2023-09-28,57.41,58.46,57.02,58.18
PYPL,2023-09-29,58.85,59.33,58.07,58.46
PYPL,2023-10-02,58.62,59.64,58.005,58.56
PYPL,2023-10-03,57.89,58.65,57.12,57.3
PYPL,2023-10-04,58.11,58.655,57.31,58.57
PYPL,2023-10-05,58.39,58.66,57.26,57.48
PYPL,2023-10-06,56.83,58.2482,55.86,57.77
PYPL,2023-10-09,56.995,58.09,56.3175,57.96
PYPL,2023-10-10,57.96,58.5,57.41,57.72
PYPL,2023-10-11,58.11,58.89,57.58,58.07
PYPL,2023-10-12,58.09,58.105,56.24,56.355
PYPL,2023-10-13,56.5,56.88,55.53,55.75
PYPL,2023-10-16,56.11,57.08,55.81,57.0
PYPL,2023-10-17,56.51,57.59,56.49,57.16
PYPL,2023-10-18,56.53,57.0972,55.705,55.8
PYPL,2023-10-19,55.66,56.4,54.7,54.81
PYPL,2023-10-20,53.99,54.47,53.34,53.39
PYPL,2023-10-23,52.92,54.125,52.65,53.45
PYPL,2023-10-24,53.88,54.61,53.59,54.24
PYPL,2023-10-25,52.55,52.78,51.23,51.49
PYPL,2023-10-26,51.5,52.25,51.06,51.75
PYPL,2023-10-27,51.51,51.67,50.25,50.39
PYPL,2023-10-30,50.95,51.445,50.575,51.05
PYPL,2023-10-31,51.09,51.89,50.8,51.8
PYPL,2023-11-01,51.91,52.1985,51.095,51.66
PYPL,2023-11-02,55.05,55.4297,52.55,55.06
PYPL,2023-11-03,55.42,56.27,55.3784,56.1
PYPL,2023-11-06,56.65,56.72,54.185,54.62
PYPL,2023-11-07,54.44,55.04,54.05,54.63
PYPL,2023-11-08,54.33,55.83,53.55,55.08
PYPL,2023-11-09,55.8,56.03,54.15,54.28
PYPL,2023-11-10,54.34,54.825,53.8691,54.77
PYPL,2023-11-13,54.44,54.72,53.98,54.39
PYPL,2023-11-14,55.49,57.185,55.42,56.68
PYPL,2023-11-15,57.0023,58.555,56.99,58.25
PYPL,2023-11-16,57.96,58.27,56.55,56.82
PYPL,2023-11-17,56.8691,56.955,56.3512,56.54
PYPL,2023-11-20,56.54,57.235,56.26,56.99
PYPL,2023-11-21,56.55,56.63,55.275,55.4
PYPL,2023-11-22,55.79,56.7386,55.62,56.34
PYPL,2023-11-24,56.0,56.13,55.5501,55.76
PYPL,2023-11-27,56.0,56.97,55.71,56.39
PYPL,2023-11-28,56.47,58.7,56.13,58.47
PYPL,2023-11-29,59.23,60.2,57.91,57.97
PYPL,2023-11-30,58.05,58.1041,57.05,57.61
PYPL,2023-12-01,57.63,59.81,57.45,59.65
PYPL,2023-12-04,59.43,60.38,59.24,59.85
PYPL,2023-12-05,59.31,59.465,57.32,57.92
PYPL,2023-12-06,57.83,60.46,57.75,59.53
PYPL,2023-12-07,59.09,59.15,58.12,58.48
PYPL,2023-12-08,58.26,59.74,57.4,58.94
PYPL,2023-12-11,59.1,59.8,58.96,59.04
PYPL,2023-12-12,59.39,59.39,58.135,58.89
PYPL,2023-12-13,58.73,61.89,58.54,61.73
PYPL,2023-12-14,62.94,64.13,61.2101,61.87
PYPL,2023-12-15,62.37,62.37,60.82,61.26
PYPL,2023-12-18,61.42,61.73,60.855,61.47
PYPL,2023-12-19,61.79,63.28,61.72,63.01
PYPL,2023-12-20,62.95,63.965,61.67,61.74
PYPL,2023-12-21,62.205,62.45,61.59,62.06
PYPL,2023-12-22,62.17,62.73,61.58,61.84
PYPL,2023-12-26,61.95,62.685,61.86,62.56
PYPL,2023-12-27,62.67,62.8346,62.11,62.68
PYPL,2023-12-28,62.62,63.5,62.45,63.08
PYPL,2023-12-29,63.0,63.16,61.15,61.41
PYPL,2024-01-02,61.22,62.1599,60.43,61.46
PYPL,2024-01-03,60.7,60.75,58.35,58.63
PYPL,2024-01-04,58.02,59.065,57.44,58.45
PYPL,2024-01-05,57.74,60.37,57.64,60.12
PYPL,2024-01-08,60.4,61.92,60.06,61.74
PYPL,2024-01-09,60.28,62.02,60.12,61.05
PYPL,2024-01-10,60.95,61.43,60.29,60.96
PYPL,2024-01-11,60.65,61.495,60.08,61.35
PYPL,2024-01-12,61.8,61.908,60.74,61.0
PYPL,2024-01-16,60.05,60.24,58.095,58.45
PYPL,2024-01-17,57.42,59.98,56.471,59.89
PYPL,2024-01-18,60.49,62.47,60.12,62.09
PYPL,2024-01-19,63.0,66.21,62.26,65.82
PYPL,2024-01-22,68.022,68.21,63.22,63.74
PYPL,2024-01-23,64.525,65.73,64.18,64.78
PYPL,2024-01-24,65.99,66.0,62.96,63.02
PYPL,2024-01-25,63.46,64.33,58.9,60.71
PYPL,2024-01-26,60.32,62.2662,60.01,61.78
PYPL,2024-01-29,61.2,63.79,60.9,63.76
PYPL,2024-01-30,62.9,64.5,62.07,63.68
PYPL,2024-01-31,63.0,63.4,61.19,61.35
PYPL,2024-02-01,61.51,62.06,60.6423,62.02
PYPL,2024-02-02,61.79,62.72,61.0,62.42
PYPL,2024-02-05,62.0,62.0779,61.3,61.54
PYPL,2024-02-06,62.03,63.73,61.62,63.71
PYPL,2024-02-07,64.54,64.9,62.85,63.24
PYPL,2024-02-08,57.98,58.59,55.77,56.13
PYPL,2024-02-09,56.205,59.22,56.1601,58.91
PYPL,2024-02-12,58.61,60.615,58.42,60.09
PYPL,2024-02-13,57.88,58.7301,57.86,58.26
PYPL,2024-02-14,58.595,59.015,57.63,58.87
PYPL,2024-02-15,58.86,60.245,58.06,59.7
PYPL,2024-02-16,58.86,59.75,58.4501,59.14
PYPL,2024-02-20,58.23,59.0299,58.19,58.63
PYPL,2024-02-21,58.08,58.45,57.145,57.48
PYPL,2024-02-22,57.77,58.64,57.37,58.35
PYPL,2024-02-23,58.85,59.4301,58.2301,59.16
PYPL,2024-02-26,58.93,60.175,58.71,59.33
PYPL,2024-02-27,59.57,60.24,59.44,60.16
PYPL,2024-02-28,59.7,60.9,59.44,60.25
PYPL,2024-02-29,60.6,61.8657,60.015,60.34
PYPL,2024-03-01,60.53,61.64,60.21,60.54
PYPL,2024-03-04,60.41,60.6,58.86,59.98
PYPL,2024-03-05,59.51,60.83,57.87,58.27
PYPL,2024-03-06,58.75,58.92,57.91,58.12
PYPL,2024-03-07,58.46,59.055,57.95,58.5
PYPL,2024-03-08,58.72,59.5603,58.242,59.01
PYPL,2024-03-11,59.0,60.2197,58.945,60.08
PYPL,2024-03-12,59.8,60.475,59.296,60.03
PYPL,2024-03-13,59.98,63.3,59.81,62.45
PYPL,2024-03-14,62.51,64.2,62.21,63.0
PYPL,2024-03-15,62.6,63.83,62.43,62.85
PYPL,2024-03-18,63.12,64.76,63.1,64.23
PYPL,2024-03-19,63.77,64.05,62.8,63.01
PYPL,2024-03-20,63.58,65.36,63.115,65.05
PYPL,2024-03-21,65.3,66.99,65.05,66.14
PYPL,2024-03-22,66.44,67.25,64.75,64.77
PYPL,2024-03-25,64.8,66.385,64.8,66.0
PYPL,2024-03-26,66.74,67.97,66.5,66.67
PYPL,2024-03-27,67.72,68.21,66.14,66.57
PYPL,2024-03-28,66.87,67.72,66.43,66.99
PYPL,2024-04-01,67.0,67.361,65.0,65.03
PYPL,2024-04-02,63.95,64.84,63.55,64.66
PYPL,2024-04-03,64.48,65.455,64.41,65.34
PYPL,2024-04-04,65.99,66.36,64.34,64.54
PYPL,2024-04-05,64.7,65.47,64.06,65.15
PYPL,2024-04-08,65.53,66.7,65.33,66.34
PYPL,2024-04-09,66.95,67.26,66.385,67.0
PYPL,2024-04-10,65.12,66.19,65.05,65.88
PYPL,2024-04-11,65.845,66.3775,64.68,65.8
PYPL,2024-04-12,65.38,65.97,64.16,64.59
PYPL,2024-04-15,65.06,65.47,63.25,63.51
PYPL,2024-04-16,62.99,64.21,62.92,63.43
PYPL,2024-04-17,63.78,63.97,62.58,63.26
PYPL,2024-04-18,63.85,64.03,61.95,62.1
PYPL,2024-04-19,62.0,62.46,61.725,62.32
PYPL,2024-04-22,63.04,63.635,62.48,63.19
PYPL,2024-04-23,63.38,64.7,63.2,64.43
PYPL,2024-04-24,64.11,65.09,64.02,64.84
PYPL,2024-04-25,63.47,64.4005,62.95,64.1
PYPL,2024-04-26,64.13,66.3,63.75,65.96
PYPL,2024-04-29,66.0,67.55,66.0,66.99
PYPL,2024-04-30,70.0,70.6618,67.22,67.92
PYPL,2024-05-01,67.0,67.8,65.49,66.14
PYPL,2024-05-02,66.7,67.44,65.83,66.98
PYPL,2024-05-03,67.64,67.89,64.72,65.7
PYPL,2024-05-06,66.0,66.1,64.95,65.61
PYPL,2024-05-07,66.08,66.77,65.77,65.92
PYPL,2024-05-08,65.46,65.7,63.77,63.81
PYPL,2024-05-09,63.87,64.47,63.41,64.45
PYPL,2024-05-10,64.59,64.94,62.88,62.93
PYPL,2024-05-13,63.435,64.43,63.19,63.95
PYPL,2024-05-14,64.39,64.86,64.27,64.58
PYPL,2024-05-15,65.11,65.53,63.48,63.9
PYPL,2024-05-16,63.59,64.43,63.4201,64.1
PYPL,2024-05-17,64.08,64.71,63.845,64.48
PYPL,2024-05-20,64.528,65.035,63.77,64.77
PYPL,2024-05-21,64.39,64.69,63.7,64.1
PYPL,2024-05-22,63.79,63.91,61.845,62.19
PYPL,2024-05-23,62.54,62.685,61.2201,61.58
PYPL,2024-05-24,61.95,62.06,61.27,61.64
PYPL,2024-05-28,62.3,62.87,61.75,62.17
PYPL,2024-05-29,61.23,61.59,60.85,61.05
PYPL,2024-05-30,62.77,63.34,62.13,62.51
PYPL,2024-05-31,62.73,63.56,61.77,62.99
PYPL,2024-06-03,63.04,63.52,62.58,63.46
PYPL,2024-06-04,63.14,64.13,63.03,63.33
PYPL,2024-06-05,63.76,63.81,62.85,63.53
PYPL,2024-06-06,64.285,67.82,64.17,67.02
PYPL,2024-06-07,66.5,68.2985,66.2,67.3
PYPL,2024-06-10,66.97,67.49,65.8,67.12
PYPL,2024-06-11,67.13,67.15,64.405,64.77
PYPL,2024-06-12,65.46,65.86,62.9,63.43
PYPL,2024-06-13,63.12,63.625,61.52,61.52
PYPL,2024-06-14,61.29,61.64,60.31,60.635
PYPL,2024-06-17,60.37,60.64,59.4805,60.13
PYPL,2024-06-18,59.92,60.1054,59.03,59.12
PYPL,2024-06-20,59.25,60.0,58.79,59.81
PYPL,2024-06-21,59.92,60.76,59.67,60.61
PYPL,2024-06-24,60.0,60.56,59.46,59.49
PYPL,2024-06-25,59.57,59.57,58.97,59.33
PYPL,2024-06-26,59.74,59.75,58.03,58.21
PYPL,2024-06-27,58.48,58.49,57.21,58.37
PYPL,2024-06-28,58.32,58.76,57.92,58.03
PYPL,2024-07-01,58.36,58.365,57.03,57.81
PYPL,2024-07-02,58.78,59.27,58.32,58.97
PYPL,2024-07-03,59.03,60.01,58.895,59.64
PYPL,2024-07-05,59.38,60.16,58.83,59.74
PYPL,2024-07-08,59.72,60.0299,58.63,59.09
PYPL,2024-07-09,58.9,59.7,58.42,59.0
PYPL,2024-07-10,59.09,59.31,58.2,58.9
PYPL,2024-07-11,59.55,60.925,59.43,59.97
PYPL,2024-07-12,60.39,60.49,59.78,60.24
PYPL,2024-07-15,60.25,61.02,59.82,60.455
PYPL,2024-07-16,60.8,62.02,60.68,61.81
PYPL,2024-07-17,61.11,61.84,60.655,61.22
PYPL,2024-07-18,60.55,61.33,59.94,60.0
PYPL,2024-07-19,59.81,59.83,58.75,59.33
PYPL,2024-07-22,59.9,60.79,59.52,60.77
PYPL,2024-07-23,60.72,60.95,59.69,59.71
PYPL,2024-07-24,59.55,59.66,57.98,58.09
PYPL,2024-07-25,58.16,58.65,57.2,57.22
PYPL,2024-07-26,57.6,58.31,56.97,58.29
PYPL,2024-07-29,58.5,59.1,58.08,58.94
PYPL,2024-07-30,62.775,65.06,62.43,64.0
PYPL,2024-07-31,65.0,66.98,64.17,65.77
PYPL,2024-08-01,65.78,67.3,65.02,65.31
PYPL,2024-08-02,64.0,64.0,60.89,61.98
PYPL,2024-08-05,60.7,61.055,58.65,60.48
PYPL,2024-08-06,60.6,63.58,60.31,62.73
PYPL,2024-08-07,63.345,65.01,62.64,62.75
PYPL,2024-08-08,63.55,64.675,63.16,64.27
PYPL,2024-08-09,64.8,65.5,64.47,64.72
PYPL,2024-08-12,64.95,65.13,63.285,63.46
PYPL,2024-08-13,64.0,65.64,63.72,65.11
PYPL,2024-08-14,65.06,66.39,64.66,66.14
PYPL,2024-08-15,67.16,68.12,67.05,67.93
PYPL,2024-08-16,67.37,68.55,67.37,67.96
PYPL,2024-08-19,68.22,69.46,68.17,69.43
PYPL,2024-08-20,70.0,72.56,69.43,71.89
PYPL,2024-08-21,72.065,72.77,70.87,71.46
PYPL,2024-08-22,71.74,73.25,70.92,71.52
PYPL,2024-08-23,72.0,72.0699,70.85,71.7
PYPL,2024-08-26,72.07,73.03,71.67,72.05
PYPL,2024-08-27,71.75,72.35,71.3,71.59
PYPL,2024-08-28,71.27,71.5899,70.025,70.43
PYPL,2024-08-29,71.4,73.93,71.25,73.16
PYPL,2024-08-30,73.51,73.67,71.76,72.42
PYPL,2024-09-03,71.73,72.9484,71.4,72.0
PYPL,2024-09-04,71.605,73.24,71.59,72.61
PYPL,2024-09-05,73.66,74.31,71.015,72.04
PYPL,2024-09-06,71.94,72.05,68.55,68.89
PYPL,2024-09-09,70.392,70.65,68.25,69.35
PYPL,2024-09-10,69.34,69.74,67.178,68.85
PYPL,2024-09-11,69.16,69.7,67.76,69.34
PYPL,2024-09-12,69.14,70.38,69.1,70.36
PYPL,2024-09-13,70.04,70.6202,69.865,70.1
PYPL,2024-09-16,70.46,71.24,70.0699,71.07
PYPL,2024-09-17,71.93,72.17,71.12,71.77
PYPL,2024-09-18,71.45,73.87,71.36,73.12
PYPL,2024-09-19,75.0,78.2418,74.81,77.57
PYPL,2024-09-20,77.31,77.57,75.462,76.76
PYPL,2024-09-23,77.53,78.8,77.35,77.67
PYPL,2024-09-24,77.88,78.83,77.67,78.34
PYPL,2024-09-25,78.23,79.26,77.34,77.36
PYPL,2024-09-26,78.945,80.43,78.47,80.06
PYPL,2024-09-27,80.4,80.6299,77.73,77.88
PYPL,2024-09-30,77.87,78.5952,77.24,78.02
PYPL,2024-10-01,78.21,79.01,76.39,77.47
PYPL,2024-10-02,77.47,77.76,76.18,77.44
PYPL,2024-10-03,76.56,77.4,76.08,77.31
PYPL,2024-10-04,78.16,79.53,77.985,79.36
PYPL,2024-10-07,79.29,80.49,78.615,80.29
PYPL,2024-10-08,79.99,81.3999,79.575,81.16
PYPL,2024-10-09,80.9,82.0,80.85,81.63
PYPL,2024-10-10,79.94,80.075,78.6,78.981
PYPL,2024-10-11,79.54,80.7263,79.16,80.51
PYPL,2024-10-14,80.34,80.98,79.82,80.67
PYPL,2024-10-15,80.15,81.06,78.65,79.55
PYPL,2024-10-16,79.81,80.85,79.45,80.82
PYPL,2024-10-17,80.75,80.9,79.225,79.82
PYPL,2024-10-18,79.5,80.97,78.94,80.94
PYPL,2024-10-21,80.315,81.36,80.04,80.56
PYPL,2024-10-22,80.05,81.42,80.04,80.91
PYPL,2024-10-23,81.18,82.24,80.09,80.83
PYPL,2024-10-24,81.235,82.48,80.92,81.39
PYPL,2024-10-25,82.01,82.8,81.4,81.7
PYPL,2024-10-28,82.03,83.7,81.88,83.59
PYPL,2024-10-29,78.04,81.25,76.81,80.28
PYPL,2024-10-30,79.03,79.71,77.99,78.21
PYPL,2024-10-31,78.49,79.82,78.3,79.285
PYPL,2024-11-01,77.865,78.3089,76.46,77.25
PYPL,2024-11-04,77.26,78.44,77.0,78.13
PYPL,2024-11-05,77.81,79.41,77.81,79.25
PYPL,2024-11-06,81.345,81.69,80.0,81.38
PYPL,2024-11-07,81.695,82.74,81.13,81.35
PYPL,2024-11-08,81.46,83.07,81.4289,83.01
PYPL,2024-11-11,84.07,87.47,83.38,86.97
PYPL,2024-11-12,86.88,87.92,85.6746,86.39
PYPL,2024-11-13,86.8,87.9,86.08,87.31
PYPL,2024-11-14,87.06,87.4725,85.475,85.79
PYPL,2024-11-15,85.5,86.2,85.1014,85.83
PYPL,2024-11-18,86.055,86.84,84.575,84.67
PYPL,2024-11-19,82.99,84.235,82.5,84.09
PYPL,2024-11-20,84.51,85.39,84.24,84.74
PYPL,2024-11-21,85.16,85.49,84.21,84.82
PYPL,2024-11-22,84.68,86.8,84.64,86.77
PYPL,2024-11-25,87.905,88.74,86.97,87.77
PYPL,2024-11-26,87.4,88.18,86.9,86.94
PYPL,2024-11-27,87.55,87.66,86.27,86.57
PYPL,2024-11-29,86.39,87.08,85.82,86.77
PYPL,2024-12-02,86.57,87.47,85.84,86.53
PYPL,2024-12-03,86.4,86.4,84.615,85.14
PYPL,2024-12-04,85.68,90.14,85.24,89.33
PYPL,2024-12-05,89.59,90.27,88.27,89.045
PYPL,2024-12-06,89.49,90.04,88.545,89.88
PYPL,2024-12-09,92.25,93.66,89.73,90.0
PYPL,2025-01-27,87.545,90.29,87.39,90.24
PYPL,2025-01-28,89.76,89.83,86.88,88.19
PYPL,2025-01-29,88.17,89.415,88.17,88.76
PYPL,2025-01-30,89.51,90.925,88.84,89.57
PYPL,2025-01-31,89.57,90.4,88.54,88.58
PYPL,2025-02-03,86.5,89.71,86.0,89.51
PYPL,2025-02-04,82.26,82.69,77.38,77.725
PYPL,2025-02-05,78.21,79.5,77.67,79.2
PYPL,2025-02-06,79.68,79.74,78.11,78.57
PYPL,2025-02-07,79.0,79.49,77.23,77.31
PYPL,2025-02-10,78.16,78.92,77.61,78.24
PYPL,2025-02-11,77.815,77.85,76.04,76.21
PYPL,2025-02-12,75.42,76.85,75.3,76.27
PYPL,2025-02-13,76.37,76.925,75.73,76.59
PYPL,2025-02-14,76.9,78.33,76.63,77.97
PYPL,2025-02-18,78.2,78.76,77.5006,78.62
PYPL,2025-02-19,78.5,79.0,77.535,78.36
PYPL,2025-02-20,78.12,78.17,76.85,77.63
PYPL,2025-02-21,77.44,77.48,74.75,74.95
PYPL,2025-02-24,75.245,75.88,73.97,75.27
PYPL,2025-02-25,77.18,77.5683,72.7,74.05
PYPL,2025-02-26,74.47,74.48,71.77,72.05
PYPL,2025-02-27,72.15,72.55,70.58,70.73
PYPL,2025-02-28,70.5,71.12,69.682,71.045
PYPL,2025-03-03,71.1,71.57,69.5,69.76
PYPL,2025-03-04,69.05,69.08,66.34,67.48
PYPL,2025-03-05,67.98,69.69,67.715,69.5
PYPL,2025-03-06,68.82,69.86,67.81,68.08
PYPL,2025-03-07,67.95,70.98,67.95,70.47
PYPL,2025-03-10,69.02,69.97,66.99,68.17
PYPL,2025-03-11,68.41,68.95,67.165,67.985
PYPL,2025-03-12,68.87,69.38,67.905,68.62
PYPL,2025-03-13,68.33,68.91,66.7,66.91
PYPL,2025-03-14,67.81,69.14,67.53,68.95
PYPL,2025-03-17,68.67,70.22,67.98,69.65
PYPL,2025-03-18,69.07,69.41,68.32,68.88
PYPL,2025-03-19,69.1,70.48,68.845,70.0
PYPL,2025-03-20,69.435,70.81,69.25,69.67
PYPL,2025-03-21,68.62,70.41,68.55,70.19
PYPL,2025-03-24,71.55,71.66,70.505,70.97
PYPL,2025-03-25,71.0,71.71,70.5476,70.86
PYPL,2025-03-26,70.93,71.6,69.545,69.97
PYPL,2025-03-27,69.06,69.955,68.75,68.86
PYPL,2025-03-28,68.06,68.24,64.95,65.15
PYPL,2025-03-31,64.28,65.43,63.44,65.21
PYPL,2025-04-01,64.62,66.36,64.6,66.1
PYPL,2025-04-02,65.25,67.57,65.1,67.15
PYPL,2025-04-03,63.15,63.94,60.95,61.71
PYPL,2025-04-04,59.885,60.19,57.32,58.38
PYPL,2025-04-07,56.74,61.48,55.85,58.54
PYPL,2025-04-08,59.93,61.255,56.46,57.41
PYPL,2025-04-09,56.76,64.17,56.51,63.9
PYPL,2025-04-10,62.3,62.45,58.94,60.56
PYPL,2025-04-11,60.53,62.81,60.48,62.59
PYPL,2025-04-14,63.62,63.88,61.69,62.27
PYPL,2025-04-15,62.36,62.78,61.65,62.0
PYPL,2025-04-16,61.375,61.46,59.72,60.24
PYPL,2025-04-17,60.35,61.47,60.1494,61.0
PYPL,2025-04-21,60.24,60.96,59.455,60.285
PYPL,2025-04-22,60.76,61.91,59.95,61.42
PYPL,2025-04-23,62.95,64.52,62.17,62.46
PYPL,2025-04-24,62.9,64.83,62.825,64.77
PYPL,2025-04-25,64.485,65.42,64.485,65.34
PYPL,2025-04-28,65.305,65.82,64.13,64.93
PYPL,2025-04-29,66.37,67.43,64.36,66.32
PYPL,2025-04-30,65.155,65.99,63.61,65.78
PYPL,2025-05-01,65.62,66.12,64.85,65.41
PYPL,2025-05-02,66.18,67.76,65.98,67.248
PYPL,2025-05-05,66.96,69.36,66.91,68.54
PYPL,2025-05-06,67.95,68.93,67.91,68.05
PYPL,2025-05-07,68.23,68.94,67.72,68.69
PYPL,2025-05-08,69.3,70.946,69.3,70.48
PYPL,2025-05-09,70.87,71.32,70.01,70.26
PYPL,2025-05-12,72.97,74.12,71.85,72.31
PYPL,2025-05-13,72.42,72.65,71.89,72.29
PYPL,2025-05-14,72.66,73.34,72.2403,72.68
PYPL,2025-05-15,72.31,72.67,71.44,71.57
PYPL,2025-05-16,71.47,72.22,71.08,72.172
PYPL,2025-05-19,71.16,72.54,71.11,72.32
PYPL,2025-05-20,71.89,72.78,71.83,72.61
PYPL,2025-05-21,72.2,73.2042,71.505,71.65
PYPL,2025-05-22,71.62,71.941,71.33,71.45
PYPL,2025-05-23,69.455,70.14,69.455,69.85
PYPL,2025-05-27,70.75,71.995,70.665,71.48
PYPL,2025-05-28,71.58,72.035,71.1,71.442
PYPL,2025-05-29,72.16,72.4492,70.25,70.93
PYPL,2025-05-30,70.96,71.08,69.52,70.28
PYPL,2025-06-02,69.275,70.96,69.05,70.948
PYPL,2025-06-03,71.0,71.43,69.86,71.33
PYPL,2025-06-04,71.49,73.07,71.33,72.808
PYPL,2025-06-05,72.795,73.55,72.08,72.47
PYPL,2025-06-06,73.265,73.62,72.64,73.43
PYPL,2025-06-09,73.7,73.97,72.95,73.55
PYPL,2025-06-10,73.58,75.27,73.33,74.76
PYPL,2025-06-11,75.1,75.21,73.93,74.61
PYPL,2025-06-12,74.02,75.3068,74.0,74.81
PYPL,2025-06-13,73.3,74.215,70.5307,70.83
PYPL,2025-06-16,71.63,72.485,71.07,72.26
PYPL,2025-06-17,71.92,72.1,70.465,70.67
PYPL,2025-06-18,70.51,71.2759,67.52,68.57
PYPL,2025-06-20,68.83,70.55,68.55,70.06
PYPL,2025-06-23,71.0,72.1469,70.16,72.01
PYPL,2025-06-24,73.125,73.94,72.55,73.58
PYPL,2025-06-25,74.14,74.2499,72.415,73.07
PYPL,2025-06-26,73.245,73.38,71.61,73.17
PYPL,2025-06-27,73.27,73.75,72.855,73.645
PYPL,2025-06-30,73.94,74.54,73.66,74.3
PYPL,2025-07-01,73.95,75.695,73.8,75.29
PYPL,2025-07-02,75.01,76.865,75.0,76.31
PYPL,2025-07-03,76.71,77.36,76.475,76.59
PYPL,2025-07-07,76.21,76.83,75.62,76.18
PYPL,2025-07-08,76.44,76.515,74.51,75.03
PYPL,2025-07-09,75.49,75.79,74.375,74.83
PYPL,2025-07-10,74.455,76.22,74.13,75.7
PYPL,2025-07-11,71.36,71.36,70.79,71.36
PYPL,2025-07-14,71.56,74.31,71.54,73.89
PYPL,2025-07-15,73.77,73.91,72.94,72.965
PYPL,2025-07-16,73.26,73.58,71.73,72.97
PYPL,2025-07-17,72.47,74.18,72.35,73.86
PYPL,2025-07-18,74.1,74.35,73.2841,74.17
PYPL,2025-07-21,74.35,76.23,74.24,74.82
PYPL,2025-07-22,74.765,76.15,74.765,76.0
PYPL,2025-07-23,76.925,77.23,75.92,76.66
PYPL,2025-07-24,77.74,78.76,77.35,77.82
PYPL,2025-07-25,77.59,78.815,77.5,77.98
PYPL,2025-07-28,78.51,79.5,77.93,78.22
PYPL,2025-07-29,71.73,73.28,70.31,71.45
PYPL,2025-07-30,72.19,72.205,69.555,69.71
PYPL,2025-07-31,69.475,70.0546,68.46,68.765
PYPL,2025-08-01,68.0,68.35,66.57,67.115
PYPL,2025-08-04,67.825,68.57,67.275,68.01
PYPL,2025-08-05,68.46,68.6699,67.41,67.83
PYPL,2025-08-06,68.3,69.6,68.209,69.42
PYPL,2025-08-07,70.0,70.17,67.68,68.22
PYPL,2025-08-08,68.44,68.61,67.42,67.65
PYPL,2025-08-11,67.81,68.48,66.9,67.09
PYPL,2025-08-12,67.24,68.74,67.23,67.97
PYPL,2025-08-13,68.23,70.73,68.15,70.63
PYPL,2025-08-14,69.44,69.82,68.23,69.38
PYPL,2025-08-15,69.57,70.16,69.16,69.23
PYPL,2025-08-18,69.31,69.985,69.23,69.53
PYPL,2025-08-19,69.79,70.365,68.93,69.05
PYPL,2025-08-20,68.94,69.11,67.68,68.08
PYPL,2025-08-21,67.68,67.87,66.925,67.55
PYPL,2025-08-22,67.91,70.15,67.82,69.919
PYPL,2025-08-25,69.65,69.8097,69.04,69.48
PYPL,2025-08-26,69.4,70.25,69.18,70.18
PYPL,2025-08-27,68.73,70.08,68.691,69.659
PYPL,2025-08-28,70.0,70.56,69.53,70.06
PYPL,2025-08-29,70.02,70.7,69.9,70.19
PYPL,2025-09-02,68.92,69.3743,68.1503,69.25
PYPL,2025-09-03,68.91,69.89,68.8,69.635
PYPL,2025-09-04,69.7,69.9,66.23,68.46
PYPL,2025-09-05,68.88,69.94,68.17,68.26
PYPL,2025-09-08,68.46,68.59,67.8,68.41
PYPL,2025-09-09,68.2,68.5,67.53,67.68
PYPL,2025-09-10,67.48,68.03,65.235,65.64
PYPL,2025-09-11,65.75,67.35,65.71,67.27
PYPL,2025-09-12,67.21,67.75,66.86,66.89
PYPL,2025-09-15,67.3,68.19,66.8026,67.11
PYPL,2025-09-16,66.835,67.14,66.105,66.85
PYPL,2025-09-17,67.14,69.27,67.0,68.62
PYPL,2025-09-18,70.08,70.3,68.33,68.53
PYPL,2025-09-19,68.76,68.85,67.925,68.21
PYPL,2025-09-22,67.76,68.1103,67.05,67.68
PYPL,2025-09-23,67.805,68.99,67.12,67.31
PYPL,2025-09-24,67.65,68.58,67.44,67.86
PYPL,2025-09-25,67.26,67.48,66.2,66.74
PYPL,2025-09-26,67.0,67.63,66.32,67.3
PYPL,2025-09-29,67.96,71.26,67.89,69.68
PYPL,2025-09-30,69.825,69.83,66.85,67.07
PYPL,2025-10-01,66.9,67.8,66.22,66.66
PYPL,2025-10-02,67.07,68.95,66.95,68.93
PYPL,2025-10-03,68.1,69.53,67.75,69.25
PYPL,2025-10-06,70.22,71.87,69.4524,71.29
PYPL,2025-10-07,74.07,75.675,73.06,74.61
PYPL,2025-10-08,75.235,76.5,73.275,76.13
PYPL,2025-10-09,77.19,77.34,75.033,75.75
PYPL,2025-10-10,76.11,76.9,69.76,69.84
PYPL,2025-10-13,70.72,70.9295,68.1617,68.86
PYPL,2025-10-14,67.41,69.71,66.77,69.15
PYPL,2025-10-15,69.385,69.875,67.84,67.99
PYPL,2025-10-16,68.13,68.575,65.42,66.05
PYPL,2025-10-17,65.535,67.71,65.45,67.41
PYPL,2025-10-20,67.675,69.47,67.65,69.2
PYPL,2025-10-21,69.02,70.36,68.83,70.05
PYPL,2025-10-22,68.07,68.07,67.91,68.07
PYPL,2025-10-23,68.07,70.06,68.0501,69.66
PYPL,2025-10-24,70.15,71.25,69.74,69.77
PYPL,2025-10-27,70.855,71.87,70.13,70.25
PYPL,2025-10-28,76.21,79.215,72.83,73.003
PYPL,2025-10-29,72.7,72.73,69.315,69.68
PYPL,2025-10-30,69.835,70.7699,67.9,67.93
PYPL,2025-10-31,68.27,69.58,67.62,69.28
PYPL,2025-11-03,69.525,70.35,67.705,68.33
PYPL,2025-11-04,67.23,67.2893,65.95,66.08
PYPL,2025-11-05,66.02,68.21,65.9,68.06
PYPL,2025-11-06,67.8,68.07,66.21,66.26
PYPL,2025-11-07,65.5,66.515,64.78,66.22
PYPL,2025-11-10,67.06,67.43,65.742,66.25
PYPL,2025-11-11,66.25,67.95,66.23,67.4
PYPL,2025-11-12,67.53,67.99,66.9,67.18
PYPL,2025-11-13,66.51,67.28,65.15,65.35
PYPL,2025-11-14,64.11,64.65,62.75,62.81
PYPL,2025-11-17,62.81,63.17,61.2899,61.89
PYPL,2025-11-18,61.39,61.64,60.47,60.705
PYPL,2025-11-19,60.61,60.76,59.16,60.1
PYPL,2025-11-20,60.575,60.715,58.0,58.105
PYPL,2025-11-21,58.24,60.96,58.04,60.57
PYPL,2025-11-24,60.61,60.83,59.85,60.56
PYPL,2025-11-25,60.86,61.975,60.72,61.22
PYPL,2025-11-26,61.4,62.16,61.17,61.8253
PYPL,2025-11-28,62.23,63.055,62.13,62.71
PYPL,2025-12-01,62.05,63.21,61.83,62.58
PYPL,2025-12-02,62.92,63.835,62.15,62.9
PYPL,2025-12-03,62.85,63.9298,60.41,61.25
PYPL,2025-12-04,60.5,62.1,60.385,61.73
PYPL,2025-12-05,61.67,62.94,61.48,62.28
PYPL,2025-12-08,62.425,62.51,60.99,61.115
PYPL,2025-12-09,60.75,61.5,60.49,60.78
PYPL,2025-12-10,60.49,61.4758,60.1601,61.16
PYPL,2025-12-11,60.075,61.79,59.85,61.69
PYPL,2025-12-12,61.08,62.15,61.0,61.66
PYPL,2025-12-15,61.96,62.82,60.625,60.74
PYPL,2025-12-16,61.69,62.146,60.95,61.33
PYPL,2025-12-17,61.39,62.405,60.13,60.2
PYPL,2025-12-18,59.59,60.32,58.915,59.44
PYPL,2025-12-19,58.92,60.115,58.8001,59.81
PYPL,2025-12-22,59.96,60.545,59.76,59.86
PYPL,2025-12-23,59.83,60.07,58.94,59.41
PYPL,2025-12-24,59.332,60.145,59.31,60.027
PYPL,2025-12-26,60.0,60.11,59.535,59.97
PYPL,2025-12-29,59.85,60.14,59.125,59.47
PYPL,2025-12-30,59.46,59.59,59.08,59.1
PYPL,2025-12-31,59.03,59.04,58.34,58.38
PYPL,2026-01-02,58.67,58.7997,57.65,58.14
PYPL,2026-01-05,58.01,60.105,57.9,59.3
PYPL,2026-01-06,59.27,59.935,58.98,59.81
PYPL,2026-01-07,59.865,60.135,58.255,58.505
PYPL,2026-01-08,58.02,59.0,57.77,58.27
PYPL,2026-01-09,58.8,58.86,57.28,57.66
PYPL,2026-01-12,57.61,57.775,56.7601,57.29
PYPL,2026-01-13,57.21,57.3,56.275,56.56
PYPL,2026-01-14,56.4,57.79,56.27,57.66
PYPL,2026-01-15,57.74,57.862,56.6,56.745
PYPL,2026-01-16,56.79,56.97,56.24,56.875
PYPL,2026-01-20,55.58,56.0773,55.015,55.1
PYPL,2026-01-21,55.52,56.33,55.095,55.91
PYPL,2026-01-22,56.59,57.55,56.55,57.17
PYPL,2026-01-23,56.83,56.985,56.41,56.62
PYPL,2026-01-26,56.57,57.12,56.495,56.6
PYPL,2026-01-27,56.5,56.63,55.205,55.51
PYPL,2026-01-28,55.01,55.49,53.645,54.07
PYPL,2026-01-29,54.12,54.17,52.53,53.11
PYPL,2026-01-30,52.44,52.95,52.06,52.73
PYPL,2026-02-02,52.5,53.44,52.33,52.33
PYPL,2026-02-03,42.885,43.7,41.43,41.515
PYPL,2026-02-04,41.6,41.84,39.96,41.03
PYPL,2026-02-05,40.6,41.01,38.88,39.9
PYPL,2026-02-06,40.25,40.61,39.38,40.42
PYPL,2026-02-09,40.21,41.27,39.81,41.15
PYPL,2026-02-10,40.75,42.3499,40.75,41.49
PYPL,2026-02-11,41.5,41.62,40.01,40.48
PYPL,2026-02-12,40.285,40.285,38.46,39.08
PYPL,2026-02-13,39.24,40.37,39.09,40.305
TSLA,2023-01-03,118.47,118.8,104.64,108.1
TSLA,2023-01-04,109.11,114.59,107.52,113.64
TSLA,2023-01-05,110.51,111.75,107.16,110.34
TSLA,2023-01-06,103.0,114.39,101.81,113.06
TSLA,2023-01-09,118.96,123.52,117.11,119.77
TSLA,2023-01-10,121.07,122.76,114.92,118.85
TSLA,2023-01-11,122.09,125.95,120.51,123.22
TSLA,2023-01-12,122.56,124.131,117.0,123.56
TSLA,2023-01-13,116.55,122.63,115.6,122.4
TSLA,2023-01-17,125.695,131.7,125.02,131.49
TSLA,2023-01-18,136.555,136.68,127.01,128.78
TSLA,2023-01-19,127.26,129.99,124.308,127.17
TSLA,2023-01-20,128.68,133.51,127.347,133.42
TSLA,2023-01-23,135.87,145.379,134.27,143.75
TSLA,2023-01-24,143.0,146.5,141.1,143.89
TSLA,2023-01-25,141.905,146.41,138.07,144.43
TSLA,2023-01-26,159.965,161.42,154.76,160.27
TSLA,2023-01-27,162.43,180.68,161.17,177.9
TSLA,2023-01-30,178.05,179.77,166.5,166.66
TSLA,2023-01-31,164.57,174.3,162.78,173.22
TSLA,2023-02-01,173.89,183.805,169.93,181.41
TSLA,2023-02-02,187.325,196.75,182.61,188.27
TSLA,2023-02-03,183.95,199.0,183.69,189.98
TSLA,2023-02-06,193.01,198.17,189.92,194.76
TSLA,2023-02-07,196.43,197.5,189.55,196.81
TSLA,2023-02-08,196.1,203.0,194.31,201.29
TSLA,2023-02-09,207.775,214.0,204.77,207.32
TSLA,2023-02-10,202.225,206.2,192.89,196.89
TSLA,2023-02-13,194.415,196.3,187.61,194.64
TSLA,2023-02-14,191.94,209.82,189.44,209.25
TSLA,2023-02-15,211.755,214.66,206.11,214.24
TSLA,2023-02-16,210.78,217.65,201.84,202.04
TSLA,2023-02-17,199.985,208.44,197.5,208.31
TSLA,2023-02-21,204.99,209.71,197.22,197.37
TSLA,2023-02-22,197.93,201.99,191.78,200.86
TSLA,2023-02-23,203.91,205.14,196.33,202.07
TSLA,2023-02-24,196.325,197.669,192.8,196.88
TSLA,2023-02-27,202.03,209.42,201.26,207.63
TSLA,2023-02-28,210.59,211.23,203.75,205.71
TSLA,2023-03-01,206.21,207.2,198.52,202.77
TSLA,2023-03-02,186.74,193.75,186.01,190.9
TSLA,2023-03-03,194.795,200.48,192.88,197.79
TSLA,2023-03-06,198.54,198.6,192.3,193.81
TSLA,2023-03-07,191.38,194.2,186.1,187.71
TSLA,2023-03-08,185.04,186.5,180.0,182.0
TSLA,2023-03-09,180.25,185.18,172.512,172.92
TSLA,2023-03-10,175.13,178.29,168.44,173.44
TSLA,2023-03-13,167.455,177.35,163.91,174.48
TSLA,2023-03-14,177.31,183.8,177.14,183.26
TSLA,2023-03-15,180.8,182.34,176.03,180.45
TSLA,2023-03-16,180.365,185.81,178.84,184.13
TSLA,2023-03-17,184.515,186.22,177.33,180.13
TSLA,2023-03-20,178.08,186.44,176.35,183.25
TSLA,2023-03-21,188.28,198.0,188.04,197.58
TSLA,2023-03-22,199.3,200.66,190.95,191.15
TSLA,2023-03-23,195.26,199.31,188.65,192.22
TSLA,2023-03-24,191.65,192.36,187.15,190.41
TSLA,2023-03-27,194.415,197.39,189.94,191.81
TSLA,2023-03-28,192.0,192.35,185.43,189.19
TSLA,2023-03-29,193.13,195.29,189.44,193.88
TSLA,2023-03-30,195.58,197.33,194.42,195.28
TSLA,2023-03-31,197.53,207.79,197.2,207.46
TSLA,2023-04-03,199.91,202.69,192.2,194.77
TSLA,2023-04-04,197.32,198.745,190.32,192.58
TSLA,2023-04-05,190.515,190.68,183.76,185.52
TSLA,2023-04-06,183.08,186.39,179.74,185.06
TSLA,2023-04-10,179.94,185.1,176.11,184.51
TSLA,2023-04-11,186.69,189.19,185.648,186.79
TSLA,2023-04-12,190.74,191.585,180.31,180.54
TSLA,2023-04-13,182.955,186.5,180.94,185.9
TSLA,2023-04-14,183.95,186.28,182.01,185.0
TSLA,2023-04-17,186.32,189.69,182.69,187.04
TSLA,2023-04-18,187.15,187.69,183.577,184.31
TSLA,2023-04-19,179.1,183.5,177.65,180.59
TSLA,2023-04-20,166.165,169.7,160.56,162.99
TSLA,2023-04-21,164.8,166.0,161.321,165.08
TSLA,2023-04-24,164.65,165.65,158.61,162.55
TSLA,2023-04-25,159.82,163.47,158.75,160.67
TSLA,2023-04-26,160.29,160.67,153.14,153.75
TSLA,2023-04-27,152.64,160.48,152.37,160.19
TSLA,2023-04-28,160.9,165.0,157.32,164.31
TSLA,2023-05-01,163.17,163.28,158.83,161.83
TSLA,2023-05-02,161.88,165.49,158.93,160.31
TSLA,2023-05-03,160.01,165.0,159.91,160.61
TSLA,2023-05-04,162.71,162.95,159.65,161.2
TSLA,2023-05-05,163.97,170.79,163.51,170.06
TSLA,2023-05-08,173.72,173.8,169.19,171.79
TSLA,2023-05-09,168.95,169.82,166.56,169.15
TSLA,2023-05-10,172.55,174.43,166.68,168.54
TSLA,2023-05-11,168.7,173.57,166.79,172.08
TSLA,2023-05-12,176.07,177.38,167.23,167.98
TSLA,2023-05-15,167.655,169.76,164.55,166.35
TSLA,2023-05-16,165.65,169.518,164.35,166.52
TSLA,2023-05-17,168.41,174.5,167.185,173.86
TSLA,2023-05-18,174.22,177.06,172.45,176.89
TSLA,2023-05-19,177.17,181.95,176.31,180.14
TSLA,2023-05-22,180.7,189.32,180.11,188.87
TSLA,2023-05-23,186.2,192.96,185.26,185.77
TSLA,2023-05-24,182.23,184.22,178.22,182.9
TSLA,2023-05-25,186.54,186.78,180.58,184.47
TSLA,2023-05-26,184.62,198.6,184.53,193.17
TSLA,2023-05-30,200.1,204.48,197.53,201.16
TSLA,2023-05-31,199.78,203.95,195.12,203.93
TSLA,2023-06-01,202.59,209.8,199.37,207.52
TSLA,2023-06-02,210.15,217.25,209.752,213.97
TSLA,2023-06-05,217.8,221.29,214.52,217.61
TSLA,2023-06-06,216.14,221.91,212.53,221.31
TSLA,2023-06-07,228.0,230.83,223.2,224.57
TSLA,2023-06-08,224.22,235.23,223.01,234.86
TSLA,2023-06-09,249.07,252.42,242.02,244.4
TSLA,2023-06-12,247.94,250.97,244.59,249.83
TSLA,2023-06-13,253.51,259.68,251.34,258.71
TSLA,2023-06-14,260.17,261.57,250.5,256.79
TSLA,2023-06-15,248.4,258.95,247.29,255.9
TSLA,2023-06-16,258.92,263.6,257.209,260.54
TSLA,2023-06-20,261.5,274.75,261.12,274.45
TSLA,2023-06-21,275.13,276.99,257.78,259.46
TSLA,2023-06-22,250.77,265.0,248.25,264.61
TSLA,2023-06-23,259.29,262.45,252.8,256.6
TSLA,2023-06-26,254.28,258.37,240.7,241.05
TSLA,2023-06-27,243.24,250.39,240.85,250.21
TSLA,2023-06-28,249.7,259.88,248.89,256.24
TSLA,2023-06-29,258.03,260.74,253.61,257.5
TSLA,2023-06-30,260.6,264.45,259.89,261.77
TSLA,2023-07-03,276.49,284.25,275.11,279.82
TSLA,2023-07-05,278.82,283.85,277.6,282.48
TSLA,2023-07-06,278.09,279.97,272.88,276.54
TSLA,2023-07-07,278.43,280.78,273.77,274.43
TSLA,2023-07-10,276.47,277.52,265.1,269.61
TSLA,2023-07-11,268.65,270.9,266.37,269.79
TSLA,2023-07-12,276.325,276.52,271.46,271.99
TSLA,2023-07-13,274.59,279.45,270.6,277.9
TSLA,2023-07-14,277.01,285.3,276.31,281.38
TSLA,2023-07-17,286.625,292.23,283.57,290.38
TSLA,2023-07-18,290.15,295.26,286.01,293.34
TSLA,2023-07-19,296.04,299.29,289.52,291.26
TSLA,2023-07-20,279.56,280.93,261.2,262.9
TSLA,2023-07-21,268.0,268.0,255.8,260.02
TSLA,2023-07-24,255.85,269.85,254.12,269.06
TSLA,2023-07-25,272.38,272.9,265.0,265.28
TSLA,2023-07-26,263.25,268.04,261.75,264.35
TSLA,2023-07-27,268.31,269.13,255.3,255.71
TSLA,2023-07-28,259.86,267.25,258.231,266.44
TSLA,2023-07-31,267.48,269.08,263.78,267.43
TSLA,2023-08-01,266.26,266.47,260.25,261.07
TSLA,2023-08-02,255.57,259.52,250.49,254.11
TSLA,2023-08-03,252.04,260.49,252.0,259.32
TSLA,2023-08-04,260.97,264.77,253.11,253.86
TSLA,2023-08-07,251.45,253.651,242.76,251.45
TSLA,2023-08-08,247.45,250.92,245.01,249.7
TSLA,2023-08-09,250.87,251.1,241.9,242.19
TSLA,2023-08-10,245.4,251.8,243.0,245.34
TSLA,2023-08-11,241.77,243.79,238.02,242.65
TSLA,2023-08-14,235.7,240.66,233.75,239.76
TSLA,2023-08-15,238.73,240.5,232.61,232.96
TSLA,2023-08-16,228.02,233.97,225.38,225.6
TSLA,2023-08-17,226.06,226.74,218.83,219.22
TSLA,2023-08-18,214.12,217.58,212.36,215.49
TSLA,2023-08-21,221.551,232.134,220.58,231.28
TSLA,2023-08-22,240.25,240.82,229.55,233.19
TSLA,2023-08-23,229.34,238.98,229.29,236.86
TSLA,2023-08-24,238.66,238.92,228.18,230.04
TSLA,2023-08-25,231.31,239.0,230.35,238.59
TSLA,2023-08-28,242.58,244.38,235.35,238.82
TSLA,2023-08-29,238.58,257.48,237.77,257.18
TSLA,2023-08-30,254.2,260.51,250.59,256.9
TSLA,2023-08-31,255.98,261.18,255.05,258.08
TSLA,2023-09-01,257.26,259.079,242.01,245.01
TSLA,2023-09-05,245.0,258.0,244.86,256.49
TSLA,2023-09-06,255.135,255.39,245.06,251.92
TSLA,2023-09-07,245.07,252.81,243.265,251.49
TSLA,2023-09-08,251.22,256.52,246.67,248.5
TSLA,2023-09-11,264.27,274.85,260.61,273.58
TSLA,2023-09-12,270.76,278.39,266.6,267.48
TSLA,2023-09-13,270.07,274.98,268.1,271.3
TSLA,2023-09-14,271.32,276.709,270.42,276.04
TSLA,2023-09-15,277.55,278.98,271.0,274.39
TSLA,2023-09-18,271.16,271.44,263.76,265.28
TSLA,2023-09-19,264.35,267.85,261.2,266.5
TSLA,2023-09-20,267.04,273.93,262.461,262.59
TSLA,2023-09-21,257.85,260.86,254.21,255.7
TSLA,2023-09-22,257.4,257.789,244.48,244.88
TSLA,2023-09-25,243.38,247.1,238.31,246.99
TSLA,2023-09-26,242.98,249.55,241.66,244.12
TSLA,2023-09-27,244.262,245.33,234.58,240.5
TSLA,2023-09-28,240.02,247.55,238.65,246.38
TSLA,2023-09-29,250.0,254.77,246.35,250.22
TSLA,2023-10-02,244.81,254.28,242.62,251.6
TSLA,2023-10-03,248.61,250.02,244.45,246.53
TSLA,2023-10-04,248.14,261.86,247.6,261.16
TSLA,2023-10-05,260.0,263.6,256.25,260.05
TSLA,2023-10-06,253.98,261.65,250.65,260.53
TSLA,2023-10-09,255.31,261.36,252.05,259.67
TSLA,2023-10-10,257.75,268.94,257.65,263.62
TSLA,2023-10-11,266.2,268.6,260.9,262.99
TSLA,2023-10-12,262.92,265.41,256.631,258.87
TSLA,2023-10-13,258.9,259.6,250.22,251.12
TSLA,2023-10-16,250.05,255.4,248.48,253.92
TSLA,2023-10-17,250.1,257.183,247.08,254.85
TSLA,2023-10-18,252.7,254.63,242.08,242.68
TSLA,2023-10-19,225.95,230.61,216.78,220.11
TSLA,2023-10-20,217.01,218.861,210.42,211.99
TSLA,2023-10-23,210.0,216.98,202.51,212.08
TSLA,2023-10-24,216.5,222.05,214.11,216.52
TSLA,2023-10-25,215.88,220.1,212.2,212.42
TSLA,2023-10-26,211.32,214.8,204.88,205.76
TSLA,2023-10-27,210.6,212.41,205.77,207.3
TSLA,2023-10-30,209.28,210.88,194.67,197.36
TSLA,2023-10-31,196.12,202.8,194.07,200.84
TSLA,2023-11-01,204.04,205.99,197.85,205.66
TSLA,2023-11-02,212.97,219.2,211.45,218.51
TSLA,2023-11-03,221.15,226.37,218.4,219.96
TSLA,2023-11-06,223.98,226.32,215.0,219.27
TSLA,2023-11-07,219.98,223.12,215.72,222.18
TSLA,2023-11-08,223.15,224.15,217.64,222.11
TSLA,2023-11-09,219.75,220.8,206.68,209.98
TSLA,2023-11-10,210.03,215.38,205.69,214.65
TSLA,2023-11-13,215.6,225.4,211.61,223.71
TSLA,2023-11-14,235.03,238.135,230.72,237.41
TSLA,2023-11-15,239.29,246.7,236.45,242.84
TSLA,2023-11-16,239.49,240.88,230.96,233.59
TSLA,2023-11-17,232.0,237.39,226.54,234.3
TSLA,2023-11-20,234.04,237.1,231.02,235.6
TSLA,2023-11-21,235.04,243.62,233.34,241.2
TSLA,2023-11-22,242.04,244.01,231.4,234.21
TSLA,2023-11-24,233.75,238.75,232.33,235.45
TSLA,2023-11-27,236.89,238.33,232.1,236.08
TSLA,2023-11-28,236.68,247.0,234.01,246.72
TSLA,2023-11-29,249.21,252.75,242.76,244.14
TSLA,2023-11-30,245.14,245.22,236.91,240.08
TSLA,2023-12-01,233.14,240.19,231.9,238.83
TSLA,2023-12-04,235.75,239.373,233.29,235.58
TSLA,2023-12-05,233.87,246.66,233.7,238.72
TSLA,2023-12-06,242.92,246.57,239.171,239.37
TSLA,2023-12-07,241.55,244.08,236.98,242.64
TSLA,2023-12-08,240.27,245.27,239.27,243.84
TSLA,2023-12-11,242.74,243.441,237.45,239.74
TSLA,2023-12-12,238.55,238.99,233.87,237.01
TSLA,2023-12-13,234.19,240.3,228.2,239.29
TSLA,2023-12-14,241.22,253.88,240.79,251.05
TSLA,2023-12-15,251.21,254.13,248.3,253.5
TSLA,2023-12-18,253.78,258.74,251.36,252.08
TSLA,2023-12-19,253.48,258.34,253.01,257.22
TSLA,2023-12-20,256.41,259.84,247.0,247.14
TSLA,2023-12-21,251.9,254.8,248.55,254.5
TSLA,2023-12-22,256.76,258.22,251.37,252.54
TSLA,2023-12-26,254.49,257.97,252.91,256.61
TSLA,2023-12-27,258.35,263.34,257.52,261.44
TSLA,2023-12-28,263.66,265.13,252.71,253.18
TSLA,2023-12-29,255.1,255.19,247.43,248.48
TSLA,2024-01-02,250.08,251.25,244.41,248.42
TSLA,2024-01-03,244.98,245.68,236.32,238.45
TSLA,2024-01-04,239.25,242.7,237.73,237.93
TSLA,2024-01-05,236.86,240.12,234.9,237.49
TSLA,2024-01-08,236.14,241.25,235.3,240.45
TSLA,2024-01-09,238.11,238.965,232.04,234.96
TSLA,2024-01-10,235.1,235.5,231.29,233.94
TSLA,2024-01-11,230.57,230.93,225.37,227.22
TSLA,2024-01-12,220.08,225.34,217.15,218.89
TSLA,2024-01-16,215.1,223.49,212.18,219.91
TSLA,2024-01-17,214.86,215.67,212.01,215.55
TSLA,2024-01-18,216.88,217.45,208.74,211.88
TSLA,2024-01-19,209.99,213.19,207.56,212.19
TSLA,2024-01-22,212.26,217.8,206.27,208.8
TSLA,2024-01-23,211.3,215.65,207.752,209.14
TSLA,2024-01-24,211.88,212.73,206.77,207.83
TSLA,2024-01-25,189.7,193.0,180.06,182.63
TSLA,2024-01-26,185.5,186.78,182.1,183.25
TSLA,2024-01-29,185.63,191.48,183.67,190.93
TSLA,2024-01-30,195.33,196.359,190.61,191.59
TSLA,2024-01-31,186.995,193.97,185.846,187.29
TSLA,2024-02-01,188.5,189.88,184.28,188.86
TSLA,2024-02-02,185.04,188.69,182.0,187.91
TSLA,2024-02-05,184.26,184.68,175.01,181.06
TSLA,2024-02-06,177.21,186.49,177.11,185.1
TSLA,2024-02-07,188.18,189.79,182.68,187.58
TSLA,2024-02-08,189.0,191.617,185.58,189.56
TSLA,2024-02-09,190.18,194.12,189.48,193.57
TSLA,2024-02-12,192.11,194.73,187.28,188.13
TSLA,2024-02-13,183.99,187.26,182.109,184.02
TSLA,2024-02-14,185.3,188.89,183.35,188.71
TSLA,2024-02-15,189.16,200.88,188.859,200.45
TSLA,2024-02-16,202.06,203.17,197.4,199.95
TSLA,2024-02-20,196.13,198.6,189.13,193.76
TSLA,2024-02-21,193.36,199.44,191.95,194.77
TSLA,2024-02-22,194.0,198.32,191.36,197.41
TSLA,2024-02-23,195.31,197.57,191.5,191.97
TSLA,2024-02-26,192.29,201.78,192.0,199.4
TSLA,2024-02-27,204.04,205.6,198.26,199.73
TSLA,2024-02-28,200.42,205.3,198.44,202.04
TSLA,2024-02-29,204.18,205.28,198.446,201.88
TSLA,2024-03-01,200.52,204.52,198.5,202.64
TSLA,2024-03-04,198.73,199.75,186.72,188.14
TSLA,2024-03-05,183.05,184.59,177.57,180.74
TSLA,2024-03-06,179.99,181.576,173.7,176.54
TSLA,2024-03-07,174.35,180.04,173.7,178.65
TSLA,2024-03-08,181.5,182.73,174.7,175.34
TSLA,2024-03-11,175.445,182.87,174.8,177.77
TSLA,2024-03-12,177.77,179.43,172.41,177.54
TSLA,2024-03-13,173.05,176.05,169.15,169.48
TSLA,2024-03-14,167.77,171.17,160.51,162.5
TSLA,2024-03-15,163.16,165.184,160.76,163.57
TSLA,2024-03-18,170.02,174.72,165.9,173.8
TSLA,2024-03-19,172.36,172.82,167.42,171.32
TSLA,2024-03-20,173.0,176.25,170.82,175.66
TSLA,2024-03-21,176.39,178.18,171.8,172.82
TSLA,2024-03-22,166.69,171.2,166.3,170.83
TSLA,2024-03-25,168.76,175.24,168.73,172.63
TSLA,2024-03-26,178.58,184.25,177.38,177.67
TSLA,2024-03-27,181.41,181.91,176.0,179.83
TSLA,2024-03-28,177.45,179.57,175.3,175.79
TSLA,2024-04-01,176.17,176.75,170.21,175.22
TSLA,2024-04-02,164.75,167.69,163.43,166.63
TSLA,2024-04-03,164.02,168.82,163.28,168.38
TSLA,2024-04-04,170.07,177.19,168.01,171.11
TSLA,2024-04-05,169.08,170.86,160.51,164.9
TSLA,2024-04-08,169.34,174.5,167.79,172.98
TSLA,2024-04-09,172.91,179.22,171.92,176.88
TSLA,2024-04-10,173.04,174.93,170.01,171.76
TSLA,2024-04-11,172.55,175.88,168.51,174.6
TSLA,2024-04-12,172.34,173.81,170.364,171.05
TSLA,2024-04-15,170.24,170.69,161.38,161.48
TSLA,2024-04-16,156.742,158.19,153.75,157.11
TSLA,2024-04-17,157.64,158.33,153.78,155.45
TSLA,2024-04-18,151.25,152.2,148.7,149.93
TSLA,2024-04-19,148.97,150.94,146.22,147.01
TSLA,2024-04-22,140.56,144.44,138.803,142.05
TSLA,2024-04-23,143.33,147.26,141.11,144.68
TSLA,2024-04-24,162.84,167.97,157.51,162.13
TSLA,2024-04-25,158.96,170.88,158.36,170.18
TSLA,2024-04-26,168.85,172.12,166.37,168.29
TSLA,2024-04-29,188.42,198.87,184.54,194.05
TSLA,2024-04-30,186.98,190.95,182.84,183.28
TSLA,2024-05-01,182.0,185.86,179.01,179.99
TSLA,2024-05-02,182.86,184.6,176.02,180.01
TSLA,2024-05-03,182.1,184.78,178.42,181.19
TSLA,2024-05-06,183.8,187.56,182.2,184.76
TSLA,2024-05-07,182.4,183.26,177.4,177.81
TSLA,2024-05-08,171.59,176.06,170.15,174.72
TSLA,2024-05-09,175.01,175.62,171.37,171.97
TSLA,2024-05-10,173.05,173.06,167.75,168.47
TSLA,2024-05-13,170.0,175.4,169.0,171.89
TSLA,2024-05-14,174.496,179.49,174.07,177.55
TSLA,2024-05-15,179.9,180.0,173.11,173.99
TSLA,2024-05-16,174.1,175.79,171.43,174.84
TSLA,2024-05-17,173.55,179.63,172.75,177.46
TSLA,2024-05-20,177.56,177.754,173.52,174.95
TSLA,2024-05-21,175.51,186.875,174.71,186.6
TSLA,2024-05-22,182.85,183.8,178.12,180.11
TSLA,2024-05-23,181.8,181.9,173.26,173.74
TSLA,2024-05-24,174.835,180.08,173.73,179.24
TSLA,2024-05-28,176.4,178.25,173.16,176.75
TSLA,2024-05-29,174.19,178.15,173.93,176.19
TSLA,2024-05-30,178.575,182.67,175.38,178.79
TSLA,2024-05-31,178.5,180.32,173.82,178.08
TSLA,2024-06-03,178.13,182.639,174.49,176.29
TSLA,2024-06-04,174.775,177.755,174.0,174.77
TSLA,2024-06-05,175.35,176.15,172.13,175.0
TSLA,2024-06-06,174.6,179.73,172.73,177.94
TSLA,2024-06-07,176.13,179.35,175.58,177.48
TSLA,2024-06-10,176.06,178.57,173.17,173.79
TSLA,2024-06-11,173.92,174.75,167.41,170.66
TSLA,2024-06-12,171.12,180.55,169.8,177.19
TSLA,2024-06-13,188.39,191.08,181.23,182.56
TSLA,2024-06-14,185.8,186.0,176.92,178.01
TSLA,2024-06-17,177.92,188.81,177.0,187.44
TSLA,2024-06-18,186.56,187.2,182.37,184.86
TSLA,2024-06-20,184.68,185.21,179.66,181.57
TSLA,2024-06-21,182.3,183.95,180.69,183.04
TSLA,2024-06-24,184.97,188.38,182.55,182.66
TSLA,2024-06-25,184.4,187.97,182.01,187.44
TSLA,2024-06-26,186.54,197.755,186.36,196.37
TSLA,2024-06-27,195.17,198.72,194.05,197.42
TSLA,2024-06-28,199.55,203.2,195.26,198.0
TSLA,2024-07-01,201.02,213.23,200.85,209.86
TSLA,2024-07-02,218.89,231.3,218.06,231.26
TSLA,2024-07-03,234.56,248.35,234.25,246.39
TSLA,2024-07-05,249.81,252.37,242.46,251.46
TSLA,2024-07-08,247.71,259.439,244.57,252.94
TSLA,2024-07-09,251.0,265.61,250.3,262.33
TSLA,2024-07-10,262.8,267.58,257.86,263.26
TSLA,2024-07-11,263.3,271.0,239.65,240.87
TSLA,2024-07-12,235.8,251.84,233.091,248.33
TSLA,2024-07-15,255.97,265.6,251.73,252.84
TSLA,2024-07-16,255.31,258.62,245.8,256.66
TSLA,2024-07-17,252.73,258.45,246.182,248.48
TSLA,2024-07-18,251.09,257.14,247.2,249.23
TSLA,2024-07-19,247.79,249.01,236.83,239.2
TSLA,2024-07-22,244.21,253.21,243.75,251.51
TSLA,2024-07-23,253.6,255.759,245.63,246.38
TSLA,2024-07-24,225.42,225.99,214.71,215.48
TSLA,2024-07-25,216.8,226.0,216.231,220.249
TSLA,2024-07-26,221.19,222.28,215.33,219.8
TSLA,2024-07-29,224.9,234.27,224.7,232.125
TSLA,2024-07-30,232.25,232.41,220.0,222.68
TSLA,2024-07-31,227.9,234.68,226.788,232.1
TSLA,2024-08-01,227.69,231.85,214.333,216.96
TSLA,2024-08-02,214.88,216.11,205.78,207.68
TSLA,2024-08-05,185.16,203.88,182.0,198.88
TSLA,2024-08-06,200.75,202.9,192.7,200.64
TSLA,2024-08-07,200.77,203.49,191.48,191.82
TSLA,2024-08-08,195.7,200.7,192.04,198.98
TSLA,2024-08-09,197.05,200.88,195.11,200.0
TSLA,2024-08-12,199.02,199.26,194.75,197.52
TSLA,2024-08-13,198.47,208.49,197.06,207.83
TSLA,2024-08-14,207.39,208.44,198.75,201.38
TSLA,2024-08-15,205.02,215.88,204.82,214.14
TSLA,2024-08-16,211.15,219.8,210.88,216.12
TSLA,2024-08-19,217.07,222.98,214.09,222.855
TSLA,2024-08-20,224.88,228.22,219.56,221.093
TSLA,2024-08-21,222.67,224.659,218.86,223.27
TSLA,2024-08-22,223.82,224.8,210.32,210.66
TSLA,2024-08-23,214.455,221.48,214.21,220.32
TSLA,2024-08-26,218.75,219.09,211.01,213.235
TSLA,2024-08-27,213.25,215.66,206.94,209.21
TSLA,2024-08-28,209.72,211.84,202.59,205.75
TSLA,2024-08-29,209.8,214.89,205.97,206.294
TSLA,2024-08-30,208.63,214.57,207.03,214.11
TSLA,2024-09-03,215.19,219.86,209.64,210.66
TSLA,2024-09-04,210.59,222.22,210.57,219.41
TSLA,2024-09-05,223.49,235.0,222.25,230.19
TSLA,2024-09-06,232.6,233.6,210.56,210.57
TSLA,2024-09-09,216.2,219.87,213.67,216.48
TSLA,2024-09-10,220.02,226.4,218.638,226.17
TSLA,2024-09-11,224.55,228.47,216.8,228.205
TSLA,2024-09-12,224.66,231.45,223.83,229.795
TSLA,2024-09-13,228.0,232.6,226.32,230.29
TSLA,2024-09-16,229.3,229.96,223.53,226.743
TSLA,2024-09-17,229.45,234.57,226.553,227.87
TSLA,2024-09-18,230.09,235.68,226.88,227.2
TSLA,2024-09-19,234.0,244.24,232.13,243.87
TSLA,2024-09-20,241.52,243.99,235.92,238.33
TSLA,2024-09-23,242.61,250.0,241.92,250.0
TSLA,2024-09-24,254.09,257.19,249.05,254.27
TSLA,2024-09-25,252.54,257.05,252.28,257.02
TSLA,2024-09-26,260.6,261.75,251.53,254.22
TSLA,2024-09-27,257.375,260.7,254.12,260.46
TSLA,2024-09-30,259.04,264.86,255.77,261.62
TSLA,2024-10-01,262.67,263.98,248.53,258.01
TSLA,2024-10-02,247.55,251.158,241.5,249.02
TSLA,2024-10-03,244.48,249.77,237.81,240.67
TSLA,2024-10-04,246.69,250.96,244.58,250.08
TSLA,2024-10-07,249.0,249.83,240.72,240.84
TSLA,2024-10-08,243.56,246.21,240.56,244.5
TSLA,2024-10-09,243.82,247.43,239.51,241.05
TSLA,2024-10-10,241.81,242.79,232.42,238.69
TSLA,2024-10-11,220.13,223.34,214.38,217.8
TSLA,2024-10-14,220.13,221.91,213.74,219.16
TSLA,2024-10-15,220.01,224.26,217.12,219.57
TSLA,2024-10-16,221.4,222.82,218.93,221.33
TSLA,2024-10-17,221.59,222.08,217.9,220.89
TSLA,2024-10-18,220.71,222.28,219.23,220.7
TSLA,2024-10-21,218.9,220.48,215.726,218.85
TSLA,2024-10-22,217.31,218.22,215.26,217.97
TSLA,2024-10-23,217.125,218.72,212.11,213.65
TSLA,2024-10-24,244.68,262.12,242.65,260.48
TSLA,2024-10-25,256.01,269.49,255.32,269.235
TSLA,2024-10-28,270.0,273.536,262.24,262.51
TSLA,2024-10-29,264.51,264.98,255.51,259.52
TSLA,2024-10-30,258.035,263.35,255.84,257.65
TSLA,2024-10-31,257.99,259.75,249.25,249.85
TSLA,2024-11-01,252.043,254.0,246.63,248.98
TSLA,2024-11-04,244.56,248.9,239.08,242.83
TSLA,2024-11-05,247.34,255.28,246.21,251.44
TSLA,2024-11-06,284.67,289.59,275.71,288.1
TSLA,2024-11-07,288.89,299.75,285.88,296.91
TSLA,2024-11-08,299.14,328.71,297.66,321.22
TSLA,2024-11-11,346.3,358.64,336.0,350.73
TSLA,2024-11-12,342.74,345.84,323.31,328.64
TSLA,2024-11-13,335.85,344.6,322.5,330.24
TSLA,2024-11-14,327.69,329.98,310.37,311.18
TSLA,2024-11-15,310.57,324.68,309.3,320.72
TSLA,2024-11-18,340.73,348.55,330.01,338.74
TSLA,2024-11-19,335.76,347.37,332.75,346.0
TSLA,2024-11-20,345.0,346.6,334.3,342.03
TSLA,2024-11-21,343.81,347.99,335.28,339.64
TSLA,2024-11-22,341.123,361.53,337.77,352.56
TSLA,2024-11-25,360.14,361.93,338.2,338.59
TSLA,2024-11-26,341.0,346.96,335.66,338.23
TSLA,2024-11-27,341.8,342.55,326.59,332.89
TSLA,2024-11-29,336.08,345.45,334.65,345.16
TSLA,2024-12-02,352.38,360.0,351.15,357.095
TSLA,2024-12-03,351.8,355.69,348.2,351.42
TSLA,2024-12-04,353.0,358.1,348.6,357.93
TSLA,2024-12-05,359.87,375.43,359.5,369.49
TSLA,2024-12-06,377.42,389.49,370.8,389.22
TSLA,2024-12-09,397.61,404.8,378.01,389.79
TSLA,2025-01-27,394.8,406.69,389.0,397.15
TSLA,2025-01-28,396.91,400.59,386.5,398.09
TSLA,2025-01-29,395.21,398.59,384.48,389.1
TSLA,2025-01-30,410.78,412.5,384.41,400.28
TSLA,2025-01-31,401.53,419.99,401.34,404.6
TSLA,2025-02-03,386.68,389.17,374.36,383.68
TSLA,2025-02-04,382.63,394.0,381.4,392.21
TSLA,2025-02-05,387.51,388.39,375.53,378.17
TSLA,2025-02-06,373.03,375.4,363.18,374.32
TSLA,2025-02-07,370.19,380.546,360.34,361.62
TSLA,2025-02-10,356.21,362.7,350.51,350.73
TSLA,2025-02-11,345.8,349.37,325.1,328.5
TSLA,2025-02-12,329.94,346.4,329.12,336.51
TSLA,2025-02-13,345.0,358.69,342.85,355.94
TSLA,2025-02-14,360.62,362.0,347.5,355.84
TSLA,2025-02-18,355.01,359.1,350.02,354.11
TSLA,2025-02-19,354.0,367.34,353.67,360.56
TSLA,2025-02-20,361.51,362.3,348.0,354.4
TSLA,2025-02-21,353.44,354.98,334.42,337.8
TSLA,2025-02-24,338.14,342.397,324.7,330.4
TSLA,2025-02-25,327.025,328.89,297.251,302.8
TSLA,2025-02-26,303.715,308.75,288.04,290.8
TSLA,2025-02-27,291.16,297.23,280.88,281.96
TSLA,2025-02-28,279.5,293.62,273.6,293.045
TSLA,2025-03-03,300.34,303.91,277.3,284.79
TSLA,2025-03-04,270.8,284.35,261.85,272.0
TSLA,2025-03-05,272.92,279.55,267.87,279.1
TSLA,2025-03-06,272.06,272.65,260.02,263.45
TSLA,2025-03-07,259.32,266.25,250.73,262.65
TSLA,2025-03-10,252.535,253.37,220.0,222.08
TSLA,2025-03-11,225.305,237.065,217.02,230.58
TSLA,2025-03-12,247.22,251.84,241.1,248.09
TSLA,2025-03-13,248.125,248.29,234.0,240.68
TSLA,2025-03-14,247.31,251.58,240.73,249.98
TSLA,2025-03-17,245.055,245.4,232.8,237.915
TSLA,2025-03-18,228.155,230.1,222.28,225.31
TSLA,2025-03-19,231.61,241.41,229.201,235.86
TSLA,2025-03-20,233.345,238.0,230.05,236.106
TSLA,2025-03-21,234.985,249.52,234.55,249.14
TSLA,2025-03-24,258.075,278.64,256.5,278.39
TSLA,2025-03-25,283.6,288.2,271.28,287.992
TSLA,2025-03-26,282.66,284.88,266.51,272.06
TSLA,2025-03-27,272.48,291.85,271.822,273.13
TSLA,2025-03-28,275.575,276.1,260.57,263.55
TSLA,2025-03-31,249.31,260.56,243.4,259.12
TSLA,2025-04-01,263.8,277.45,259.261,268.46
TSLA,2025-04-02,254.6,284.99,251.27,282.707
TSLA,2025-04-03,265.29,276.29,261.51,267.28
TSLA,2025-04-04,255.38,261.0,236.03,239.34
TSLA,2025-04-07,223.78,252.0,215.0,233.29
TSLA,2025-04-08,245.0,250.37,217.8,221.59
TSLA,2025-04-09,224.58,274.69,223.92,272.145
TSLA,2025-04-10,260.0,262.28,239.33,252.4
TSLA,2025-04-11,251.94,257.7,241.363,252.239
TSLA,2025-04-14,258.36,261.8,245.93,252.35
TSLA,2025-04-15,249.91,258.74,247.54,254.11
TSLA,2025-04-16,247.75,251.97,233.89,241.55
TSLA,2025-04-17,243.47,244.24,237.692,241.38
TSLA,2025-04-21,230.26,232.21,222.79,227.5
TSLA,2025-04-22,230.96,242.79,229.85,237.97
TSLA,2025-04-23,254.86,259.45,244.5,250.665
TSLA,2025-04-24,250.5,259.54,249.2,259.51
TSLA,2025-04-25,261.69,286.85,259.66,284.95
TSLA,2025-04-28,288.98,294.86,272.42,285.88
TSLA,2025-04-29,285.5,293.32,279.47,292.03
TSLA,2025-04-30,279.908,284.45,270.78,282.07
TSLA,2025-05-01,280.01,290.869,279.81,280.52
TSLA,2025-05-02,284.9,294.78,279.81,287.21
TSLA,2025-05-05,284.57,284.849,274.4,280.26
TSLA,2025-05-06,273.105,277.73,271.35,275.35
TSLA,2025-05-07,276.88,277.92,271.0,276.22
TSLA,2025-05-08,279.63,289.8,279.41,284.82
TSLA,2025-05-09,290.21,307.04,290.02,298.26
TSLA,2025-05-12,321.99,322.2,311.5,318.595
TSLA,2025-05-13,320.0,337.589,316.8,334.07
TSLA,2025-05-14,342.5,350.0,337.0,347.68
TSLA,2025-05-15,340.34,346.139,334.715,342.89
TSLA,2025-05-16,346.17,351.579,342.33,349.98
TSLA,2025-05-19,336.3,343.0,333.37,342.09
TSLA,2025-05-20,347.87,354.99,341.63,343.82
TSLA,2025-05-21,344.43,347.35,332.2,334.62
TSLA,2025-05-22,331.9,347.27,331.602,340.939
TSLA,2025-05-23,337.53,343.18,333.23,339.34
TSLA,2025-05-27,347.35,363.79,347.32,362.89
TSLA,2025-05-28,364.84,365.0,355.91,356.9
TSLA,2025-05-29,365.29,367.71,356.0,358.43
TSLA,2025-05-30,355.52,363.68,345.29,346.46
TSLA,2025-06-02,343.5,348.02,333.33,342.69
TSLA,2025-06-03,346.595,355.4,343.04,344.27
TSLA,2025-06-04,345.095,345.6,327.331,332.05
TSLA,2025-06-05,322.49,324.55,273.21,284.732
TSLA,2025-06-06,298.83,305.5,291.14,295.58
TSLA,2025-06-09,285.955,309.83,281.85,308.58
TSLA,2025-06-10,314.94,327.83,310.667,326.09
TSLA,2025-06-11,334.395,335.5,322.5,326.403
TSLA,2025-06-12,323.075,332.56,316.86,319.11
TSLA,2025-06-13,313.97,332.99,313.3,325.31
TSLA,2025-06-16,331.29,332.05,326.41,329.13
TSLA,2025-06-17,326.09,327.26,314.74,316.35
TSLA,2025-06-18,317.31,329.32,315.45,321.99
TSLA,2025-06-20,327.95,332.35,317.78,322.22
TSLA,2025-06-23,327.54,357.54,327.48,348.707
TSLA,2025-06-24,356.17,356.22,340.44,340.47
TSLA,2025-06-25,342.7,343.0,320.4,327.55
TSLA,2025-06-26,324.61,331.05,323.61,325.78
TSLA,2025-06-27,324.51,329.339,317.495,323.79
TSLA,2025-06-30,319.9,325.58,316.6,317.66
TSLA,2025-07-01,298.46,305.89,293.21,300.71
TSLA,2025-07-02,312.63,316.832,303.82,315.65
TSLA,2025-07-03,317.99,318.45,312.76,315.35
TSLA,2025-07-07,291.37,296.15,288.77,293.94
TSLA,2025-07-08,297.0,304.05,294.35,297.81
TSLA,2025-07-09,297.55,300.15,293.55,295.835
TSLA,2025-07-10,300.05,310.48,300.0,309.87
TSLA,2025-07-11,308.61,314.09,308.61,313.51
TSLA,2025-07-14,317.73,322.599,312.67,316.97
TSLA,2025-07-15,319.675,321.2,310.5,310.78
TSLA,2025-07-16,312.8,323.5,312.62,321.67
TSLA,2025-07-17,323.15,324.34,317.06,319.41
TSLA,2025-07-18,321.66,330.9,321.42,329.65
TSLA,2025-07-21,334.4,338.0,326.88,328.49
TSLA,2025-07-22,329.74,335.41,321.55,332.11
TSLA,2025-07-23,330.9,336.2,328.67,332.56
TSLA,2025-07-24,310.0,310.15,300.41,305.3
TSLA,2025-07-25,308.74,323.63,308.01,316.06
TSLA,2025-07-28,318.45,330.49,315.69,325.59
TSLA,2025-07-29,325.55,326.25,318.25,321.2
TSLA,2025-07-30,322.18,324.45,311.616,319.04
TSLA,2025-07-31,319.605,321.37,306.1,308.17
TSLA,2025-08-01,306.205,309.31,297.82,302.61
TSLA,2025-08-04,309.08,312.119,303.0,309.26
TSLA,2025-08-05,308.95,312.45,305.5,308.72
TSLA,2025-08-06,307.89,320.47,306.935,319.91
TSLA,2025-08-07,319.79,322.4,316.16,322.27
TSLA,2025-08-08,321.43,335.0,320.98,329.675
TSLA,2025-08-11,335.0,346.64,334.15,339.127
TSLA,2025-08-12,345.0,345.26,332.94,340.788
TSLA,2025-08-13,341.5,348.98,338.2,339.235
TSLA,2025-08-14,335.76,340.47,330.4,335.58
TSLA,2025-08-15,337.655,339.3,327.02,330.56
TSLA,2025-08-18,329.62,336.27,329.59,335.16
TSLA,2025-08-19,335.79,340.55,327.85,329.31
TSLA,2025-08-20,329.22,331.37,314.6,323.9
TSLA,2025-08-21,322.08,324.9,318.68,320.11
TSLA,2025-08-22,321.66,340.25,319.69,340.01
TSLA,2025-08-25,338.9,349.53,335.03,346.6
TSLA,2025-08-26,344.93,351.9,343.72,351.788
TSLA,2025-08-27,351.94,355.39,349.156,349.6
TSLA,2025-08-28,350.91,353.55,340.26,345.98
TSLA,2025-08-29,347.23,348.75,331.7,333.862
TSLA,2025-09-02,328.23,333.33,325.6,329.4
TSLA,2025-09-03,335.2,343.33,328.51,334.09
TSLA,2025-09-04,336.15,338.89,331.48,338.624
TSLA,2025-09-05,348.0,355.85,344.68,350.81
TSLA,2025-09-08,354.64,358.44,344.86,346.4
TSLA,2025-09-09,348.44,350.76,343.82,346.988
TSLA,2025-09-10,350.55,356.33,346.07,347.79
TSLA,2025-09-11,350.17,368.99,347.6,368.81
TSLA,2025-09-12,370.94,396.69,370.24,395.94
TSLA,2025-09-15,423.13,425.7,402.43,410.26
TSLA,2025-09-16,414.495,423.25,411.43,421.62
TSLA,2025-09-17,415.75,428.312,409.67,425.86
TSLA,2025-09-18,428.865,432.22,416.56,416.65
TSLA,2025-09-19,421.82,429.47,421.72,425.87
TSLA,2025-09-22,431.11,444.98,429.13,434.21
TSLA,2025-09-23,439.88,440.97,423.72,425.85
TSLA,2025-09-24,429.83,444.21,429.03,442.79
TSLA,2025-09-25,435.24,435.28,419.08,423.386
TSLA,2025-09-26,428.3,440.47,421.02,440.4
TSLA,2025-09-29,444.35,450.98,439.5,443.212
TSLA,2025-09-30,441.52,445.0,433.12,444.55
TSLA,2025-10-01,443.8,462.29,440.75,459.46
TSLA,2025-10-02,470.54,470.75,435.59,436.0
TSLA,2025-10-03,443.285,446.77,416.575,429.83
TSLA,2025-10-06,440.75,453.55,436.69,453.25
TSLA,2025-10-07,447.82,452.68,432.4501,433.09
TSLA,2025-10-08,437.57,441.33,425.23,438.69
TSLA,2025-10-09,431.81,436.35,426.18,435.54
TSLA,2025-10-10,436.54,443.13,411.45,413.49
TSLA,2025-10-13,423.53,436.89,419.7,435.888
TSLA,2025-10-14,426.79,434.2,417.86,429.24
TSLA,2025-10-15,434.9,440.51,426.3301,435.19
TSLA,2025-10-16,434.73,439.35,421.3101,428.75
TSLA,2025-10-17,425.5,441.4558,423.6,439.31
TSLA,2025-10-20,443.865,449.8,440.61,447.43
TSLA,2025-10-21,445.755,449.3,442.05,442.6
TSLA,2025-10-22,443.45,445.539,429.0,438.97
TSLA,2025-10-23,420.0,449.3999,413.9,448.98
TSLA,2025-10-24,446.83,451.68,430.17,433.618
TSLA,2025-10-27,439.98,460.16,438.69,452.38
TSLA,2025-10-28,454.775,467.0,451.6,460.595
TSLA,2025-10-29,462.5,465.7,452.65,461.45
TSLA,2025-10-30,451.05,455.0607,439.61,440.03
TSLA,2025-10-31,446.75,457.73,443.6855,456.56
TSLA,2025-11-03,455.99,474.07,453.8,468.8
TSLA,2025-11-04,454.46,460.22,443.6,444.26
TSLA,2025-11-05,452.05,466.3299,440.71,462.07
TSLA,2025-11-06,461.96,467.45,435.09,445.91
TSLA,2025-11-07,437.92,439.36,421.88,429.52
TSLA,2025-11-10,439.6,449.6715,433.36,445.31
TSLA,2025-11-11,439.4,442.49,432.36,439.4
TSLA,2025-11-12,442.15,442.329,426.56,430.6
TSLA,2025-11-13,423.13,424.5,396.34,401.88
TSLA,2025-11-14,386.3,412.19,382.78,404.3
TSLA,2025-11-17,398.74,423.96,398.74,408.95
TSLA,2025-11-18,405.38,408.9,393.71,401.25
TSLA,2025-11-19,406.18,411.78,398.5,404.07
TSLA,2025-11-20,414.63,428.94,394.74,395.06
TSLA,2025-11-21,402.32,402.8,383.76,391.09
TSLA,2025-11-24,402.17,421.72,401.09,417.5
TSLA,2025-11-25,414.42,420.48,405.95,419.4
TSLA,2025-11-26,423.95,426.94,416.89,426.5
TSLA,2025-11-28,426.59,432.93,426.2,430.17
TSLA,2025-12-01,425.32,433.6599,425.29,430.14
TSLA,2025-12-02,430.81,436.8,422.12,429.24
TSLA,2025-12-03,432.1,447.92,431.11,446.88
TSLA,2025-12-04,449.94,454.63,445.39,454.48
TSLA,2025-12-05,453.03,458.87,451.66,454.94
TSLA,2025-12-08,447.445,449.7463,435.25,439.58
TSLA,2025-12-09,437.54,452.39,435.7,445.2633
TSLA,2025-12-10,446.065,456.88,443.61,451.45
TSLA,2025-12-11,448.945,449.2699,440.33,446.8659
TSLA,2025-12-12,448.09,463.01,441.67,458.96
TSLA,2025-12-15,469.44,481.7694,467.66,475.08
TSLA,2025-12-16,472.21,491.5,465.83,489.88
TSLA,2025-12-17,488.22,495.2799,466.2,467.215
TSLA,2025-12-18,478.16,490.86,473.12,483.395
TSLA,2025-12-19,488.12,490.49,474.72,480.89
TSLA,2025-12-22,489.88,498.83,485.33,488.73
TSLA,2025-12-23,489.395,491.97,482.84,485.56
TSLA,2025-12-24,488.48,490.9,476.8,485.4
TSLA,2025-12-26,485.23,489.08,473.82,475.19
TSLA,2025-12-29,469.0,469.4,459.0,459.64
TSLA,2025-12-30,461.09,463.12,453.83,454.24
TSLA,2025-12-31,456.1,456.55,449.3,449.72
TSLA,2026-01-02,457.8,458.34,435.3,438.07
TSLA,2026-01-05,447.99,457.5499,444.57,451.69
TSLA,2026-01-06,446.38,448.25,428.78,433.14
TSLA,2026-01-07,435.9,438.37,431.29,431.405
TSLA,2026-01-08,427.89,436.89,424.365,435.8
TSLA,2026-01-09,435.945,449.05,430.39,445.0
TSLA,2026-01-12,441.225,454.3,438.0,448.96
TSLA,2026-01-13,450.2,451.81,443.95,447.2
TSLA,2026-01-14,442.81,443.91,434.22,439.2
TSLA,2026-01-15,441.125,445.36,437.65,438.57
TSLA,2026-01-16,439.5,447.25,435.2601,437.52
TSLA,2026-01-20,429.36,430.725,417.44,419.25
TSLA,2026-01-21,421.66,438.2,419.6201,431.49
TSLA,2026-01-22,435.16,449.5,432.6293,449.39
TSLA,2026-01-23,447.425,452.43,444.04,449.06
TSLA,2026-01-26,445.0,445.04,434.28,435.2
TSLA,2026-01-27,437.41,437.52,430.691,430.9101
TSLA,2026-01-28,431.91,438.26,430.1,431.38
TSLA,2026-01-29,437.8,440.2299,414.62,416.35
TSLA,2026-01-30,425.35,439.88,422.7,430.41
TSLA,2026-02-02,421.29,427.15,414.5,421.905
TSLA,2026-02-03,424.27,428.56,413.6901,421.83
TSLA,2026-02-04,420.46,423.9,399.18,405.8
TSLA,2026-02-05,397.015,402.1,387.5309,397.21
TSLA,2026-02-06,400.87,414.55,397.751,411.11
TSLA,2026-02-09,409.905,421.25,407.29,417.17
TSLA,2026-02-10,418.08,427.25,417.0,425.21
TSLA,2026-02-11,427.955,436.35,420.03,428.605
TSLA,2026-02-12,430.3,436.23,414.0,416.85
TSLA,2026-02-13,414.305,424.06,410.88,417.5
